{
	"format_version": "1.8.0",
	"minecraft:entity": {
		"description": {
			"identifier": "custom:falconheavy",
			"is_spawnable": true,
			"is_summonable": true,
			"is_experimental": false
		},
		"component_groups": {},
		"components": {
			"minecraft:type_family": {
				"family": [
					"rockets"
				]
            },
			"minecraft:collision_box": {
				"width": 3,
				"height": 30
			},
			"minecraft:scale": {
				"value": 1
			},
			"minecraft:push_through": {
				"value": 1
			},
			"minecraft:health": {
				"value": {
					"range_min": 10,
					"range_max": 10
				}
			},
			"minecraft:navigation.walk": {
				"can_float": false
			},
			"minecraft:damage_sensor": [
				{
					"on_damage": {
						"filters": {
							"all_of": [
								{
									"test": "is_sneaking",
									"subject": "player",
									"value": true
								}
							]
						}
					},
					"deals_damage": false
				},
				{
					"on_damage": {
						"filters": {
							"all_of": [
								{
									"test": "is_sneaking",
									"subject": "player",
									"value": true
								}
							]
						}
					},
					"deals_damage": true
				}
			],
			"minecraft:jump.static": {},
			"minecraft:nameable": {},
			"minecraft:fall_damage": {
				"value": 0
			},
			"minecraft:is_stackable": {},
			"minecraft:knockback_resistance": {
				"value": 1
			},
			"minecraft:physics": {},
			"minecraft:movement.basic": {}
		},
		"minecraft:movement.basic": {}
	},
	"events": {}
}
