{
	"format_version": "1.8.0",
	"minecraft:entity": {
		"description": {
			"identifier": "custom:dragon",
			"is_spawnable": true,
			"is_summonable": true,
			"is_experimental": false
		},
		"component_groups": {},
		"components": {
			"minecraft:type_family": {
				"family": [
					"rockets"
				]
            },
			"minecraft:collision_box": {
				"width": 3,
				"height": 40
			},
			"minecraft:scale": {
				"value": 1
			},
			"minecraft:push_through": {
				"value": 1
			},
			"minecraft:health": {
				"value": {
					"range_min": 10,
					"range_max": 10
				}
			},
            "minecraft:rideable": {
                "priority": 0,
                "seat_count": 1,
                "crouching_skip_interact": true,
                "family_types": [
                    "player"
                ],
                "interact_text": "Board",
                "seats": [
                    {
                        "position": [
                            0,
                            42,
                            0
                        ]
                    }
                ]
            },
            "minecraft:damage_sensor": [
				{
					"on_damage": {
						"filters": {
							"all_of": [
								{
									"test": "is_sneaking",
									"subject": "player",
									"value": true
								}
							]
						}
					},
					"deals_damage": false
				},
				{
					"on_damage": {
						"filters": {
							"all_of": [
								{
									"test": "is_sneaking",
									"subject": "player",
									"value": true
								}
							]
						}
					},
					"deals_damage": true
				}
			],
			"minecraft:jump.static": {},
            "minecraft:movement": {
                "value": 0
            },
			"minecraft:nameable": {},
			"minecraft:fall_damage": {
				"value": 0
			},
			"minecraft:is_stackable": {},
			"minecraft:knockback_resistance": {
				"value": 1
			},
            "minecraft:input_ground_controlled": {},
            "minecraft:can_power_jump": {},
            "minecraft:horse.jump_strength": {
              "value": {
                "range_min": 20,
                "range_max": 200
              }
            },
			"minecraft:physics": {}
		}
	},
	"events": {}
}
