{
	"format_version": "1.12.0",
	"minecraft:geometry": [
		{
			"description": {
				"identifier": "geometry.custom.applarolounge",
				"texture_width": 128,
				"texture_height": 128,
				"visible_bounds_width": 10,
				"visible_bounds_height": 4.5,
				"visible_bounds_offset": [0, 0.75, 0]
			},
			"bones": [
				{
					"name": "bone",
					"pivot": [-8, 0, 0],
					"cubes": [
						{"origin": [6, -0.25, -8], "size": [2, 8, 1], "inflate": -0.25, "uv": [4, 3]},
						{"origin": [7, -0.25, -7.5], "size": [1, 8, 1.5], "inflate": -0.25, "uv": [0, 3]},
						{"origin": [-8, -0.25, -7.5], "size": [1, 8, 1.5], "inflate": -0.25, "uv": [0, 3]},
						{"origin": [-8, 5.75, -6.5], "size": [1, 2, 29], "inflate": -0.25, "uv": [30, 0]},
						{"origin": [7, 5.75, -6.5], "size": [1, 2, 29], "inflate": -0.25, "uv": [30, 0]},
						{"origin": [-8, 0.75, 22], "size": [1, 7, 1.5], "inflate": -0.25, "uv": [16, 3]},
						{"origin": [7.5, 0, 21.25], "size": [1, 3, 3], "inflate": -0.25, "uv": [0, 19]},
						{"origin": [-8.5, 0, 21.25], "size": [1, 3, 3], "inflate": -0.25, "uv": [0, 19]},
						{"origin": [7, 0.75, 22], "size": [1, 7, 1.5], "inflate": -0.25, "uv": [16, 3]},
						{"origin": [-8, -0.25, -8], "size": [2, 8, 1], "inflate": -0.25, "uv": [4, 3]},
						{"origin": [-6.5, 5.75, -8], "size": [13, 2, 1], "inflate": -0.25, "uv": [0, 16]},
						{"origin": [-6.5, 7.25, -8], "size": [13, 1, 2], "inflate": -0.25, "uv": [30, 0]},
						{"origin": [-6.5, 7.25, -6], "size": [13, 1, 2], "inflate": -0.25, "uv": [0, 25]},
						{"origin": [-6.5, 7.25, -4.25], "size": [13, 1, 2], "inflate": -0.25, "uv": [0, 0]},
						{"origin": [-6.5, 7.25, -2.5], "size": [13, 1, 2], "inflate": -0.25, "uv": [0, 0]},
						{"origin": [-6.5, 7.25, -0.75], "size": [13, 1, 2], "inflate": -0.25, "uv": [0, 25]},
						{"origin": [-6.5, 7.25, 1], "size": [13, 1, 2], "inflate": -0.25, "uv": [0, 0]},
						{"origin": [-6.5, 7.25, 2.75], "size": [13, 1, 2], "inflate": -0.25, "uv": [0, 25]},
						{"origin": [-6.5, 7.25, 4.5], "size": [13, 1, 2], "inflate": -0.25, "uv": [0, 0]},
						{"origin": [-6.5, 7.25, 6.25], "size": [13, 1, 2], "inflate": -0.25, "uv": [0, 28]},
						{"origin": [-6.5, 7.25, 8], "size": [13, 1, 2], "inflate": -0.25, "uv": [0, 0]},
						{"origin": [-6.5, 7.25, 9.75], "size": [13, 1, 2], "inflate": -0.25, "uv": [0, 0]},
						{"origin": [-6.5, 7.25, 11.5], "size": [13, 1, 2], "inflate": -0.25, "pivot": [-7.75, 8, 11.75], "rotation": [40, 0, 0], "uv": [0, 28]},
						{"origin": [-6.5, 7.25, 13.25], "size": [13, 1, 2], "inflate": -0.25, "pivot": [-6.25, 8, 11.75], "rotation": [40, 0, 0], "uv": [0, 25]},
						{"origin": [-6.5, 7.25, 15], "size": [13, 1, 2], "inflate": -0.25, "pivot": [-6.25, 8, 11.75], "rotation": [40, 0, 0], "uv": [0, 0]},
						{"origin": [-6.5, 7.25, 16.75], "size": [13, 1, 2], "inflate": -0.25, "pivot": [-6.25, 8, 11.75], "rotation": [40, 0, 0], "uv": [0, 28]},
						{"origin": [-6.5, 7.25, 18.5], "size": [13, 1, 2], "inflate": -0.25, "pivot": [-6.25, 8, 11.75], "rotation": [40, 0, 0], "uv": [0, 25]},
						{"origin": [-6.5, 7.25, 20.25], "size": [13, 1, 2], "inflate": -0.25, "pivot": [-6.25, 8, 11.75], "rotation": [40, 0, 0], "uv": [0, 0]},
						{"origin": [-6.5, 7.25, 22], "size": [13, 1, 2], "inflate": -0.25, "pivot": [-6.25, 8, 11.75], "rotation": [40, 0, 0], "uv": [30, 0]},
						{"origin": [-8, 7.25, -8], "size": [2, 1, 20], "inflate": -0.25, "uv": [8, 3]},
						{"origin": [-8, 7.25, 11.5], "size": [2, 1, 12.5], "inflate": -0.25, "pivot": [-7.75, 8, 11.75], "rotation": [40, 0, 0], "uv": [0, 3]},
						{"origin": [6, 7.25, 11.5], "size": [2, 1, 12.5], "inflate": -0.25, "pivot": [6.25, 8, 11.75], "rotation": [40, 0, 0], "uv": [0, 3]},
						{"origin": [6, 7.25, -8], "size": [2, 1, 20], "inflate": -0.25, "uv": [8, 3]},
						{"origin": [-6.5, 5.75, 23], "size": [13, 2, 1], "inflate": -0.25, "uv": [0, 16]},
						{"origin": [-8, 0.75, 23], "size": [2, 7, 1], "inflate": -0.25, "uv": [20, 3]},
						{"origin": [6, 0.75, 23], "size": [2, 7, 1], "inflate": -0.25, "uv": [20, 3]}
					]
				}
			]
		}
	]
}