{
	"format_version": "1.12.0",
	"minecraft:geometry": [
		{
			"description": {
				"identifier": "geometry.custom.applarotable",
				"texture_width": 128,
				"texture_height": 128,
				"visible_bounds_width": 10,
				"visible_bounds_height": 4.5,
				"visible_bounds_offset": [0, 0.75, 0]
			},
			"bones": [
				{
					"name": "bone",
					"pivot": [0, 0, -3],
					"cubes": [
						{"origin": [12, -0.25, 7], "size": [2, 15, 1], "inflate": -0.25, "uv": [4, 3]},
						{"origin": [12, -0.25, -8], "size": [2, 15, 1], "inflate": -0.25, "uv": [4, 3]},
						{"origin": [13, -0.25, 6], "size": [1, 15, 1.5], "inflate": -0.25, "uv": [0, 3]},
						{"origin": [13, -0.25, -7.5], "size": [1, 15, 1.5], "inflate": -0.25, "uv": [0, 3]},
						{"origin": [-14, -0.25, -7.5], "size": [1, 15, 1.5], "inflate": -0.25, "uv": [0, 3]},
						{"origin": [-14, -0.25, 6], "size": [1, 15, 1.5], "inflate": -0.25, "uv": [0, 3]},
						{"origin": [13, 12.75, -6.5], "size": [1, 2, 13], "inflate": -0.25, "uv": [15, 20]},
						{"origin": [-14, 12.75, -6.5], "size": [1, 2, 13], "inflate": -0.25, "uv": [15, 20]},
						{"origin": [-14, -0.25, -8], "size": [2, 15, 1], "inflate": -0.25, "uv": [4, 3]},
						{"origin": [-14, -0.25, 7], "size": [2, 15, 1], "inflate": -0.25, "uv": [4, 3]},
						{"origin": [-12.5, 12.75, -8], "size": [25, 2, 1], "inflate": -0.25, "uv": [58, 0]},
						{"origin": [-12.5, 12.75, 7], "size": [25, 2, 1], "inflate": -0.25, "uv": [58, 0]},
						{"origin": [-12.5, 14.25, -4], "size": [12, 1, 2], "inflate": -0.25, "uv": [30, 0]},
						{"origin": [-12.5, 14.25, 4], "size": [12, 1, 2], "inflate": -0.25, "uv": [30, 0]},
						{"origin": [-12.5, 14.25, 2], "size": [12, 1, 2], "inflate": -0.25, "uv": [30, 0]},
						{"origin": [-12.5, 14.25, -6], "size": [12, 1, 2], "inflate": -0.25, "uv": [0, 0]},
						{"origin": [0.5, 14.25, -4], "size": [12, 1, 2], "inflate": -0.25, "uv": [0, 0]},
						{"origin": [0.5, 14.25, -8], "size": [12, 1, 2], "inflate": -0.25, "uv": [0, 0]},
						{"origin": [0.5, 14.25, -2], "size": [12, 1, 2], "inflate": -0.25, "uv": [0, 25]},
						{"origin": [0.5, 14.25, -6], "size": [12, 1, 2], "inflate": -0.25, "uv": [0, 25]},
						{"origin": [0.5, 14.25, 0], "size": [12, 1, 2], "inflate": -0.25, "uv": [0, 0]},
						{"origin": [0.5, 14.25, 2], "size": [12, 1, 2], "inflate": -0.25, "uv": [0, 0]},
						{"origin": [0.5, 14.25, 4], "size": [12, 1, 2], "inflate": -0.25, "uv": [0, 28]},
						{"origin": [0.5, 14.25, 6], "size": [12, 1, 2], "inflate": -0.25, "uv": [0, 28]},
						{"origin": [-12.5, 14.25, -2], "size": [12, 1, 2], "inflate": -0.25, "uv": [0, 0]},
						{"origin": [-12.5, 14.25, 0], "size": [12, 1, 2], "inflate": -0.25, "uv": [0, 0]},
						{"origin": [-12.5, 14.25, 6], "size": [12, 1, 2], "inflate": -0.25, "uv": [0, 0]},
						{"origin": [-12.5, 14.25, -8], "size": [12, 1, 2], "inflate": -0.25, "uv": [0, 0]},
						{"origin": [-13.5, 7.25, -7.5], "size": [2, 1, 15], "inflate": -0.25, "uv": [64, 3]},
						{"origin": [11.5, 7.25, -7.5], "size": [2, 1, 15], "inflate": -0.25, "uv": [64, 3]},
						{"origin": [-12, 7.25, -7.5], "size": [24, 1, 2.125], "inflate": -0.25, "uv": [10, 3]},
						{"origin": [-12, 7.25, 5.375], "size": [24, 1, 2.125], "inflate": -0.25, "uv": [0, 38]},
						{"origin": [-12, 7.25, 3.375], "size": [24, 1, 2], "inflate": -0.25, "uv": [28, 6]},
						{"origin": [-12, 7.25, 1.625], "size": [24, 1, 2], "inflate": -0.25, "uv": [0, 38]},
						{"origin": [-12, 7.25, -0.125], "size": [24, 1, 2], "inflate": -0.25, "uv": [0, 35]},
						{"origin": [-12, 7.25, -1.875], "size": [24, 1, 2], "inflate": -0.25, "uv": [0, 38]},
						{"origin": [-12, 7.25, -3.625], "size": [24, 1, 2], "inflate": -0.25, "uv": [28, 6]},
						{"origin": [-12, 7.25, -5.375], "size": [24, 1, 2], "inflate": -0.25, "uv": [0, 35]},
						{"origin": [-1, 14.25, -8], "size": [2, 1, 16], "inflate": -0.25, "uv": [30, 8]},
						{"origin": [12, 14.25, -8], "size": [2, 1, 16], "inflate": -0.25, "uv": [30, 8]},
						{"origin": [-14, 14.25, -8], "size": [2, 1, 16], "inflate": -0.25, "uv": [30, 8]}
					]
				}
			]
		}
	]
}