{
	"format_version": "1.12.0",
	"minecraft:geometry": [
		{
			"description": {
				"identifier": "geometry.custom.applarobench",
				"texture_width": 128,
				"texture_height": 128,
				"visible_bounds_width": 10,
				"visible_bounds_height": 4.5,
				"visible_bounds_offset": [0, 0.75, 0]
			},
			"bones": [
				{
					"name": "bone",
					"pivot": [0, 0, -3],
					"cubes": [
						{"origin": [12, -0.25, 4], "size": [2, 8, 1], "inflate": -0.25, "uv": [4, 3]},
						{"origin": [12, -0.25, -5], "size": [2, 8, 1], "inflate": -0.25, "uv": [4, 3]},
						{"origin": [13, -0.25, 3], "size": [1, 8, 1.5], "inflate": -0.25, "uv": [0, 3]},
						{"origin": [13, -0.25, -4.5], "size": [1, 8, 1.5], "inflate": -0.25, "uv": [0, 3]},
						{"origin": [-14, -0.25, -4.5], "size": [1, 8, 1.5], "inflate": -0.25, "uv": [0, 3]},
						{"origin": [-14, -0.25, 3], "size": [1, 8, 1.5], "inflate": -0.25, "uv": [0, 3]},
						{"origin": [13, 5.75, -3.5], "size": [1, 2, 7], "inflate": -0.25, "uv": [22, 3]},
						{"origin": [-14, 5.75, -3.5], "size": [1, 2, 7], "inflate": -0.25, "uv": [22, 3]},
						{"origin": [-14, -0.25, -5], "size": [2, 8, 1], "inflate": -0.25, "uv": [4, 3]},
						{"origin": [-14, -0.25, 4], "size": [2, 8, 1], "inflate": -0.25, "uv": [4, 3]},
						{"origin": [-12.5, 5.75, -5], "size": [25, 2, 1], "inflate": -0.25, "uv": [0, 14]},
						{"origin": [-12.5, 5.75, 4], "size": [25, 2, 1], "inflate": -0.25, "uv": [0, 14]},
						{"origin": [-12.5, 7.25, -3], "size": [12, 1, 2], "inflate": -0.25, "uv": [30, 0]},
						{"origin": [-12.5, 7.25, 3], "size": [12, 1, 2], "inflate": -0.25, "uv": [30, 0]},
						{"origin": [-12.5, 7.25, -5], "size": [12, 1, 2], "inflate": -0.25, "uv": [0, 0]},
						{"origin": [0.5, 7.25, -5], "size": [12, 1, 2], "inflate": -0.25, "uv": [0, 0]},
						{"origin": [0.5, 7.25, -3], "size": [12, 1, 2], "inflate": -0.25, "uv": [0, 25]},
						{"origin": [0.5, 7.25, -1], "size": [12, 1, 2], "inflate": -0.25, "uv": [0, 0]},
						{"origin": [0.5, 7.25, 1], "size": [12, 1, 2], "inflate": -0.25, "uv": [0, 0]},
						{"origin": [0.5, 7.25, 3], "size": [12, 1, 2], "inflate": -0.25, "uv": [0, 28]},
						{"origin": [-12.5, 7.25, -1], "size": [12, 1, 2], "inflate": -0.25, "uv": [0, 0]},
						{"origin": [-12.5, 7.25, 1], "size": [12, 1, 2], "inflate": -0.25, "uv": [0, 0]},
						{"origin": [-14, 7.25, -5], "size": [2, 1, 10], "inflate": -0.25, "uv": [8, 3]},
						{"origin": [-1, 7.25, -5], "size": [2, 1, 10], "inflate": -0.25, "uv": [8, 3]},
						{"origin": [12, 7.25, -5], "size": [2, 1, 10], "inflate": -0.25, "uv": [8, 3]}
					]
				}
			]
		}
	]
}