{
	"format_version": "1.12.0",
	"minecraft:geometry": [
		{
			"description": {
				"identifier": "geometry.custom.bekant",
				"texture_width": 128,
				"texture_height": 128,
				"visible_bounds_width": 10,
				"visible_bounds_height": 4.5,
				"visible_bounds_offset": [0, 0.75, 0]
			},
			"bones": [
				{
					"name": "bone",
					"pivot": [0, 0, 0],
					"cubes": [
						{"origin": [-15, 7, -0.5], "size": [1, 9, 1], "inflate": 0.2, "uv": [0, 0]},
						{"origin": [-15, 4, -0.5], "size": [1, 4, 1], "inflate": 0.1, "uv": [0, 0]},
						{"origin": [14, 4, -0.5], "size": [1, 4, 1], "inflate": 0.1, "uv": [0, 0]},
						{"origin": [14, 0, -0.5], "size": [1, 4, 1], "uv": [0, 0]},
						{"origin": [-15, 0, -0.5], "size": [1, 4, 1], "uv": [0, 0]},
						{"origin": [-15, 15.25, -5.5], "size": [1, 1, 11], "inflate": -0.125, "uv": [0, 19]},
						{"origin": [-15.5, -0.25, -7.5], "size": [2, 1, 15], "inflate": -0.25, "uv": [9, 19]},
						{"origin": [13.5, -0.25, -7.5], "size": [2, 1, 15], "inflate": -0.25, "uv": [9, 19]},
						{"origin": [14, 15.25, -5.5], "size": [1, 1, 11], "inflate": -0.125, "uv": [0, 19]},
						{"origin": [-14, 15.25, -0.5], "size": [28, 1, 1], "uv": [0, 17]},
						{"origin": [14, 7, -0.5], "size": [1, 9, 1], "inflate": 0.2, "uv": [0, 0]},
						{"origin": [-16.25, 15.75, -8.25], "size": [32.5, 1, 16.5], "inflate": -0.25, "uv": [0, 0]}
					]
				},
				{
					"name": "bone2",
					"pivot": [0, 0, 0],
					"cubes": [
						{"origin": [-1.5, 16.2, -2], "size": [3, 1, 3.5], "inflate": -0.3, "uv": [4, 3]},
						{"origin": [-1.5, 16.2, 0.9], "size": [3, 1, 1.5], "inflate": -0.3, "pivot": [1.2, 16.5, 1.2], "rotation": [45, 0, 0], "uv": [4, 7]},
						{"origin": [-1.5, 16.8364, 1.5364], "size": [3, 1, 5.75], "inflate": -0.3, "pivot": [1.2, 17.1364, 1.8364], "rotation": [105, 0, 0], "uv": [0, 9]},
						{"origin": [-6.5, 17.8364, -0.2136], "size": [13, 9, 1], "inflate": -0.25, "pivot": [0, 22.3364, 0.2864], "rotation": [-5, 0, 0], "uv": [28, 19]},
						{"origin": [5, 16.25, -6], "size": [2, 1, 2.5], "inflate": -0.25, "uv": [4, 0]},
						{"origin": [-3.5, 16.25, -6], "size": [7, 1, 2.5], "inflate": -0.25, "uv": [28, 29]}
					]
				}
			]
		}
	]
}