{
	"format_version": "1.12.0",
	"minecraft:geometry": [
		{
			"description": {
				"identifier": "geometry.custom.billy",
				"texture_width": 128,
				"texture_height": 128,
				"visible_bounds_width": 10,
				"visible_bounds_height": 5.5,
				"visible_bounds_offset": [0, 1.25, 0]
			},
			"bones": [
				{
					"name": "bone",
					"pivot": [0, 0, 0],
					"cubes": [
						{"origin": [-9, 0, 7], "size": [18, 48, 1], "uv": [0, 0]},
						{"origin": [9, 0, -2], "size": [1, 48, 10], "uv": [38, 0]},
						{"origin": [-10, 0, -2], "size": [1, 48, 10], "uv": [38, 0]},
						{"origin": [-9, 2, -2], "size": [18, 1, 9], "uv": [50, 0]},
						{"origin": [-9, 9.5, -2], "size": [18, 1, 9], "uv": [50, 0]},
						{"origin": [-9, 17, -2], "size": [18, 1, 9], "uv": [50, 0]},
						{"origin": [-9, 24.5, -2], "size": [18, 1, 9], "uv": [50, 0]},
						{"origin": [-9, 32, -2], "size": [18, 1, 9], "uv": [50, 0]},
						{"origin": [-9, 39.5, -2], "size": [18, 1, 9], "uv": [50, 0]},
						{"origin": [-9, 47, -2], "size": [18, 1, 9], "uv": [50, 0]},
						{"origin": [-9, 0, -1.75], "size": [18, 2, 1], "uv": [0, 49]}
					]
				}
			]
		}
	]
}