{
	"format_version": "1.12.0",
	"minecraft:geometry": [
		{
			"description": {
				"identifier": "geometry.custom.byas",
				"texture_width": 128,
				"texture_height": 128,
				"visible_bounds_width": 10,
				"visible_bounds_height": 4.5,
				"visible_bounds_offset": [0, 0.75, 0]
			},
			"bones": [
				{
					"name": "bone2",
					"pivot": [0, -2, 1],
					"cubes": [
						{"origin": [-9, 7.25, 1.5], "size": [1, 3, 1], "inflate": -0.25, "pivot": [-8.75, 7.5, 1.75], "rotation": [-55, 0, 0], "uv": [4, 0]},
						{"origin": [8, 7.25, 1.5], "size": [1, 3, 1], "inflate": -0.25, "pivot": [8.25, 7.5, 1.75], "rotation": [-55, 0, 0], "uv": [4, 0]},
						{"origin": [-9, 7.25, 5.5], "size": [1, 3.25, 1], "inflate": -0.25, "pivot": [-8.75, 7.5, 6.25], "rotation": [55, 0, 0], "uv": [4, 0]},
						{"origin": [8, 7.25, 5.5], "size": [1, 3.25, 1], "inflate": -0.25, "pivot": [8.25, 7.5, 6.25], "rotation": [55, 0, 0], "uv": [4, 0]},
						{"origin": [-10, 8.75, 3.5], "size": [20, 11, 1], "uv": [0, 18]}
					]
				},
				{
					"name": "bone",
					"pivot": [-12, 0, 0],
					"cubes": [
						{"origin": [4, 1, 0.5], "size": [8, 6, 7.5], "uv": [0, 30]},
						{"origin": [4, 1, 0], "size": [8, 6, 1], "inflate": -0.1, "uv": [0, 4]},
						{"origin": [-12, 1, 0], "size": [8, 6, 1], "inflate": -0.1, "uv": [0, 4]},
						{"origin": [-12, 1, 0.5], "size": [8, 6, 7.5], "uv": [0, 30]},
						{"origin": [-4, 1, 7], "size": [8, 6, 1], "uv": [0, 11]},
						{"origin": [-11, 0, 1], "size": [22, 1, 6], "uv": [18, 0]},
						{"origin": [-4.25, 3.5, 0.25], "size": [8.5, 1, 7], "inflate": -0.25, "uv": [74, 0]},
						{"origin": [-4.25, 0.75, 0.25], "size": [8.5, 1, 7], "inflate": -0.25, "uv": [74, 0]},
						{"origin": [-12.25, 6.75, -0.25], "size": [24.5, 1, 8.5], "inflate": -0.25, "uv": [18, 7]}
					]
				},
				{
					"name": "bone3",
					"pivot": [0, 0, 0],
					"cubes": [
						{"origin": [-2, 3.9, 1.15], "size": [4, 1, 4], "inflate": -0.35, "uv": [42, 16]},
						{"origin": [-2, 4.3, 1.3], "size": [4, 1, 4], "inflate": -0.35, "uv": [42, 16]},
						{"origin": [-2, 4.05, 1.3], "size": [4, 1, 3.9], "inflate": -0.4, "uv": [42, 21]}
					]
				},
				{
					"name": "bone4",
					"parent": "bone3",
					"pivot": [0.35, 4.1, 1.35],
					"rotation": [20, 0, 0],
					"cubes": [
						{"origin": [-2.63193, 1.15, 1.21404], "size": [2, 1, 1], "inflate": -0.15, "uv": [8, 0]},
						{"origin": [-4.23193, 1.25, 1.31404], "size": [2, 1, 1], "inflate": -0.25, "pivot": [-2.48193, 2, 2.06404], "rotation": [0, -80, 0], "uv": [8, 0]},
						{"origin": [-1.03193, 1.25, 1.31404], "size": [2, 1, 1], "inflate": -0.25, "pivot": [-0.78193, 2, 2.06404], "rotation": [0, 80, 0], "uv": [8, 0]}
					]
				},
				{
					"name": "bone5",
					"parent": "bone3",
					"pivot": [3.6, 4.1, 1.35],
					"rotation": [20, 0, 0],
					"cubes": [
						{"origin": [0.61807, 1.15, 1.21404], "size": [2, 1, 1], "inflate": -0.15, "uv": [8, 0]},
						{"origin": [-0.98193, 1.25, 1.31404], "size": [2, 1, 1], "inflate": -0.25, "pivot": [0.76807, 2, 2.06404], "rotation": [0, -80, 0], "uv": [8, 0]},
						{"origin": [2.21807, 1.25, 1.31404], "size": [2, 1, 1], "inflate": -0.25, "pivot": [2.46807, 2, 2.06404], "rotation": [0, 80, 0], "uv": [8, 0]}
					]
				}
			]
		}
	]
}