{
	"format_version": "1.12.0",
	"minecraft:geometry": [
		{
			"description": {
				"identifier": "geometry.custom.ekedalen",
				"texture_width": 128,
				"texture_height": 128,
				"visible_bounds_width": 10,
				"visible_bounds_height": 4.5,
				"visible_bounds_offset": [0, 0.75, 0]
			},
			"bones": [
				{
					"name": "bone",
					"pivot": [0, 0, 0],
					"cubes": [
						{"origin": [21, 0, 10], "size": [1, 16, 1], "uv": [0, 13]},
						{"origin": [-22, 0, 10], "size": [1, 16, 1], "uv": [0, 13]},
						{"origin": [-22, 0, -11], "size": [1, 16, 1], "uv": [0, 13]},
						{"origin": [21, 0, -11], "size": [1, 16, 1], "uv": [0, 13]},
						{"origin": [-21, 13, -11], "size": [42, 3, 1], "uv": [24, 15]},
						{"origin": [-21, 13, 10], "size": [42, 3, 1], "uv": [24, 15]},
						{"origin": [-22, 13, -10], "size": [1, 3, 20], "uv": [26, 19]},
						{"origin": [21, 13, -10], "size": [1, 3, 20], "uv": [26, 19]},
						{"origin": [-22.25, 15.75, -11.25], "size": [44.5, 1, 11.25], "uv": [0, 0]},
						{"origin": [-22.25, 15.75, 0], "size": [44.5, 1, 11.25], "uv": [0, 0]}
					]
				}
			]
		}
	]
}