{
	"format_version": "1.12.0",
	"minecraft:geometry": [
		{
			"description": {
				"identifier": "geometry.custom.eket",
				"texture_width": 128,
				"texture_height": 128,
				"visible_bounds_width": 10,
				"visible_bounds_height": 4.5,
				"visible_bounds_offset": [0, 0.75, 0]
			},
			"bones": [
				{
					"name": "bone",
					"pivot": [3.75, 0, 0],
					"cubes": [
						{"origin": [3.25, 0, 0], "size": [1, 16, 8], "inflate": -0.25, "uv": [0, 0]},
						{"origin": [10.75, 0, 0], "size": [1, 16, 8], "inflate": -0.25, "uv": [0, 0]},
						{"origin": [-4.25, 0, 0], "size": [1, 16, 8], "inflate": -0.25, "uv": [0, 0]},
						{"origin": [-4, 7.5, 0], "size": [15.5, 1, 8], "inflate": -0.25, "uv": [0, 32]},
						{"origin": [-4, 15, 0], "size": [15.5, 1, 8], "inflate": -0.25, "uv": [0, 32]},
						{"origin": [-4, 0, 0], "size": [15.5, 1, 8], "inflate": -0.25, "uv": [0, 32]},
						{"origin": [-3.75, 0.5, 7], "size": [7.5, 7.5, 1], "inflate": -0.25, "uv": [0, 24]},
						{"origin": [-3.75, 8, 7], "size": [7.5, 7.5, 1], "inflate": -0.25, "uv": [0, 24]},
						{"origin": [3.75, 8, 7], "size": [7.5, 7.5, 1], "inflate": -0.25, "uv": [0, 24]},
						{"origin": [3.75, 0.5, 7], "size": [7.5, 7.5, 1], "inflate": -0.25, "uv": [0, 24]},
						{"origin": [-11.5, -0.5, 0.75], "size": [1, 1, 1], "uv": [0, 0]},
						{"origin": [-5.5, -0.5, 0.75], "size": [1, 1, 1], "uv": [0, 0]},
						{"origin": [-3.5, -0.5, 0.75], "size": [1, 1, 1], "uv": [0, 0]},
						{"origin": [10, -0.5, 0.75], "size": [1, 1, 1], "uv": [0, 0]},
						{"origin": [10, -0.5, 6.25], "size": [1, 1, 1], "uv": [0, 0]},
						{"origin": [-3.5, -0.5, 6.25], "size": [1, 1, 1], "uv": [0, 0]},
						{"origin": [-11.5, -0.5, 6.25], "size": [1, 1, 1], "uv": [0, 0]},
						{"origin": [-5.5, -0.5, 6.25], "size": [1, 1, 1], "uv": [0, 0]}
					]
				},
				{
					"name": "bone2",
					"parent": "bone",
					"pivot": [4, 8.5, 0],
					"cubes": [
						{"origin": [3.25, 16, 0], "size": [1, 7.5, 8], "inflate": -0.25, "uv": [18, 0]},
						{"origin": [3.25, 15.5, 0], "size": [8.5, 1, 8], "inflate": -0.25, "uv": [36, 0]},
						{"origin": [3.75, 16, 7], "size": [7.5, 7.5, 1], "inflate": -0.25, "uv": [0, 24]},
						{"origin": [3.25, 23, 0], "size": [8.5, 1, 8], "inflate": -0.25, "uv": [36, 0]},
						{"origin": [10.75, 16, 0], "size": [1, 7.5, 8], "inflate": -0.25, "uv": [18, 0]}
					]
				},
				{
					"name": "bone3",
					"parent": "bone",
					"pivot": [-11.5, -7, 0],
					"cubes": [
						{"origin": [-12.25, 0.5, 0], "size": [1, 7.5, 8], "inflate": -0.25, "uv": [18, 0]},
						{"origin": [-12.25, 0, 0], "size": [8.5, 1, 8], "inflate": -0.25, "uv": [36, 0]},
						{"origin": [-11.75, 0.5, 7], "size": [7.5, 7.5, 1], "inflate": -0.25, "uv": [0, 24]},
						{"origin": [-12.25, 7.5, 0], "size": [8.5, 1, 8], "inflate": -0.25, "uv": [36, 0]},
						{"origin": [-4.75, 0.5, 0], "size": [1, 7.5, 8], "inflate": -0.25, "uv": [18, 0]}
					]
				}
			]
		}
	]
}