{
	"format_version": "1.12.0",
	"minecraft:geometry": [
		{
			"description": {
				"identifier": "geometry.custom.eketshelf",
				"texture_width": 128,
				"texture_height": 128,
				"visible_bounds_width": 10,
				"visible_bounds_height": 5.5,
				"visible_bounds_offset": [0, 1.25, 0]
			},
			"bones": [
				{
					"name": "bone",
					"pivot": [0, 0, 0]
				},
				{
					"name": "eket",
					"parent": "bone",
					"pivot": [-4, 7.25, 12],
					"cubes": [
						{"origin": [-4.25, -0.25, 0], "size": [8.5, 1, 8], "inflate": -0.25, "uv": [0, 0]},
						{"origin": [-4.25, 0.25, 0], "size": [1, 7.5, 8], "inflate": -0.25, "uv": [0, 0]},
						{"origin": [-3.75, 0.25, 7], "size": [7.5, 7.5, 1], "inflate": -0.25, "uv": [0, 0]},
						{"origin": [3.25, 0.25, 0], "size": [1, 7.5, 8], "inflate": -0.25, "uv": [0, 0]},
						{"origin": [-4.25, 7.25, 0], "size": [8.5, 1, 8], "inflate": -0.25, "uv": [0, 0]}
					]
				},
				{
					"name": "eket2",
					"parent": "bone",
					"pivot": [0, 15.25, 12],
					"cubes": [
						{"origin": [-0.25, 7.75, 0], "size": [8.5, 1, 8], "inflate": -0.25, "uv": [0, 15]},
						{"origin": [-0.25, 8.25, 0], "size": [1, 7.5, 8], "inflate": -0.25, "uv": [0, 15]},
						{"origin": [0.25, 8.25, 7], "size": [7.5, 7.5, 1], "inflate": -0.25, "uv": [0, 15]},
						{"origin": [0.25, 8.25, 0.25], "size": [7.5, 7.5, 1], "inflate": -0.3, "uv": [0, 15]},
						{"origin": [7.25, 8.25, 0], "size": [1, 7.5, 8], "inflate": -0.25, "uv": [0, 15]},
						{"origin": [-0.25, 15.25, 0], "size": [8.5, 1, 8], "inflate": -0.25, "uv": [0, 15]}
					]
				},
				{
					"name": "eket3",
					"parent": "bone",
					"pivot": [-8, 15.25, 12],
					"cubes": [
						{"origin": [-8.25, 7.75, 0], "size": [8.5, 1, 8], "inflate": -0.25, "uv": [0, 30]},
						{"origin": [-8.25, 8.25, 0], "size": [1, 7.5, 8], "inflate": -0.25, "uv": [0, 30]},
						{"origin": [-7.75, 8.25, 7], "size": [7.5, 7.5, 1], "inflate": -0.25, "uv": [0, 30]},
						{"origin": [-0.75, 8.25, 0], "size": [1, 7.5, 8], "inflate": -0.25, "uv": [0, 30]},
						{"origin": [-8.25, 15.25, 0], "size": [8.5, 1, 8], "inflate": -0.25, "uv": [0, 30]}
					]
				},
				{
					"name": "eket4",
					"parent": "bone",
					"pivot": [-4, 23.25, 12],
					"cubes": [
						{"origin": [-4.25, 15.75, 0], "size": [8.5, 1, 8], "inflate": -0.25, "uv": [0, 30]},
						{"origin": [-4.25, 16.25, 0], "size": [1, 7.5, 8], "inflate": -0.25, "uv": [0, 30]},
						{"origin": [-3.75, 16.25, 7], "size": [7.5, 7.5, 1], "inflate": -0.25, "uv": [0, 30]},
						{"origin": [3.25, 16.25, 0], "size": [1, 7.5, 8], "inflate": -0.25, "uv": [0, 30]},
						{"origin": [-4.25, 23.25, 0], "size": [8.5, 1, 8], "inflate": -0.25, "uv": [0, 30]}
					]
				},
				{
					"name": "eket5",
					"parent": "bone",
					"pivot": [-8, 31.25, 12],
					"cubes": [
						{"origin": [-8.25, 23.75, 0], "size": [8.5, 1, 8], "inflate": -0.25, "uv": [0, 15]},
						{"origin": [-8.25, 24.25, 0], "size": [1, 7.5, 8], "inflate": -0.25, "uv": [0, 15]},
						{"origin": [-7.75, 24.25, 7], "size": [7.5, 7.5, 1], "inflate": -0.25, "uv": [0, 15]},
						{"origin": [-7.75, 24.25, 0.25], "size": [7.5, 7.5, 1], "inflate": -0.3, "uv": [0, 15]},
						{"origin": [-0.75, 24.25, 0], "size": [1, 7.5, 8], "inflate": -0.25, "uv": [0, 15]},
						{"origin": [-8.25, 31.25, 0], "size": [8.5, 1, 8], "inflate": -0.25, "uv": [0, 15]}
					]
				},
				{
					"name": "eket6",
					"parent": "bone",
					"pivot": [-4, 39.25, 12],
					"cubes": [
						{"origin": [-4.25, 31.75, 0], "size": [8.5, 1, 8], "inflate": -0.25, "uv": [0, 0]},
						{"origin": [-4.25, 32.25, 0], "size": [1, 7.5, 8], "inflate": -0.25, "uv": [0, 0]},
						{"origin": [-3.75, 32.25, 7], "size": [7.5, 7.5, 1], "inflate": -0.25, "uv": [0, 0]},
						{"origin": [3.25, 32.25, 0], "size": [1, 7.5, 8], "inflate": -0.25, "uv": [0, 0]},
						{"origin": [-4.25, 39.25, 0], "size": [8.5, 1, 8], "inflate": -0.25, "uv": [0, 0]}
					]
				}
			]
		}
	]
}