{
	"format_version": "1.12.0",
	"minecraft:geometry": [
		{
			"description": {
				"identifier": "geometry.custom.fejka2",
				"texture_width": 128,
				"texture_height": 128,
				"visible_bounds_width": 10,
				"visible_bounds_height": 4.5,
				"visible_bounds_offset": [0, 0.75, 0]
			},
			"bones": [
				{
					"name": "bone",
					"pivot": [0, 0, 0],
					"cubes": [
						{"origin": [-12, 0, -4], "size": [24, 10, 8], "uv": [0, 0]},
						{"origin": [-12, 0, -4], "size": [24, 9, 8], "uv": [0, 45]}
					]
				},
				{
					"name": "bone2",
					"pivot": [0, -1.25, 0],
					"cubes": [
						{"origin": [-12, 9.75, -4], "size": [24, 19.5, 8], "inflate": -0.25, "uv": [0, 18]}
					]
				}
			]
		}
	]
}