{
	"format_version": "1.12.0",
	"minecraft:geometry": [
		{
			"description": {
				"identifier": "geometry.custom.fejka",
				"texture_width": 128,
				"texture_height": 128,
				"visible_bounds_width": 10,
				"visible_bounds_height": 4.5,
				"visible_bounds_offset": [0, 0.75, 0]
			},
			"bones": [
				{
					"name": "bone",
					"pivot": [0, 0, 0],
					"cubes": [
						{"origin": [-3, 0, -3], "size": [6, 7, 6], "uv": [0, 0]},
						{"origin": [-3, 0, -3], "size": [6, 6, 6], "uv": [24, 0]}
					]
				},
				{
					"name": "bone2",
					"pivot": [0, -1, 0],
					"rotation": [0, -45, 0],
					"cubes": [
						{"origin": [-0.5, 5.5, -8], "size": [1, 24, 16], "inflate": -0.5, "uv": [0, 13]},
						{"origin": [-1, 5.5, -7.5], "size": [1, 24, 16], "inflate": -0.5, "pivot": [0, 5.5, 0.5], "rotation": [0, -90, 0], "uv": [0, 13]}
					]
				}
			]
		}
	]
}