{
	"format_version": "1.12.0",
	"minecraft:geometry": [
		{
			"description": {
				"identifier": "geometry.custom.hemnes",
				"texture_width": 128,
				"texture_height": 128,
				"visible_bounds_width": 10,
				"visible_bounds_height": 4.5,
				"visible_bounds_offset": [0, 0.75, 0]
			},
			"bones": [
				{
					"name": "bone",
					"pivot": [8, 0, 0],
					"cubes": [
						{"origin": [15, 0, 7], "size": [1, 16, 1], "uv": [0, 0]},
						{"origin": [15, 0, -4], "size": [1, 16, 1], "uv": [0, 0]},
						{"origin": [-16, 0, -4], "size": [1, 16, 1], "uv": [0, 0]},
						{"origin": [-15, 15, -4], "size": [30, 1, 1], "uv": [4, 0]},
						{"origin": [-16, 0, 7], "size": [1, 16, 1], "uv": [0, 0]},
						{"origin": [-0.5, 2.5, -4], "size": [1, 13.5, 1], "inflate": -0.25, "uv": [6, 11]},
						{"origin": [7.125, 11.25, -4], "size": [1, 4.75, 1], "inflate": -0.25, "uv": [10, 10]},
						{"origin": [-8.125, 11.25, -4], "size": [1, 4.75, 1], "inflate": -0.25, "uv": [10, 10]},
						{"origin": [-15.5, 6.85, -4], "size": [31, 1, 1], "inflate": -0.25, "uv": [4, 0]},
						{"origin": [-15.5, 10.75, -4], "size": [31, 1, 1], "inflate": -0.25, "uv": [4, 0]},
						{"origin": [-16, 2, -4], "size": [32, 1, 12], "inflate": -0.25, "uv": [22, 2]},
						{"origin": [-15.75, 2.75, -3], "size": [31.5, 13.25, 10.75], "uv": [0, 15]},
						{"origin": [-15, 2.75, -3.75], "size": [14.75, 4.35, 1], "inflate": -0.1, "uv": [4, 2]},
						{"origin": [-15, 7.55, -3.75], "size": [14.75, 3.5, 1], "inflate": -0.1, "uv": [72, 15]},
						{"origin": [0.25, 7.55, -3.75], "size": [14.75, 3.5, 1], "inflate": -0.1, "uv": [72, 15]},
						{"origin": [7.875, 11.5, -3.75], "size": [7.125, 3.5, 1], "inflate": -0.1, "uv": [18, 7]},
						{"origin": [-7.375, 11.5, -3.75], "size": [7.125, 3.5, 1], "inflate": -0.1, "uv": [18, 7]},
						{"origin": [-4.3125, 12.75, -4.25], "size": [1, 1, 1], "inflate": -0.2, "uv": [4, 7]},
						{"origin": [-4.3125, 8.75, -4.25], "size": [1, 1, 1], "inflate": -0.2, "uv": [4, 7]},
						{"origin": [-4.3125, 4.375, -4.25], "size": [1, 1, 1], "inflate": -0.2, "uv": [4, 7]},
						{"origin": [3.3125, 12.75, -4.25], "size": [1, 1, 1], "inflate": -0.2, "uv": [4, 7]},
						{"origin": [3.3125, 8.75, -4.25], "size": [1, 1, 1], "inflate": -0.2, "uv": [4, 7]},
						{"origin": [3.3125, 4.375, -4.25], "size": [1, 1, 1], "inflate": -0.2, "uv": [4, 7]},
						{"origin": [-11.9375, 12.75, -4.25], "size": [1, 1, 1], "inflate": -0.2, "uv": [4, 7]},
						{"origin": [-11.9375, 8.75, -4.25], "size": [1, 1, 1], "inflate": -0.2, "uv": [4, 7]},
						{"origin": [-11.9375, 4.375, -4.25], "size": [1, 1, 1], "inflate": -0.2, "uv": [4, 7]},
						{"origin": [10.9375, 12.75, -4.25], "size": [1, 1, 1], "inflate": -0.2, "uv": [4, 7]},
						{"origin": [10.9375, 8.75, -4.25], "size": [1, 1, 1], "inflate": -0.2, "uv": [4, 7]},
						{"origin": [10.9375, 4.375, -4.25], "size": [1, 1, 1], "inflate": -0.2, "uv": [4, 7]},
						{"origin": [0.25, 11.5, -3.75], "size": [7.125, 3.5, 1], "inflate": -0.1, "uv": [18, 7]},
						{"origin": [-15, 11.5, -3.75], "size": [7.125, 3.5, 1], "inflate": -0.1, "uv": [18, 7]},
						{"origin": [0.25, 2.75, -3.75], "size": [14.75, 4.35, 1], "inflate": -0.1, "uv": [4, 2]},
						{"origin": [-16.5, 15.75, -4.5], "size": [33, 1, 13], "inflate": -0.25, "uv": [0, 38]}
					]
				}
			]
		}
	]
}