{
	"format_version": "1.12.0",
	"minecraft:geometry": [
		{
			"description": {
				"identifier": "geometry.custom.hemnesdaybed",
				"texture_width": 128,
				"texture_height": 128,
				"visible_bounds_width": 10,
				"visible_bounds_height": 4.5,
				"visible_bounds_offset": [0, 0.75, 0]
			},
			"bones": [
				{
					"name": "bone",
					"pivot": [-8, 0, 16],
					"cubes": [
						{"origin": [-8, 0, -8], "size": [16, 14, 1], "uv": [32, 37]},
						{"origin": [-8, 0, -7], "size": [1, 14, 30], "uv": [0, 41]},
						{"origin": [-7, 0, -7], "size": [15, 7, 30], "uv": [0, 0]},
						{"origin": [7.75, 1, -7], "size": [1, 5, 10], "inflate": -0.25, "uv": [0, 0]},
						{"origin": [7.75, 1, 3], "size": [1, 5, 10], "inflate": -0.25, "uv": [0, 0]},
						{"origin": [7.75, 1, 13], "size": [1, 5, 10], "inflate": -0.25, "uv": [0, 0]},
						{"origin": [-8, 0, 23], "size": [16, 14, 1], "uv": [32, 37]},
						{"origin": [-7, 6.75, -7], "size": [15, 4, 30], "inflate": -0.2, "uv": [38, 37]},
						{"origin": [-5.5, 10.5, 16.25], "size": [12, 2, 6], "uv": [32, 52]}
					]
				}
			]
		}
	]
}