{
	"format_version": "1.12.0",
	"minecraft:geometry": [
		{
			"description": {
				"identifier": "geometry.custom.hemnesbed",
				"texture_width": 128,
				"texture_height": 128,
				"visible_bounds_width": 10,
				"visible_bounds_height": 4.5,
				"visible_bounds_offset": [0, 0.75, 0]
			},
			"bones": [
				{
					"name": "bone",
					"pivot": [8, 0, 16],
					"cubes": [
						{"origin": [15, 0, 23], "size": [1, 16, 1], "uv": [0, 0]},
						{"origin": [15, 0, -8], "size": [1, 9, 1], "uv": [0, 0]},
						{"origin": [-16, 0, -8], "size": [1, 9, 1], "uv": [0, 0]},
						{"origin": [-16, 0, 23], "size": [1, 16, 1], "uv": [0, 0]},
						{"origin": [-0.75, 2.25, -8], "size": [1.5, 6, 1], "inflate": -0.25, "uv": [0, 0]},
						{"origin": [-15.5, 1.25, -8], "size": [31, 1.5, 1], "inflate": -0.25, "uv": [4, 0]},
						{"origin": [15, 1.25, -7.25], "size": [1, 3.5, 30.5], "inflate": -0.25, "uv": [0, 2]},
						{"origin": [-16, 1.25, -7.25], "size": [1, 3.5, 30.5], "inflate": -0.25, "uv": [0, 2]},
						{"origin": [-15.25, 1.5, -7], "size": [1, 1, 30], "uv": [66, 11]},
						{"origin": [-15, 2.4, -7], "size": [30, 5, 30], "inflate": -0.1, "uv": [0, 42]},
						{"origin": [-12.9, 7.3, 15.9], "size": [12, 2, 6], "uv": [62, 0]},
						{"origin": [1.1, 7.3, 15.9], "size": [12, 2, 6], "uv": [62, 0]},
						{"origin": [14.25, 1.5, -7], "size": [1, 1, 30], "uv": [66, 11]},
						{"origin": [-15.5, 1.25, 23], "size": [31, 1.5, 1], "inflate": -0.25, "uv": [4, 0]},
						{"origin": [-15.5, 7.75, -8], "size": [31, 1.5, 1], "inflate": -0.25, "uv": [4, 0]},
						{"origin": [-15.5, 8.75, 23], "size": [31, 1.5, 1], "inflate": -0.25, "uv": [4, 0]},
						{"origin": [-0.75, 9.75, 23], "size": [1.5, 5.5, 1], "inflate": -0.25, "uv": [0, 0]},
						{"origin": [-3.25, 9.75, 23], "size": [1.5, 5.5, 1], "inflate": -0.25, "uv": [0, 0]},
						{"origin": [-5.75, 9.75, 23], "size": [1.5, 5.5, 1], "inflate": -0.25, "uv": [0, 0]},
						{"origin": [-8.25, 9.75, 23], "size": [1.5, 5.5, 1], "inflate": -0.25, "uv": [0, 0]},
						{"origin": [-10.75, 9.75, 23], "size": [1.5, 5.5, 1], "inflate": -0.25, "uv": [0, 0]},
						{"origin": [1.75, 9.75, 23], "size": [1.5, 5.5, 1], "inflate": -0.25, "uv": [0, 0]},
						{"origin": [4.25, 9.75, 23], "size": [1.5, 5.5, 1], "inflate": -0.25, "uv": [0, 0]},
						{"origin": [6.75, 9.75, 23], "size": [1.5, 5.5, 1], "inflate": -0.25, "uv": [0, 0]},
						{"origin": [9.25, 9.75, 23], "size": [1.5, 5.5, 1], "inflate": -0.25, "uv": [0, 0]},
						{"origin": [-15.5, 14.75, 23], "size": [31, 1.5, 1], "inflate": -0.25, "uv": [4, 0]},
						{"origin": [-15.5, 2, -8], "size": [31, 6.5, 1], "inflate": -0.5, "uv": [32, 11]},
						{"origin": [-15.5, 2, 23], "size": [31, 7.5, 1], "inflate": -0.5, "uv": [32, 18]},
						{"origin": [-16.5, 15.75, 22.5], "size": [33, 1, 2], "inflate": -0.25, "uv": [32, 8]},
						{"origin": [-16.5, 8.75, -8.5], "size": [33, 1, 2], "inflate": -0.25, "uv": [32, 8]}
					]
				}
			]
		}
	]
}