{
	"format_version": "1.12.0",
	"minecraft:geometry": [
		{
			"description": {
				"identifier": "geometry.custom.henriksdalchair",
				"texture_width": 128,
				"texture_height": 128,
				"visible_bounds_width": 10,
				"visible_bounds_height": 4.5,
				"visible_bounds_offset": [0, 0.75, 0]
			},
			"bones": [
				{
					"name": "bone",
					"pivot": [0, 0, 0],
					"cubes": [
						{"origin": [4, -0.25, 3.5], "size": [1, 10, 1], "pivot": [5, 15.75, 3.5], "rotation": [5, 0, 0], "uv": [0, 0]},
						{"origin": [-5, 9, -5], "size": [10, 2, 10], "inflate": 0.25, "uv": [4, 0]},
						{"origin": [-5, 9, 3], "size": [10, 15, 2], "inflate": 0.25, "pivot": [-5.25, 8.75, 5.25], "rotation": [-5, 0, 0], "uv": [44, 0]},
						{"origin": [-5, -0.25, 3.5], "size": [1, 10, 1], "pivot": [-4, 15.75, 3.5], "rotation": [5, 0, 0], "uv": [0, 0]},
						{"origin": [-5, 0, -5], "size": [1, 10, 1], "uv": [0, 0]},
						{"origin": [4, 0, -5], "size": [1, 10, 1], "uv": [0, 0]}
					]
				}
			]
		}
	]
}