{
	"format_version": "1.12.0",
	"minecraft:geometry": [
		{
			"description": {
				"identifier": "geometry.custom.kallax",
				"texture_width": 128,
				"texture_height": 128,
				"visible_bounds_width": 10,
				"visible_bounds_height": 4.5,
				"visible_bounds_offset": [0, 0.75, 0]
			},
			"bones": [
				{
					"name": "bone",
					"pivot": [0, 0, 0],
					"cubes": [
						{"origin": [-8, 0, -2], "size": [16, 1, 10], "uv": [0, 0]},
						{"origin": [-8, 15, -2], "size": [16, 1, 10], "uv": [0, 0]},
						{"origin": [7, 1, -2], "size": [1, 14, 10], "uv": [0, 11]},
						{"origin": [-0.5, 0, -2], "size": [1, 16, 10], "inflate": -0.25, "uv": [22, 11]},
						{"origin": [-8, 7.5, -2], "size": [16, 1, 10], "inflate": -0.25, "uv": [0, 37]},
						{"origin": [-8, 1, -2], "size": [1, 14, 10], "uv": [0, 11]}
					]
				}
			]
		}
	]
}