{
	"format_version": "1.12.0",
	"minecraft:geometry": [
		{
			"description": {
				"identifier": "geometry.custom.karlstad",
				"texture_width": 128,
				"texture_height": 128,
				"visible_bounds_width": 10,
				"visible_bounds_height": 3.5,
				"visible_bounds_offset": [0, 0.25, 0]
			},
			"bones": [
				{
					"name": "bone",
					"pivot": [0, 0, 0],
					"cubes": [
						{"origin": [-23, 0, -7], "size": [1, 3, 1], "uv": [0, 0]},
						{"origin": [-23, 0, 6], "size": [1, 3, 1], "uv": [0, 0]},
						{"origin": [22, 0, 6], "size": [1, 3, 1], "uv": [0, 0]},
						{"origin": [22, 0, -7], "size": [1, 3, 1], "uv": [0, 0]},
						{"origin": [21, 2.5, -8], "size": [3, 11, 16], "inflate": -0.25, "uv": [0, 0]},
						{"origin": [-24, 2.5, -8], "size": [3, 11, 16], "inflate": -0.25, "uv": [0, 0]},
						{"origin": [-21.5, 2.5, -8], "size": [43, 3, 16], "inflate": -0.25, "uv": [0, 27]},
						{"origin": [0, 5.25, -8], "size": [21.25, 3, 13.25], "uv": [38, 11]},
						{"origin": [-21.25, 5, -5], "size": [21.25, 3, 9.25], "pivot": [-21.25, 8, 4.25], "rotation": [-100, 0, 0], "uv": [0, 46]},
						{"origin": [0, 5, -5], "size": [21.25, 3, 9.25], "pivot": [0, 8, 4.25], "rotation": [-100, 0, 0], "uv": [0, 46]},
						{"origin": [-21.25, 5.25, -8], "size": [21.25, 3, 13.25], "uv": [38, 11]},
						{"origin": [-21.5, 5, 5], "size": [43, 8.5, 3], "inflate": -0.25, "uv": [22, 0]}
					]
				}
			]
		}
	]
}