{
	"format_version": "1.12.0",
	"minecraft:geometry": [
		{
			"description": {
				"identifier": "geometry.custom.kivik",
				"texture_width": 128,
				"texture_height": 128,
				"visible_bounds_width": 10,
				"visible_bounds_height": 3.5,
				"visible_bounds_offset": [0, 0.25, 0]
			},
			"bones": [
				{
					"name": "bone",
					"pivot": [0, 0, 0],
					"cubes": [
						{"origin": [-22, 0, -7], "size": [1, 1, 1], "uv": [0, 0]},
						{"origin": [-22, 0, 6], "size": [1, 1, 1], "uv": [0, 0]},
						{"origin": [21, 0, 6], "size": [1, 1, 1], "uv": [0, 0]},
						{"origin": [21, 0, -7], "size": [1, 1, 1], "uv": [0, 0]},
						{"origin": [-24, 0.5, -8], "size": [4, 11, 16], "uv": [0, 0]},
						{"origin": [20, 0.5, -8], "size": [4, 11, 16], "uv": [0, 0]},
						{"origin": [-20, 0.5, -8], "size": [40, 5, 16], "uv": [0, 28]},
						{"origin": [0.25, 5.25, -8], "size": [19.5, 3, 13.25], "inflate": 0.25, "uv": [40, 12]},
						{"origin": [-20, 4.75, -5], "size": [20, 3, 9.25], "pivot": [-21.25, 7.75, 4.25], "rotation": [-110, 0, 0], "uv": [0, 49]},
						{"origin": [0, 4.75, -5], "size": [20, 3, 9.25], "pivot": [0, 7.75, 4.25], "rotation": [-110, 0, 0], "uv": [0, 49]},
						{"origin": [-19.75, 5.25, -8], "size": [19.5, 3, 13.25], "inflate": 0.25, "uv": [40, 12]},
						{"origin": [-20, 5.5, 5], "size": [40, 9, 3], "uv": [24, 0]}
					]
				}
			]
		}
	]
}