{
	"format_version": "1.12.0",
	"minecraft:geometry": [
		{
			"description": {
				"identifier": "geometry.custom.klippan",
				"texture_width": 128,
				"texture_height": 128,
				"visible_bounds_width": 10,
				"visible_bounds_height": 3.5,
				"visible_bounds_offset": [0, 0.25, 0]
			},
			"bones": [
				{
					"name": "bone",
					"pivot": [0, 0, 0],
					"cubes": [
						{"origin": [-15, 0, -7], "size": [1, 3, 1], "uv": [0, 0]},
						{"origin": [-15, 0, 6], "size": [1, 3, 1], "uv": [0, 0]},
						{"origin": [14, 0, 6], "size": [1, 3, 1], "uv": [0, 0]},
						{"origin": [14, 0, -7], "size": [1, 3, 1], "uv": [0, 0]},
						{"origin": [-16, 2.25, -8], "size": [3, 11, 16], "uv": [0, 0]},
						{"origin": [13, 2.25, -8], "size": [3, 11, 16], "uv": [0, 0]},
						{"origin": [-13, 2.25, -8], "size": [26, 3, 16], "uv": [0, 27]},
						{"origin": [-13, 5.25, -8], "size": [26, 3, 13], "uv": [38, 11]},
						{"origin": [-13, 13.25, 5], "size": [26, 3, 9.25], "pivot": [-8.25, 13.25, 5], "rotation": [-110, 0, 0], "uv": [0, 46]},
						{"origin": [-13, 4.75, 5], "size": [26, 8.5, 3], "uv": [22, 0]}
					]
				}
			]
		}
	]
}