{
	"format_version": "1.12.0",
	"minecraft:geometry": [
		{
			"description": {
				"identifier": "geometry.custom.koppang",
				"texture_width": 128,
				"texture_height": 128,
				"visible_bounds_width": 10,
				"visible_bounds_height": 4.5,
				"visible_bounds_offset": [0, 0.75, 0]
			},
			"bones": [
				{
					"name": "bone",
					"pivot": [8, 0, 0],
					"cubes": [
						{"origin": [15, 0, 7], "size": [1, 16, 1], "uv": [0, 0]},
						{"origin": [15, 0, -4], "size": [1, 16, 1], "uv": [0, 0]},
						{"origin": [-16, 0, -4], "size": [1, 16, 1], "uv": [0, 0]},
						{"origin": [-15, 15, -4], "size": [30, 1, 1], "uv": [4, 0]},
						{"origin": [-16, 0, 7], "size": [1, 16, 1], "uv": [0, 0]},
						{"origin": [-0.5, 0, 7], "size": [1, 16, 1], "uv": [0, 0]},
						{"origin": [-0.5, 0, -4], "size": [1, 16, 1], "uv": [0, 0]},
						{"origin": [-16, 2, -4], "size": [32, 1, 12], "inflate": -0.25, "uv": [22, 2]},
						{"origin": [-15.75, 2.75, -3], "size": [31.5, 13.25, 10.75], "uv": [0, 15]},
						{"origin": [-15, 2.75, -4], "size": [14.5, 4.09, 1], "inflate": -0.1, "uv": [4, 2]},
						{"origin": [0.5, 2.75, -4], "size": [14.5, 4.09, 1], "inflate": -0.1, "uv": [4, 2]},
						{"origin": [-15, 6.8, -4], "size": [14.5, 4.09, 1], "inflate": -0.1, "uv": [4, 2]},
						{"origin": [0.5, 6.8, -4], "size": [14.5, 4.09, 1], "inflate": -0.1, "uv": [4, 2]},
						{"origin": [-15, 10.85, -4], "size": [14.5, 4.09, 1], "inflate": -0.1, "uv": [4, 2]},
						{"origin": [0.5, 10.85, -4], "size": [14.5, 4.09, 1], "inflate": -0.1, "uv": [4, 2]},
						{"origin": [-16.5, 15.75, -4.5], "size": [33, 1, 13], "inflate": -0.25, "uv": [0, 38]}
					]
				}
			]
		}
	]
}