{
	"format_version": "1.12.0",
	"minecraft:geometry": [
		{
			"description": {
				"identifier": "geometry.custom.lack",
				"texture_width": 128,
				"texture_height": 128,
				"visible_bounds_width": 10,
				"visible_bounds_height": 5.5,
				"visible_bounds_offset": [0, 1.25, 0]
			},
			"bones": [
				{
					"name": "bone",
					"pivot": [0, 0, 0],
					"cubes": [
						{"origin": [5, 0, 5], "size": [2, 11, 2], "uv": [0, 0]},
						{"origin": [5, 0, -7], "size": [2, 11, 2], "uv": [0, 0]},
						{"origin": [-7, 0, -7], "size": [2, 11, 2], "uv": [0, 0]},
						{"origin": [-7, 0, 5], "size": [2, 11, 2], "uv": [0, 0]},
						{"origin": [-7, 11, -7], "size": [14, 2, 14], "uv": [0, 0]}
					]
				}
			]
		}
	]
}