{
	"format_version": "1.12.0",
	"minecraft:geometry": [
		{
			"description": {
				"identifier": "geometry.custom.lappland",
				"texture_width": 128,
				"texture_height": 128,
				"visible_bounds_width": 10,
				"visible_bounds_height": 4.5,
				"visible_bounds_offset": [0, 0.75, 0]
			},
			"bones": [
				{
					"name": "bone2",
					"pivot": [0, 0, 1],
					"cubes": [
						{"origin": [-10.5, 10, 6.75], "size": [29, 16, 1], "inflate": -0.25, "uv": [12, 0]},
						{"origin": [-9.5, 9.25, 2.75], "size": [27, 1.5, 2], "inflate": -0.25, "uv": [0, 17]},
						{"origin": [13.25, 0.75, 1.625], "size": [5, 6, 6], "uv": [72, 0]}
					]
				},
				{
					"name": "bone",
					"pivot": [-12, 0, 0],
					"cubes": [
						{"origin": [-11.75, 0.5, -0.25], "size": [1, 26.25, 8.5], "inflate": -0.25, "uv": [0, 20]},
						{"origin": [-4, 0.5, -0.25], "size": [1, 6.75, 8.5], "inflate": -0.25, "uv": [18, 20]},
						{"origin": [3.75, 0.5, -0.25], "size": [1, 8.75, 8.5], "inflate": -0.25, "uv": [36, 20]},
						{"origin": [11.5, 0.5, -0.25], "size": [1, 6.75, 8.5], "inflate": -0.25, "uv": [18, 20]},
						{"origin": [-20, -0.125, -0.25], "size": [40, 1, 8.5], "inflate": -0.125, "uv": [18, 36]},
						{"origin": [-20, 26.375, -0.25], "size": [40, 1, 8.5], "inflate": -0.125, "uv": [18, 36]},
						{"origin": [-20, 0.625, -0.25], "size": [1, 26, 8.5], "inflate": -0.125, "uv": [0, 20]},
						{"origin": [19, 0.625, -0.25], "size": [1, 26, 8.5], "inflate": -0.125, "uv": [0, 20]},
						{"origin": [-11.25, 8.75, -0.25], "size": [30.75, 1, 8.5], "inflate": -0.25, "uv": [52, 17]},
						{"origin": [-11.25, 9.25, 7.25], "size": [30.75, 17.5, 1], "inflate": -0.25, "uv": [0, 54]},
						{"origin": [-19.75, 13.125, -0.25], "size": [8.5, 1, 8.5], "inflate": -0.25, "uv": [54, 26]},
						{"origin": [-19.75, 6.625, -0.25], "size": [39.5, 1, 8.5], "inflate": -0.25, "uv": [18, 36]},
						{"origin": [-19.75, 19.75, -0.25], "size": [8.5, 1, 8.5], "inflate": -0.25, "uv": [54, 26]}
					]
				}
			]
		}
	]
}