{
	"format_version": "1.12.0",
	"minecraft:geometry": [
		{
			"description": {
				"identifier": "geometry.custom.linnmon",
				"texture_width": 128,
				"texture_height": 128,
				"visible_bounds_width": 10,
				"visible_bounds_height": 4.5,
				"visible_bounds_offset": [0, 0.75, 0]
			},
			"bones": [
				{
					"name": "bone",
					"pivot": [0, 0, 0],
					"cubes": [
						{"origin": [-15.25, 0, -7.25], "size": [1, 15, 1], "uv": [0, 0]},
						{"origin": [7, -0.125, -8], "size": [9, 15.25, 16], "inflate": -0.125, "uv": [0, 17]},
						{"origin": [-15.25, 0, 6.25], "size": [1, 15, 1], "uv": [0, 0]},
						{"origin": [-16, 15, -8], "size": [32, 1, 16], "uv": [0, 0]}
					]
				},
				{
					"name": "bone2",
					"pivot": [3.5, 0, -1.5],
					"cubes": [
						{"origin": [0.25, 15.75, -6.25], "size": [2, 1, 2.5], "inflate": -0.25, "uv": [4, 4]},
						{"origin": [-11.25, 15.75, -7.25], "size": [9, 1, 3.5], "inflate": -0.25, "uv": [0, 48]},
						{"origin": [11.5, 15.75, 3.5], "size": [3, 1, 3], "inflate": -0.25, "uv": [4, 0]},
						{"origin": [12.5, 16.25, 4.5], "size": [1, 6, 1], "inflate": -0.25, "uv": [4, 7]},
						{"origin": [11, 22, 3], "size": [4, 4, 4], "uv": [0, 17]}
					]
				},
				{
					"name": "bone3",
					"parent": "bone2",
					"pivot": [9.5, 17.81228, 2.48228],
					"rotation": [0, 5, 0],
					"cubes": [
						{"origin": [5.77702, 15.7, 0.09077], "size": [3, 1, 1.75], "inflate": -0.3, "pivot": [6.07702, 16.4, 1.54077], "rotation": [0, 30, 0], "uv": [4, 14]},
						{"origin": [3.37702, 15.7, 0.09077], "size": [3, 1, 1.75], "inflate": -0.3, "uv": [4, 14]},
						{"origin": [0.97702, 15.7, 0.09077], "size": [3, 1, 1.75], "inflate": -0.3, "pivot": [3.67702, 16.4, 1.54077], "rotation": [0, -30, 0], "uv": [4, 14]},
						{"origin": [4.37702, 16.25, 0.37717], "size": [1, 6, 1], "inflate": -0.1, "uv": [8, 7]},
						{"origin": [-0.62298, 17.5864, -0.15923], "size": [11, 7, 1], "inflate": -0.1, "uv": [34, 17]}
					]
				},
				{
					"name": "bone4",
					"parent": "bone2",
					"pivot": [-0.8, 16.6864, 2.8364],
					"cubes": [
						{"origin": [-12.75, 17.3364, 0.75], "size": [12, 7, 1], "inflate": -0.25, "uv": [58, 17]},
						{"origin": [-9.25, 15.7, -1.25], "size": [5, 1, 4], "inflate": -0.3, "uv": [20, 48]},
						{"origin": [-8.25, 16.25, 1.2864], "size": [3, 6, 1], "inflate": -0.1, "uv": [0, 25]}
					]
				},
				{
					"name": "bone5",
					"parent": "bone2",
					"pivot": [3.5, 0, -1.5],
					"cubes": [
						{"origin": [-13.5, 0, -2.5], "size": [3, 8, 7], "uv": [50, 25]}
					]
				}
			]
		}
	]
}