{
	"format_version": "1.12.0",
	"minecraft:geometry": [
		{
			"description": {
				"identifier": "geometry.custom.malm",
				"texture_width": 128,
				"texture_height": 128,
				"visible_bounds_width": 10,
				"visible_bounds_height": 4.5,
				"visible_bounds_offset": [0, 0.75, 0]
			},
			"bones": [
				{
					"name": "bone",
					"pivot": [0, 0, 0],
					"cubes": [
						{"origin": [-8, 0, 0], "size": [16, 24.25, 8], "uv": [0, 0]},
						{"origin": [-8.25, 24, -0.75], "size": [16.5, 1, 9], "inflate": -0.25, "uv": [49, 0]},
						{"origin": [-8.25, -0.25, -0.75], "size": [16.5, 2, 1], "inflate": -0.25, "uv": [48, 10]},
						{"origin": [-8.25, 1.5, -0.75], "size": [16.5, 4.75, 1], "inflate": -0.25, "uv": [48, 13]},
						{"origin": [-8.25, 6, -0.75], "size": [16.5, 4.75, 1], "inflate": -0.25, "uv": [48, 13]},
						{"origin": [-8.25, 10.5, -0.75], "size": [16.5, 4.75, 1], "inflate": -0.25, "uv": [48, 13]},
						{"origin": [-8.25, 15, -0.75], "size": [16.5, 4.75, 1], "inflate": -0.25, "uv": [48, 13]},
						{"origin": [-0.2, 19.5, -0.75], "size": [8.45, 4.75, 1], "inflate": -0.25, "uv": [40, 0]},
						{"origin": [-8.25, 19.5, -0.75], "size": [8.45, 4.75, 1], "inflate": -0.25, "uv": [40, 0]}
					]
				}
			]
		}
	]
}