{
	"format_version": "1.12.0",
	"minecraft:geometry": [
		{
			"description": {
				"identifier": "geometry.custom.malmbed",
				"texture_width": 128,
				"texture_height": 128,
				"visible_bounds_width": 10,
				"visible_bounds_height": 4.5,
				"visible_bounds_offset": [0, 0.75, 0]
			},
			"bones": [
				{
					"name": "bone",
					"pivot": [-8, 0, 16],
					"cubes": [
						{"origin": [-16, 0, 23], "size": [32, 14, 1], "uv": [0, 0]},
						{"origin": [-16, 0, -8], "size": [32, 5, 1], "uv": [0, 15]},
						{"origin": [-15.75, 2.5, -7.25], "size": [1, 2.75, 30.5], "inflate": -0.25, "uv": [36, 0]},
						{"origin": [-15, 2.75, -7.25], "size": [1, 1, 30.5], "uv": [0, 21]},
						{"origin": [14, 2.75, -7.25], "size": [1, 1, 30.5], "uv": [0, 21]},
						{"origin": [-15, 3.75, -7], "size": [30, 4, 30], "inflate": -0.2, "uv": [0, 52]},
						{"origin": [1, 7.5, 16.75], "size": [12, 2, 6], "uv": [68, 0]},
						{"origin": [-13, 7.5, 16.75], "size": [12, 2, 6], "uv": [68, 0]},
						{"origin": [14.75, 2.5, -7.25], "size": [1, 2.75, 30.5], "inflate": -0.25, "uv": [36, 0]}
					]
				}
			]
		}
	]
}