{
	"format_version": "1.12.0",
	"minecraft:geometry": [
		{
			"description": {
				"identifier": "geometry.custom.malmdesk",
				"texture_width": 128,
				"texture_height": 128,
				"visible_bounds_width": 10,
				"visible_bounds_height": 4.5,
				"visible_bounds_offset": [0, 0.75, 0]
			},
			"bones": [
				{
					"name": "bone",
					"pivot": [0, 0, 0],
					"cubes": [
						{"origin": [-16, 0, -8], "size": [1, 15, 16], "uv": [94, 16]},
						{"origin": [7, 0, -7.5], "size": [9, 15, 15.5], "uv": [0, 17]},
						{"origin": [6.75, 1.25, -8.25], "size": [9.5, 10, 1], "inflate": -0.25, "uv": [100, 4]},
						{"origin": [6.75, 11, -8.25], "size": [9.5, 4, 1], "inflate": -0.25, "uv": [80, 4]},
						{"origin": [-15, 12, 7], "size": [22, 3, 1], "uv": [80, 0]},
						{"origin": [-16, 15, -8], "size": [32, 1, 16], "uv": [0, 0]}
					]
				},
				{
					"name": "bone2",
					"pivot": [-4, -0.5, 0],
					"cubes": [
						{"origin": [-6, 15.7, -2], "size": [4, 1, 4.5], "inflate": -0.3, "uv": [0, 47]},
						{"origin": [-6, 16.1, 1], "size": [4, 8, 1], "inflate": -0.3, "uv": [0, 17]},
						{"origin": [-5.7, 22.05, -0.55], "size": [3.4, 1, 2], "inflate": -0.1, "uv": [0, 26]},
						{"origin": [-13, 17.3364, -1.4636], "size": [18, 11, 2], "inflate": -1.25, "uv": [34, 17]},
						{"origin": [1, 15.75, -6], "size": [3, 1, 2.5], "inflate": -0.25, "uv": [30, 47]},
						{"origin": [-7.5, 15.75, -6], "size": [7, 1, 2.5], "inflate": -0.25, "uv": [12, 47]}
					]
				},
				{
					"name": "bone3",
					"pivot": [0, 0, 0],
					"cubes": [
						{"origin": [10, 15.25, 2], "size": [4, 4, 4], "inflate": -0.75, "uv": [0, 0]},
						{"origin": [10, 15.25, 2], "size": [4, 3, 4], "inflate": -0.75, "uv": [0, 8]}
					]
				},
				{
					"name": "bone4",
					"parent": "bone3",
					"pivot": [12, 21.25, 4],
					"rotation": [0, -45, 0],
					"cubes": [
						{"origin": [11.5, 17.25, 0], "size": [1, 8, 8], "inflate": -0.5, "uv": [92, 16]},
						{"origin": [11.5, 17.25, 0], "size": [1, 8, 8], "inflate": -0.5, "pivot": [12, 21.25, 4], "rotation": [0, -90, 0], "uv": [92, 16]}
					]
				}
			]
		}
	]
}