{
	"format_version": "1.12.0",
	"minecraft:geometry": [
		{
			"description": {
				"identifier": "geometry.custom.malmdesk2",
				"texture_width": 128,
				"texture_height": 128,
				"visible_bounds_width": 10,
				"visible_bounds_height": 5.5,
				"visible_bounds_offset": [0, 1.25, 0]
			},
			"bones": [
				{
					"name": "bone",
					"pivot": [0, 0, 0],
					"cubes": [
						{"origin": [-16, 0, -8], "size": [1, 15, 16], "uv": [34, 17]},
						{"origin": [15, 0, -8], "size": [1, 15, 16], "uv": [34, 17]},
						{"origin": [-15, 12, 7], "size": [30, 3, 1], "uv": [52, 17]},
						{"origin": [-16, 15, -8], "size": [32, 1, 16], "uv": [32, 0]},
						{"origin": [-15, 14, -18], "size": [10, 1, 15], "uv": [0, 17]},
						{"origin": [-15, 0.75, -18], "size": [10, 13.25, 1], "uv": [0, 0]},
						{"origin": [-6.125, -0.125, -18], "size": [1, 1, 1], "inflate": -0.125, "uv": [22, 0]},
						{"origin": [-14.875, -0.125, -18], "size": [1, 1, 1], "inflate": -0.125, "uv": [22, 0]}
					]
				},
				{
					"name": "bone2",
					"pivot": [5, -0.5, 0],
					"cubes": [
						{"origin": [10, 15.75, -6], "size": [3, 1, 2.5], "inflate": -0.25, "uv": [0, 14]},
						{"origin": [1.5, 15.75, -6], "size": [7, 1, 2.5], "inflate": -0.25, "uv": [24, 0]}
					]
				},
				{
					"name": "laptop",
					"parent": "bone2",
					"pivot": [-9, 16.23473, -1.69696],
					"rotation": [0, -40, 0],
					"cubes": [
						{"origin": [-13, 15.7, -4.5], "size": [8, 1, 6], "inflate": -0.3, "uv": [0, 40]},
						{"origin": [-13, 15.76946, -4.89392], "size": [8, 1, 6], "inflate": -0.3, "pivot": [-12.7, 16.06946, 0.80608], "rotation": [-100, 0, 0], "uv": [0, 33]}
					]
				},
				{
					"name": "ergo",
					"parent": "bone2",
					"pivot": [7.625, 22.75, 7.125],
					"cubes": [
						{"origin": [7.125, 15.875, 6.625], "size": [1, 8, 1], "uv": [0, 17]}
					]
				},
				{
					"name": "stand",
					"parent": "ergo",
					"pivot": [7.625, 22.75, 7.125],
					"rotation": [0, 60, 0],
					"cubes": [
						{"origin": [7.125, 21.875, 3], "size": [1, 1, 4], "inflate": -0.125, "uv": [0, 22]},
						{"origin": [7.125, 22.625, 3], "size": [1, 1, 4], "inflate": -0.125, "pivot": [7.625, 23, 3.5], "rotation": [0, 150, 0], "uv": [0, 22]}
					]
				},
				{
					"name": "display",
					"parent": "ergo",
					"pivot": [3, 23.0864, 2.0364],
					"rotation": [0, -5, 0],
					"cubes": [
						{"origin": [-6, 17.5864, 0.7864], "size": [18, 11, 2], "inflate": -1.25, "uv": [0, 48]},
						{"origin": [2, 22.0864, 1.7864], "size": [2, 2, 1], "inflate": -0.125, "uv": [0, 27]}
					]
				},
				{
					"name": "6K",
					"parent": "bone2",
					"pivot": [-9.71875, 16.5, -12.3125],
					"rotation": [0, 10, 0],
					"cubes": [
						{"origin": [-12.75, 15, -15], "size": [2, 3, 1], "inflate": 0.1, "uv": [4, 17]},
						{"origin": [-12.75, 15, -14], "size": [1, 3, 4], "uv": [22, 3]},
						{"origin": [-11.5, 15.5, -13], "size": [1, 2, 2], "inflate": 0.25, "uv": [28, 3]},
						{"origin": [-10.25, 15.5, -13], "size": [2, 2, 2], "uv": [34, 3]},
						{"origin": [-9.75, 17.25, -13.25], "size": [3, 1, 2.5], "inflate": -0.25, "uv": [32, 7]},
						{"origin": [-9.75, 14.75, -13.25], "size": [3, 1, 2.5], "inflate": -0.25, "uv": [32, 7]},
						{"origin": [-9.75, 15.25, -13.75], "size": [2.5, 2.5, 1], "inflate": -0.25, "uv": [22, 10]},
						{"origin": [-9.75, 15.25, -11.25], "size": [2.5, 2.5, 1], "inflate": -0.25, "uv": [22, 10]}
					]
				}
			]
		}
	]
}