{
	"format_version": "1.12.0",
	"minecraft:geometry": [
		{
			"description": {
				"identifier": "geometry.custom.markus",
				"texture_width": 128,
				"texture_height": 128,
				"visible_bounds_width": 10,
				"visible_bounds_height": 4.5,
				"visible_bounds_offset": [0, 0.75, 0]
			},
			"bones": [
				{
					"name": "bone",
					"pivot": [0, 0, 0.25],
					"cubes": [
						{"origin": [-5, 8.25, -4.75], "size": [10, 1, 9.75], "inflate": 0.25, "uv": [7, 0]},
						{"origin": [-5, 7.76034, 4.34453], "size": [10, 18, 1], "inflate": -0.125, "pivot": [-4.875, 7.59373, 6.54785], "rotation": [-5, 0, 0], "uv": [0, 10]},
						{"origin": [-5, 21.76034, 3.59453], "size": [10, 4, 1.25], "inflate": -0.25, "pivot": [-4.875, 7.59373, 6.04785], "rotation": [-5, 0, 0], "uv": [0, 29]},
						{"origin": [-0.5, 2, -0.5], "size": [1, 6, 1], "uv": [0, 0]}
					]
				},
				{
					"name": "bone7",
					"parent": "bone",
					"pivot": [6.75, 12.5, -2.5],
					"cubes": [
						{"origin": [5, 8, 2.75], "size": [1.5, 4.75, 1], "inflate": -0.25, "pivot": [6.25, 12.5, 3.5], "rotation": [-7.5, 0, 0], "uv": [4, 0]},
						{"origin": [5, 12.25, -2.75], "size": [1.5, 1, 6.5], "inflate": -0.125, "uv": [36, 0]},
						{"origin": [5, 8.03636, -2.19526], "size": [1.5, 1, 5.38], "inflate": -0.25, "uv": [4, 0]},
						{"origin": [5, 8, -2.75], "size": [1.5, 4.75, 1], "inflate": -0.25, "pivot": [6.75, 12.5, -2.5], "rotation": [7.5, 0, 0], "uv": [4, 0]}
					]
				},
				{
					"name": "bone9",
					"parent": "bone",
					"pivot": [-4.75, 12.5, -2.5],
					"cubes": [
						{"origin": [-6.5, 8, 2.75], "size": [1.5, 4.75, 1], "inflate": -0.25, "pivot": [-5.25, 12.5, 3.5], "rotation": [-7.5, 0, 0], "uv": [4, 0]},
						{"origin": [-6.5, 12.25, -2.75], "size": [1.5, 1, 6.5], "inflate": -0.125, "uv": [36, 0]},
						{"origin": [-6.5, 8.03636, -2.19526], "size": [1.5, 1, 5.38], "inflate": -0.25, "uv": [4, 0]},
						{"origin": [-6.5, 8, -2.75], "size": [1.5, 4.75, 1], "inflate": -0.25, "pivot": [-4.75, 12.5, -2.5], "rotation": [7.5, 0, 0], "uv": [4, 0]}
					]
				},
				{
					"name": "bone8",
					"parent": "bone",
					"pivot": [0, 0, 0.25]
				},
				{
					"name": "bone2",
					"parent": "bone8",
					"pivot": [0, 0, 0],
					"cubes": [
						{"origin": [-0.5, 0.05, 5.45], "size": [1, 1, 1], "inflate": 0.1, "uv": [22, 10]},
						{"origin": [-0.5, 0.95, -0.5], "size": [1, 1.25, 7], "inflate": -0.2, "pivot": [0, 1.15, 6], "rotation": [-15, 0, 0], "uv": [22, 10]}
					]
				},
				{
					"name": "bone4",
					"parent": "bone8",
					"pivot": [0, 0, 0],
					"rotation": [0, -144, 0],
					"cubes": [
						{"origin": [-0.5, 0.05, 5.45], "size": [1, 1, 1], "inflate": 0.1, "uv": [22, 10]},
						{"origin": [-0.5, 0.95, -0.5], "size": [1, 1.25, 7], "inflate": -0.2, "pivot": [0, 1.15, 6], "rotation": [-15, 0, 0], "uv": [22, 10]}
					]
				},
				{
					"name": "bone5",
					"parent": "bone8",
					"pivot": [0, 0, 0],
					"rotation": [0, 144, 0],
					"cubes": [
						{"origin": [-0.5, 0.05, 5.45], "size": [1, 1, 1], "inflate": 0.1, "uv": [22, 10]},
						{"origin": [-0.5, 0.95, -0.5], "size": [1, 1.25, 7], "inflate": -0.2, "pivot": [0, 1.15, 6], "rotation": [-15, 0, 0], "uv": [22, 10]}
					]
				},
				{
					"name": "bone6",
					"parent": "bone8",
					"pivot": [0, 0, 0],
					"rotation": [0, 72, 0],
					"cubes": [
						{"origin": [-0.5, 0.05, 5.45], "size": [1, 1, 1], "inflate": 0.1, "uv": [22, 10]},
						{"origin": [-0.5, 0.95, -0.5], "size": [1, 1.25, 7], "inflate": -0.2, "pivot": [0, 1.15, 6], "rotation": [-15, 0, 0], "uv": [22, 10]}
					]
				},
				{
					"name": "bone3",
					"parent": "bone8",
					"pivot": [0, 0, 0],
					"rotation": [0, -72, 0],
					"cubes": [
						{"origin": [-0.5, 0.05, 5.45], "size": [1, 1, 1], "inflate": 0.1, "uv": [22, 10]},
						{"origin": [-0.5, 0.95, -0.5], "size": [1, 1.25, 7], "inflate": -0.2, "pivot": [0, 1.15, 6], "rotation": [-15, 0, 0], "uv": [22, 10]}
					]
				}
			]
		}
	]
}