{
	"format_version": "1.12.0",
	"minecraft:geometry": [
		{
			"description": {
				"identifier": "geometry.custom.martin",
				"texture_width": 128,
				"texture_height": 128,
				"visible_bounds_width": 10,
				"visible_bounds_height": 4.5,
				"visible_bounds_offset": [0, 0.75, 0]
			},
			"bones": [
				{
					"name": "bone",
					"pivot": [0, 0, 0.25],
					"cubes": [
						{"origin": [3.75, -0.25, 3.25], "size": [1, 8.25, 1], "inflate": -0.1, "pivot": [4.75, 15.75, 3.25], "rotation": [5, 0, 0], "uv": [0, 0]},
						{"origin": [-5, 7.5, -4.75], "size": [10, 1, 10], "inflate": -0.25, "uv": [0, 0]},
						{"origin": [-5, 7.37117, 4.20071], "size": [10, 10, 1], "inflate": -0.25, "pivot": [-5.25, 7.12117, 6.45071], "rotation": [-5, 0, 0], "uv": [40, 0]},
						{"origin": [-4.75, -0.25, 3.25], "size": [1, 8.25, 1], "inflate": -0.1, "pivot": [-3.75, 15.75, 3.25], "rotation": [5, 0, 0], "uv": [0, 0]},
						{"origin": [-4.75, -0.25, -4.5], "size": [1, 8.25, 1], "inflate": -0.1, "pivot": [-3.75, 7.75, -3.5], "rotation": [-2.5, 0, 0], "uv": [0, 0]},
						{"origin": [3.75, -0.25, -4.5], "size": [1, 8.25, 1], "inflate": -0.1, "pivot": [3.75, 7.75, -3.5], "rotation": [-2.5, 0, 0], "uv": [0, 0]}
					]
				}
			]
		}
	]
}