{
	"format_version": "1.12.0",
	"minecraft:geometry": [
		{
			"description": {
				"identifier": "geometry.custom.micke",
				"texture_width": 128,
				"texture_height": 128,
				"visible_bounds_width": 10,
				"visible_bounds_height": 4.5,
				"visible_bounds_offset": [0, 0.75, 0]
			},
			"bones": [
				{
					"name": "bone",
					"pivot": [0, 0, 0],
					"cubes": [
						{"origin": [15, 0, -8], "size": [1, 13, 1], "uv": [0, 0]},
						{"origin": [15, 0, -7], "size": [1, 1, 14], "uv": [0, 0]},
						{"origin": [15, 11, -7], "size": [1, 2, 14], "uv": [18, 19]},
						{"origin": [-16, 0, -8], "size": [1, 13, 16], "uv": [0, 19]},
						{"origin": [15, 0, 7], "size": [1, 13, 1], "uv": [0, 0]},
						{"origin": [-16, 13, -8], "size": [32, 3, 16], "uv": [24, 0]}
					]
				},
				{
					"name": "bone2",
					"pivot": [10, 0, -1.5],
					"cubes": [
						{"origin": [4.75, 15.75, -6.25], "size": [2, 1, 2.5], "inflate": -0.25, "uv": [4, 0]},
						{"origin": [-3.75, 15.75, -6.25], "size": [7, 1, 2.5], "inflate": -0.25, "uv": [0, 15]}
					]
				},
				{
					"name": "bone3",
					"parent": "bone2",
					"pivot": [16, 17.81228, 2.48228],
					"rotation": [0, 5, 0]
				},
				{
					"name": "bone4",
					"parent": "bone2",
					"pivot": [5.7, 16.6864, 2.8364],
					"cubes": [
						{"origin": [-2.75, 15.875, -0.75], "size": [5, 1, 4], "inflate": -0.125, "uv": [34, 28]}
					]
				},
				{
					"name": "bone5",
					"parent": "bone4",
					"pivot": [-0.25, 21.5864, 1.5],
					"cubes": [
						{"origin": [-6, 17.3364, 0.75], "size": [11.5, 8, 1], "inflate": -0.25, "pivot": [-0.25, 21.3364, 1.25], "rotation": [-10, 0, 0], "uv": [34, 19]},
						{"origin": [-3.5, 18.4, 1.25], "size": [6.5, 1, 1], "inflate": -0.25, "pivot": [-0.25, 21.5864, 1.5], "rotation": [-10, 0, 0], "uv": [58, 19]}
					]
				},
				{
					"name": "bone6",
					"parent": "bone4",
					"pivot": [-2.675, 16.2, 2.925],
					"cubes": [
						{"origin": [1.825, 15.8, 2.425], "size": [1, 4, 1], "inflate": -0.3, "pivot": [2.325, 16.2, 2.925], "rotation": [32.5, 0, 0], "uv": [4, 3]},
						{"origin": [-3.325, 15.8, 2.425], "size": [1, 4, 1], "inflate": -0.3, "pivot": [-2.675, 16.2, 2.925], "rotation": [32.5, 0, 0], "uv": [4, 3]}
					]
				}
			]
		}
	]
}