{
	"format_version": "1.12.0",
	"minecraft:geometry": [
		{
			"description": {
				"identifier": "geometry.custom.millberget",
				"texture_width": 128,
				"texture_height": 128,
				"visible_bounds_width": 10,
				"visible_bounds_height": 4.5,
				"visible_bounds_offset": [0, 0.75, 0]
			},
			"bones": [
				{
					"name": "bone",
					"pivot": [0, 0, 0.25],
					"cubes": [
						{"origin": [-5, 8.25, -4.75], "size": [10, 1, 9.75], "inflate": 0.25, "uv": [7, 0]},
						{"origin": [5, 12.25, -2.75], "size": [1.5, 1, 1.5], "inflate": -0.25, "uv": [12, 0]},
						{"origin": [-6.5, 12.25, -2.75], "size": [1.5, 1, 1.5], "inflate": -0.25, "uv": [12, 0]},
						{"origin": [5, 12.25, -1.75], "size": [1.5, 1, 7.5], "inflate": -0.15, "uv": [0, 0]},
						{"origin": [-6.5, 12.25, -1.75], "size": [1.5, 1, 7.5], "inflate": -0.15, "uv": [0, 0]},
						{"origin": [5, 7.75, -2.75], "size": [1.5, 5, 1], "inflate": -0.25, "pivot": [6.75, 12.5, -2.5], "rotation": [2.5, 0, 0], "uv": [9, 1]},
						{"origin": [-6.5, 7.75, -2.75], "size": [1.5, 5, 1], "inflate": -0.25, "pivot": [-4.75, 12.5, -2.5], "rotation": [2.5, 0, 0], "uv": [9, 1]},
						{"origin": [-5, 8.1666, 4.00364], "size": [10, 13, 1], "inflate": 0.25, "pivot": [-5.25, 7.99999, 6.20696], "rotation": [-5, 0, 0], "uv": [0, 10]},
						{"origin": [-0.5, 2, -0.5], "size": [1, 6, 1], "uv": [0, 0]}
					]
				},
				{
					"name": "bone2",
					"parent": "bone",
					"pivot": [0, 0, 0],
					"cubes": [
						{"origin": [-0.5, 0.05, 5.45], "size": [1, 1, 1], "inflate": 0.1, "uv": [22, 10]},
						{"origin": [-0.5, 0.95, -0.5], "size": [1, 1.25, 7], "inflate": -0.2, "uv": [22, 10]}
					]
				},
				{
					"name": "bone3",
					"parent": "bone",
					"pivot": [0, 0, 0],
					"rotation": [0, -72, 0],
					"cubes": [
						{"origin": [-0.5, 0.05, 5.45], "size": [1, 1, 1], "inflate": 0.1, "uv": [22, 10]},
						{"origin": [-0.5, 0.95, -0.5], "size": [1, 1.25, 7], "inflate": -0.2, "uv": [22, 10]}
					]
				},
				{
					"name": "bone4",
					"parent": "bone",
					"pivot": [0, 0, 0],
					"rotation": [0, -144, 0],
					"cubes": [
						{"origin": [-0.5, 0.05, 5.45], "size": [1, 1, 1], "inflate": 0.1, "uv": [22, 10]},
						{"origin": [-0.5, 0.95, -0.5], "size": [1, 1.25, 7], "inflate": -0.2, "uv": [22, 10]}
					]
				},
				{
					"name": "bone5",
					"parent": "bone",
					"pivot": [0, 0, 0],
					"rotation": [0, 144, 0],
					"cubes": [
						{"origin": [-0.5, 0.05, 5.45], "size": [1, 1, 1], "inflate": 0.1, "uv": [22, 10]},
						{"origin": [-0.5, 0.95, -0.5], "size": [1, 1.25, 7], "inflate": -0.2, "uv": [22, 10]}
					]
				},
				{
					"name": "bone6",
					"parent": "bone",
					"pivot": [0, 0, 0],
					"rotation": [0, 72, 0],
					"cubes": [
						{"origin": [-0.5, 0.05, 5.45], "size": [1, 1, 1], "inflate": 0.1, "uv": [22, 10]},
						{"origin": [-0.5, 0.95, -0.5], "size": [1, 1.25, 7], "inflate": -0.2, "uv": [22, 10]}
					]
				}
			]
		}
	]
}