{
	"format_version": "1.12.0",
	"minecraft:geometry": [
		{
			"description": {
				"identifier": "geometry.custom.neiden",
				"texture_width": 128,
				"texture_height": 128,
				"visible_bounds_width": 10,
				"visible_bounds_height": 4.5,
				"visible_bounds_offset": [0, 0.75, 0]
			},
			"bones": [
				{
					"name": "bone",
					"pivot": [-8, 0, 16],
					"cubes": [
						{"origin": [-8.25, -0.25, -8.25], "size": [1, 6.5, 2], "inflate": -0.25, "uv": [0, 14]},
						{"origin": [-7.75, -0.25, -7.75], "size": [1, 4.25, 2], "inflate": -0.25, "uv": [0, 14]},
						{"origin": [6.75, -0.25, -7.75], "size": [1, 4.25, 2], "inflate": -0.25, "uv": [0, 14]},
						{"origin": [6.75, -0.25, 21.75], "size": [1, 4.25, 2], "inflate": -0.25, "uv": [0, 14]},
						{"origin": [-7.75, -0.25, 21.75], "size": [1, 4.25, 2], "inflate": -0.25, "uv": [0, 14]},
						{"origin": [7.25, -0.25, -8.25], "size": [1, 6.5, 2], "inflate": -0.25, "uv": [0, 14]},
						{"origin": [7.25, -0.25, 22.25], "size": [1, 12.5, 2], "inflate": -0.25, "uv": [0, 0]},
						{"origin": [-8.25, -0.25, 22.25], "size": [1, 12.5, 2], "inflate": -0.25, "uv": [0, 0]},
						{"origin": [-6, 7.75, 16.75], "size": [12, 2, 6], "uv": [32, 0]},
						{"origin": [-7.5, 5, -7.5], "size": [15, 3, 31], "inflate": -0.2, "uv": [0, 33]},
						{"origin": [-7.75, 3.5, 22.75], "size": [15.5, 2, 1], "inflate": -0.25, "uv": [32, 8]},
						{"origin": [-7.75, 4.25, 23.25], "size": [15.5, 2, 1], "inflate": -0.25, "uv": [32, 8]},
						{"origin": [7.25, 4.25, -6.75], "size": [1, 2, 29.5], "inflate": -0.25, "uv": [0, 0]},
						{"origin": [-8.25, 4.25, -6.75], "size": [1, 2, 29.5], "inflate": -0.25, "uv": [0, 0]},
						{"origin": [-7.75, 3.5, -7.25], "size": [1, 2, 30.5], "inflate": -0.25, "uv": [38, 1]},
						{"origin": [6.75, 3.5, -7.25], "size": [1, 2, 30.5], "inflate": -0.25, "uv": [38, 1]}
					]
				},
				{
					"name": "bone2",
					"parent": "bone",
					"pivot": [0, 0, -0.5],
					"cubes": [
						{"origin": [-7.75, 4.25, -8.25], "size": [15.5, 2, 1], "inflate": -0.25, "uv": [32, 8]},
						{"origin": [-7.75, 3.5, -7.75], "size": [15.5, 2, 1], "inflate": -0.25, "uv": [32, 8]}
					]
				},
				{
					"name": "bone3",
					"parent": "bone",
					"pivot": [0, 10.5, 23.25],
					"rotation": [-30, 0, 0],
					"cubes": [
						{"origin": [-7.75, 9.25, 23], "size": [15.5, 2, 1], "inflate": -0.25, "uv": [32, 8]},
						{"origin": [-7.75, 10, 22.5], "size": [15.5, 2, 1], "inflate": -0.25, "uv": [32, 8]}
					]
				}
			]
		}
	]
}
