{
	"format_version": "1.12.0",
	"minecraft:geometry": [
		{
			"description": {
				"identifier": "geometry.custom.nilsolle",
				"texture_width": 128,
				"texture_height": 128,
				"visible_bounds_width": 10,
				"visible_bounds_height": 4.5,
				"visible_bounds_offset": [0, 0.75, 0]
			},
			"bones": [
				{
					"name": "bone",
					"pivot": [0, 0, 0],
					"cubes": [
						{"origin": [3.25, -0.25, 3.25], "size": [1, 18, 1], "pivot": [3.25, 15.75, 3.25], "rotation": [2.5, 0, -2.5], "uv": [0, 0]},
						{"origin": [-5, 17.75, -5], "size": [10, 1, 10], "uv": [4, 0]},
						{"origin": [-4.25, -0.25, 3.25], "size": [1, 18, 1], "pivot": [-3.25, 15.75, 3.25], "rotation": [2.5, 0, 2.5], "uv": [0, 0]},
						{"origin": [-4.25, -0.25, -4.25], "size": [1, 18, 1], "pivot": [-3.25, 15.75, -3.25], "rotation": [-2.5, 0, 2.5], "uv": [0, 0]},
						{"origin": [3.25, -0.25, -4.25], "size": [1, 18, 1], "pivot": [3.25, 15.75, -3.25], "rotation": [-2.5, 0, -2.5], "uv": [0, 0]},
						{"origin": [-4, 5, -4.75], "size": [8, 1, 1], "inflate": -0.1, "uv": [10, 11]},
						{"origin": [-4, 16.5, -4.25], "size": [8, 1.5, 1], "inflate": -0.1, "uv": [10, 11]},
						{"origin": [-4, 16.5, 3.25], "size": [8, 1.5, 1], "inflate": -0.1, "uv": [10, 11]},
						{"origin": [-4.25, 16.5, -4], "size": [1, 1.5, 8], "inflate": -0.1, "uv": [0, 11]},
						{"origin": [3.25, 16.5, -4], "size": [1, 1.5, 8], "inflate": -0.1, "uv": [0, 11]},
						{"origin": [-0.5, 5, -4], "size": [1, 1, 8], "inflate": -0.1, "uv": [0, 11]},
						{"origin": [-4, 5, 3.75], "size": [8, 1, 1], "inflate": -0.1, "uv": [10, 11]}
					]
				}
			]
		}
	]
}