{
	"format_version": "1.12.0",
	"minecraft:geometry": [
		{
			"description": {
				"identifier": "geometry.custom.nordviken",
				"texture_width": 128,
				"texture_height": 128,
				"visible_bounds_width": 10,
				"visible_bounds_height": 4.5,
				"visible_bounds_offset": [0, 0.75, 0]
			},
			"bones": [
				{
					"name": "bone",
					"pivot": [0, 0, 0],
					"cubes": [
						{"origin": [21, 0, 10], "size": [1, 16, 1], "uv": [0, 13]},
						{"origin": [-22, 0, 10], "size": [1, 16, 1], "uv": [0, 13]},
						{"origin": [-22, 0, -11], "size": [1, 16, 1], "uv": [0, 13]},
						{"origin": [-21, 4, -11], "size": [1, 1, 22], "uv": [0, 13]},
						{"origin": [20, 4, -11], "size": [1, 1, 22], "uv": [0, 13]},
						{"origin": [-21, 5, -0.5], "size": [42, 1, 1], "uv": [24, 13]},
						{"origin": [21, 0, -11], "size": [1, 16, 1], "uv": [0, 13]},
						{"origin": [-21.25, 13.25, -10.75], "size": [42.5, 3, 1], "inflate": -0.25, "uv": [24, 15]},
						{"origin": [-21.25, 13.25, 9.75], "size": [42.5, 3, 1], "inflate": -0.25, "uv": [24, 15]},
						{"origin": [20.75, 13.25, -10.25], "size": [1, 3, 20.5], "inflate": -0.25, "uv": [26, 19]},
						{"origin": [-21.75, 13.25, -10.25], "size": [1, 3, 20.5], "inflate": -0.25, "uv": [26, 19]},
						{"origin": [-23.25, 15.75, -12.05], "size": [46.5, 1, 12.25], "inflate": -0.2, "uv": [0, 0]},
						{"origin": [-23.25, 15.75, -0.2], "size": [46.5, 1, 12.25], "inflate": -0.2, "uv": [0, 0]}
					]
				}
			]
		}
	]
}