{
	"format_version": "1.12.0",
	"minecraft:geometry": [
		{
			"description": {
				"identifier": "geometry.custom.norrakerstool",
				"texture_width": 128,
				"texture_height": 128,
				"visible_bounds_width": 10,
				"visible_bounds_height": 4.5,
				"visible_bounds_offset": [0, 0.75, 0]
			},
			"bones": [
				{
					"name": "bone",
					"pivot": [-8, 0, 0],
					"cubes": [
						{"origin": [4.25, -0.25, 3.25], "size": [1, 8, 1], "pivot": [4.25, 15.75, 3.25], "rotation": [2.5, 0, -2.5], "uv": [0, 0]},
						{"origin": [-6, 7.75, -5], "size": [12, 1, 10], "uv": [0, 0]},
						{"origin": [-5.25, -0.25, 3.25], "size": [1, 8, 1], "pivot": [-4.25, 15.75, 3.25], "rotation": [2.5, 0, 2.5], "uv": [0, 0]},
						{"origin": [-5.25, -0.25, -4.25], "size": [1, 8, 1], "pivot": [-4.25, 15.75, -3.25], "rotation": [-2.5, 0, 2.5], "uv": [0, 0]},
						{"origin": [4.25, -0.25, -4.25], "size": [1, 8, 1], "pivot": [4.25, 15.75, -3.25], "rotation": [-2.5, 0, -2.5], "uv": [0, 0]},
						{"origin": [-5, 2, -0.5], "size": [10, 1, 1], "inflate": -0.1, "uv": [10, 11]},
						{"origin": [-5, 6.5, 3.5], "size": [10, 1.5, 1], "inflate": -0.1, "uv": [10, 11]},
						{"origin": [-5, 6.5, -4.5], "size": [10, 1.5, 1], "inflate": -0.1, "uv": [10, 11]},
						{"origin": [-5.5, 6.5, -4], "size": [1, 1.5, 8], "inflate": -0.1, "uv": [0, 11]},
						{"origin": [4.5, 6.5, -4], "size": [1, 1.5, 8], "inflate": -0.1, "uv": [0, 11]},
						{"origin": [-5.75, 2, -4], "size": [1, 1, 8], "inflate": -0.1, "uv": [0, 11]},
						{"origin": [4.75, 2, -4], "size": [1, 1, 8], "inflate": -0.1, "uv": [0, 11]}
					]
				}
			]
		}
	]
}