{
	"format_version": "1.12.0",
	"minecraft:geometry": [
		{
			"description": {
				"identifier": "geometry.custom.norrakertable",
				"texture_width": 128,
				"texture_height": 128,
				"visible_bounds_width": 10,
				"visible_bounds_height": 4.5,
				"visible_bounds_offset": [0, 0.75, 0]
			},
			"bones": [
				{
					"name": "bone",
					"pivot": [-8, 0, 0],
					"cubes": [
						{"origin": [11.25, -0.25, 5.25], "size": [1, 18, 1], "pivot": [11.25, 15.75, 5.25], "rotation": [2.5, 0, -2.5], "uv": [0, 0]},
						{"origin": [-13, 17.75, -7], "size": [26, 1, 14], "uv": [4, 0]},
						{"origin": [-12.25, -0.25, 5.25], "size": [1, 18, 1], "pivot": [-11.25, 15.75, 5.25], "rotation": [2.5, 0, 2.5], "uv": [0, 0]},
						{"origin": [-12.25, -0.25, -6.25], "size": [1, 18, 1], "pivot": [-11.25, 15.75, -5.25], "rotation": [-2.5, 0, 2.5], "uv": [0, 0]},
						{"origin": [11.25, -0.25, -6.25], "size": [1, 18, 1], "pivot": [11.25, 15.75, -5.25], "rotation": [-2.5, 0, -2.5], "uv": [0, 0]},
						{"origin": [-12, 16.5, 5.25], "size": [24, 1.5, 1], "inflate": -0.1, "uv": [14, 15]},
						{"origin": [-12, 16.5, -6.25], "size": [24, 1.5, 1], "inflate": -0.1, "uv": [14, 15]},
						{"origin": [-12.25, 16.5, -6], "size": [1, 1.5, 12], "inflate": -0.1, "uv": [0, 15]},
						{"origin": [11.25, 16.5, -6], "size": [1, 1.5, 12], "inflate": -0.1, "uv": [0, 15]}
					]
				}
			]
		}
	]
}