{
	"format_version": "1.12.0",
	"minecraft:geometry": [
		{
			"description": {
				"identifier": "geometry.custom.norraker",
				"texture_width": 128,
				"texture_height": 128,
				"visible_bounds_width": 10,
				"visible_bounds_height": 4.5,
				"visible_bounds_offset": [0, 0.75, 0]
			},
			"bones": [
				{
					"name": "bone",
					"pivot": [-8, 0, 0],
					"cubes": [
						{"origin": [11.25, -0.25, 3.25], "size": [1, 8, 1], "pivot": [11.25, 15.75, 3.25], "rotation": [2.5, 0, -2.5], "uv": [0, 0]},
						{"origin": [-13, 7.75, -5], "size": [26, 1, 10], "uv": [0, 0]},
						{"origin": [-12.25, -0.25, 3.25], "size": [1, 8, 1], "pivot": [-11.25, 15.75, 3.25], "rotation": [2.5, 0, 2.5], "uv": [0, 0]},
						{"origin": [-12.25, -0.25, -4.25], "size": [1, 8, 1], "pivot": [-11.25, 15.75, -3.25], "rotation": [-2.5, 0, 2.5], "uv": [0, 0]},
						{"origin": [11.25, -0.25, -4.25], "size": [1, 8, 1], "pivot": [11.25, 15.75, -3.25], "rotation": [-2.5, 0, -2.5], "uv": [0, 0]},
						{"origin": [-12, 2, -0.5], "size": [24, 1, 1], "inflate": -0.1, "uv": [10, 11]},
						{"origin": [-12, 6.5, 3.5], "size": [24, 1.5, 1], "inflate": -0.1, "uv": [10, 11]},
						{"origin": [-12, 6.5, -4.5], "size": [24, 1.5, 1], "inflate": -0.1, "uv": [10, 11]},
						{"origin": [-12.5, 6.5, -4], "size": [1, 1.5, 8], "inflate": -0.1, "uv": [0, 11]},
						{"origin": [11.5, 6.5, -4], "size": [1, 1.5, 8], "inflate": -0.1, "uv": [0, 11]},
						{"origin": [-12.75, 2, -4], "size": [1, 1, 8], "inflate": -0.1, "uv": [0, 11]},
						{"origin": [11.75, 2, -4], "size": [1, 1, 8], "inflate": -0.1, "uv": [0, 11]}
					]
				}
			]
		}
	]
}