{
	"format_version": "1.12.0",
	"minecraft:geometry": [
		{
			"description": {
				"identifier": "geometry.custom.rakkestad",
				"texture_width": 128,
				"texture_height": 128,
				"visible_bounds_width": 10,
				"visible_bounds_height": 4.5,
				"visible_bounds_offset": [0, 0.75, 0]
			},
			"bones": [
				{
					"name": "bone",
					"pivot": [0, 0, 0],
					"cubes": [
						{"origin": [-5, 0, 7], "size": [10, 40, 1], "uv": [0, 0]},
						{"origin": [5, 0, -4], "size": [1, 40, 12], "uv": [22, 0]},
						{"origin": [-6, 0, -4], "size": [1, 40, 12], "uv": [22, 0]},
						{"origin": [-5, 2, -4], "size": [10, 1, 11], "uv": [0, 52]},
						{"origin": [-5, 0, -3.75], "size": [10, 2, 1], "uv": [0, 41]},
						{"origin": [-5, 39, -4], "size": [10, 1, 11], "uv": [0, 52]},
						{"origin": [-5, 29.75, -4], "size": [10, 1, 11], "uv": [0, 52]},
						{"origin": [-5, 20.5, -4], "size": [10, 1, 11], "uv": [0, 52]},
						{"origin": [-5, 11.25, -4], "size": [10, 1, 11], "uv": [0, 52]}
					]
				}
			]
		}
	]
}