{
	"format_version": "1.12.0",
	"minecraft:geometry": [
		{
			"description": {
				"identifier": "geometry.custom.songesand",
				"texture_width": 128,
				"texture_height": 128,
				"visible_bounds_width": 10,
				"visible_bounds_height": 5.5,
				"visible_bounds_offset": [0, 1.25, 0]
			},
			"bones": [
				{
					"name": "bone",
					"pivot": [0, 0, 0],
					"cubes": [
						{"origin": [-12.25, -0.25, -8.25], "size": [1, 40.5, 16.5], "inflate": -0.25, "uv": [0, 41]},
						{"origin": [-11.5, 0, -8], "size": [23, 1, 1], "uv": [80, 56]},
						{"origin": [-11.5, 39, -8], "size": [23, 1, 1], "uv": [80, 56]},
						{"origin": [11.25, -0.25, -8.25], "size": [1, 40.5, 16.5], "inflate": -0.25, "uv": [0, 41]},
						{"origin": [-12.5, 39.75, -8.5], "size": [25, 1, 16.75], "inflate": -0.25, "uv": [46, 39]},
						{"origin": [-11.75, -0.25, 7.25], "size": [23.5, 40.5, 1], "inflate": -0.25, "uv": [0, 0]},
						{"origin": [-12, 1, -8], "size": [8, 38, 1], "inflate": -0.05, "uv": [48, 0]},
						{"origin": [-4, 1, -8], "size": [8, 38, 1], "inflate": -0.05, "uv": [66, 0]},
						{"origin": [4, 1, -8], "size": [8, 38, 1], "inflate": -0.05, "uv": [84, 0]}
					]
				}
			]
		}
	]
}