{
	"format_version": "1.12.0",
	"minecraft:geometry": [
		{
			"description": {
				"identifier": "geometry.custom.songesandbed",
				"texture_width": 128,
				"texture_height": 128,
				"visible_bounds_width": 10,
				"visible_bounds_height": 4.5,
				"visible_bounds_offset": [0, 0.75, 0]
			},
			"bones": [
				{
					"name": "bone",
					"pivot": [-8, 0, 16],
					"cubes": [
						{"origin": [14, 0, 23], "size": [2, 15, 1], "uv": [0, 12]},
						{"origin": [-16, 0, 23], "size": [2, 15, 1], "uv": [0, 12]},
						{"origin": [-14, 13, 23], "size": [28, 2, 1], "uv": [58, 0]},
						{"origin": [-14, 0, 23], "size": [28, 2, 1], "uv": [58, 0]},
						{"origin": [-16, 0, -8], "size": [2, 6, 1], "uv": [6, 12]},
						{"origin": [14, 0, -8], "size": [2, 6, 1], "uv": [6, 12]},
						{"origin": [-15.75, 3.25, -7.25], "size": [1, 3, 30.5], "inflate": -0.25, "uv": [0, 0]},
						{"origin": [-16, 0.75, -7.25], "size": [1, 3, 30.5], "inflate": -0.25, "uv": [0, 0]},
						{"origin": [15, 0.75, -7.25], "size": [1, 3, 30.5], "inflate": -0.25, "uv": [0, 0]},
						{"origin": [-15, 2.75, -7.25], "size": [1, 1, 30.5], "uv": [38, 10]},
						{"origin": [14, 2.75, -7.25], "size": [1, 1, 30.5], "uv": [38, 10]},
						{"origin": [-15, 3.75, -7], "size": [30, 4, 30], "inflate": -0.2, "uv": [0, 41]},
						{"origin": [1, 7.5, 16.75], "size": [12, 2, 6], "uv": [32, 4]},
						{"origin": [-13, 7.5, 16.75], "size": [12, 2, 6], "uv": [32, 4]},
						{"origin": [-14.25, 0.25, -7.75], "size": [28.5, 6, 1], "inflate": -0.25, "uv": [66, 3]},
						{"origin": [0.25, 1.75, 23], "size": [13, 11.5, 1], "inflate": -0.25, "uv": [0, 0]},
						{"origin": [-13.25, 1.75, 23], "size": [13, 11.5, 1], "inflate": -0.25, "uv": [0, 0]},
						{"origin": [14.75, 3.25, -7.25], "size": [1, 3, 30.5], "inflate": -0.25, "uv": [0, 0]}
					]
				}
			]
		}
	]
}