{
	"format_version": "1.12.0",
	"minecraft:geometry": [
		{
			"description": {
				"identifier": "geometry.custom.stefan",
				"texture_width": 128,
				"texture_height": 128,
				"visible_bounds_width": 10,
				"visible_bounds_height": 4.5,
				"visible_bounds_offset": [0, 0.75, 0]
			},
			"bones": [
				{
					"name": "bone",
					"pivot": [0, 0, 0.25],
					"cubes": [
						{"origin": [3.75, -0.25, 3.25], "size": [1, 9.5, 1], "pivot": [4.75, 15.75, 3.25], "rotation": [5, 0, 0], "uv": [0, 0]},
						{"origin": [-5, 9, -4.75], "size": [10, 1, 9.75], "inflate": -0.25, "uv": [0, 1]},
						{"origin": [3.75, 7.75, 3.92], "size": [1, 13, 1], "pivot": [-5.5, 7.58339, 6.12332], "rotation": [-5, 0, 0], "uv": [0, 11]},
						{"origin": [-4.75, 7.75, 3.92], "size": [1, 13, 1], "pivot": [-14, 7.58339, 6.12332], "rotation": [-5, 0, 0], "uv": [0, 11]},
						{"origin": [-4.75, 18.75, 3.92], "size": [9, 2, 1], "inflate": -0.2, "pivot": [-14, 7.58339, 6.12332], "rotation": [-5, 0, 0], "uv": [29, 0]},
						{"origin": [-4.75, 11.75, 3.92], "size": [9, 1, 1], "inflate": -0.2, "pivot": [-14, 7.58339, 6.12332], "rotation": [-5, 0, 0], "uv": [29, 3]},
						{"origin": [-0.5, 12.25, 3.92], "size": [1, 7, 1], "inflate": -0.2, "pivot": [-14, 7.58339, 6.12332], "rotation": [-5, 0, 0], "uv": [4, 0]},
						{"origin": [1, 12.25, 3.92], "size": [1, 7, 1], "inflate": -0.2, "pivot": [-12.5, 7.58339, 6.12332], "rotation": [-5, 0, 0], "uv": [4, 0]},
						{"origin": [-2, 12.25, 3.92], "size": [1, 7, 1], "inflate": -0.2, "pivot": [-15.5, 7.58339, 6.12332], "rotation": [-5, 0, 0], "uv": [4, 0]},
						{"origin": [-4.75, -0.25, 3.25], "size": [1, 9.5, 1], "pivot": [-3.75, 15.75, 3.25], "rotation": [5, 0, 0], "uv": [0, 0]},
						{"origin": [-4.75, 0, -4.5], "size": [1, 9.25, 1], "uv": [0, 0]},
						{"origin": [3.75, 0, -4.5], "size": [1, 9.25, 1], "uv": [0, 0]},
						{"origin": [3.75, 8.25, -4.5], "size": [1, 1.25, 9], "inflate": -0.2, "uv": [4, 11]},
						{"origin": [3.75, 2.25, -4.5], "size": [1, 1.25, 10], "inflate": -0.2, "uv": [14, 11]},
						{"origin": [-4.75, 2.25, -4.5], "size": [1, 1.25, 10], "inflate": -0.2, "uv": [14, 11]},
						{"origin": [-4.75, 8.25, -4.5], "size": [1, 1.25, 9], "inflate": -0.2, "uv": [4, 11]},
						{"origin": [-4.75, 8.25, -4.5], "size": [9, 1.25, 1], "inflate": -0.2, "uv": [29, 5]},
						{"origin": [-4.75, 8.25, 3.75], "size": [9, 1.25, 1], "inflate": -0.2, "uv": [29, 5]}
					]
				}
			]
		}
	]
}