{
	"format_version": "1.12.0",
	"minecraft:geometry": [
		{
			"description": {
				"identifier": "geometry.custom.stensele",
				"texture_width": 128,
				"texture_height": 128,
				"visible_bounds_width": 10,
				"visible_bounds_height": 4.5,
				"visible_bounds_offset": [0, 0.75, 0]
			},
			"bones": [
				{
					"name": "bone",
					"pivot": [0, 0, 0],
					"cubes": [
						{"origin": [-0.5, 1.25, -0.5], "size": [1, 15, 1], "uv": [0, 0]},
						{"origin": [-8, 16, -8], "size": [16, 1, 16], "inflate": -0.25, "uv": [0, 2]}
					]
				},
				{
					"name": "bone2",
					"parent": "bone",
					"pivot": [0, 0.75, 0],
					"rotation": [0, -45, 0],
					"cubes": [
						{"origin": [-0.5, 0.25, -6.5], "size": [1, 1, 13], "uv": [48, 0]},
						{"origin": [-0.5, -0.25, -6.5], "size": [1, 1, 1], "inflate": -0.25, "uv": [0, 16]},
						{"origin": [5.51041, -0.25, -0.48959], "size": [1, 1, 1], "inflate": -0.25, "uv": [0, 16]},
						{"origin": [-0.5, -0.25, 5.52082], "size": [1, 1, 1], "inflate": -0.25, "uv": [0, 16]},
						{"origin": [-6.51041, -0.25, -0.48959], "size": [1, 1, 1], "inflate": -0.25, "uv": [0, 16]},
						{"origin": [-6.5, 0.25, -0.5], "size": [13, 1, 1], "uv": [4, 0]}
					]
				}
			]
		}
	]
}