{
	"format_version": "1.12.0",
	"minecraft:geometry": [
		{
			"description": {
				"identifier": "geometry.custom.stuva",
				"texture_width": 128,
				"texture_height": 128,
				"visible_bounds_width": 10,
				"visible_bounds_height": 4.5,
				"visible_bounds_offset": [0, 0.75, 0]
			},
			"bones": [
				{
					"name": "bone",
					"pivot": [0, 0, 0],
					"cubes": [
						{"origin": [-10.75, 0, -6.75], "size": [1, 1, 1], "uv": [0, 0]},
						{"origin": [-11, 0.5, -7], "size": [22, 39.5, 15], "uv": [0, 0]},
						{"origin": [-11, 0.5, -8], "size": [11, 39.5, 1], "inflate": -0.05, "uv": [82, 0]},
						{"origin": [0, 0.5, -8], "size": [11, 39.5, 1], "inflate": -0.05, "uv": [82, 0]},
						{"origin": [-10.75, 0, 6.75], "size": [1, 1, 1], "uv": [0, 0]},
						{"origin": [9.75, 0, 6.75], "size": [1, 1, 1], "uv": [0, 0]},
						{"origin": [9.75, 0, -6.75], "size": [1, 1, 1], "uv": [0, 0]}
					]
				}
			]
		}
	]
}