{
	"format_version": "1.12.0",
	"minecraft:geometry": [
		{
			"description": {
				"identifier": "geometry.custom.tarendo",
				"texture_width": 128,
				"texture_height": 128,
				"visible_bounds_width": 10,
				"visible_bounds_height": 4.5,
				"visible_bounds_offset": [0, 0.75, 0]
			},
			"bones": [
				{
					"name": "bone",
					"pivot": [0, 0, 0],
					"cubes": [
						{"origin": [15, 0, 11], "size": [1, 16, 1], "uv": [0, 0]},
						{"origin": [-16, 0, 11], "size": [1, 16, 1], "uv": [0, 0]},
						{"origin": [-16, 0, -12], "size": [1, 16, 1], "uv": [0, 0]},
						{"origin": [15, 0, -12], "size": [1, 16, 1], "uv": [0, 0]},
						{"origin": [-15.25, 14.25, -11.75], "size": [30.5, 2, 1], "inflate": -0.25, "uv": [4, 0]},
						{"origin": [-15.25, 14.25, 10.75], "size": [30.5, 2, 1], "inflate": -0.25, "uv": [4, 0]},
						{"origin": [14.75, 14.25, -11.25], "size": [1, 2, 22.5], "inflate": -0.25, "uv": [0, 28]},
						{"origin": [-15.75, 14.25, -11.25], "size": [1, 2, 22.5], "inflate": -0.25, "uv": [0, 28]},
						{"origin": [-16.25, 15.75, -12.25], "size": [32.5, 1, 24.5], "inflate": -0.2, "uv": [0, 3]}
					]
				}
			]
		}
	]
}