{
	"format_version": "1.12.0",
	"minecraft:geometry": [
		{
			"description": {
				"identifier": "geometry.custom.vadholma",
				"texture_width": 128,
				"texture_height": 128,
				"visible_bounds_width": 10,
				"visible_bounds_height": 4.5,
				"visible_bounds_offset": [0, 0.75, 0]
			},
			"bones": [
				{
					"name": "bone",
					"pivot": [0, 0, -3],
					"cubes": [
						{"origin": [-13.75, 0, -7.75], "size": [1, 15, 1], "uv": [0, 0]},
						{"origin": [12.75, 0, -7.75], "size": [1, 15, 1], "uv": [0, 0]},
						{"origin": [12.75, 0, 6.75], "size": [1, 15, 1], "uv": [0, 0]},
						{"origin": [-13.75, 0, 6.75], "size": [1, 15, 1], "uv": [0, 0]},
						{"origin": [12.75, 1.75, -7], "size": [1, 1.75, 14], "inflate": -0.25, "uv": [8, 2]},
						{"origin": [-13.75, 1.75, -7], "size": [1, 1.75, 14], "inflate": -0.25, "uv": [8, 2]},
						{"origin": [12.75, 7.75, -7], "size": [1, 1.75, 14], "inflate": -0.25, "uv": [8, 2]},
						{"origin": [12.75, 13.5, -7], "size": [1, 1.75, 14], "inflate": -0.25, "uv": [8, 2]},
						{"origin": [-13.75, 7.75, -7], "size": [1, 1.75, 14], "inflate": -0.25, "uv": [8, 2]},
						{"origin": [-13.75, 13.5, -7], "size": [1, 1.75, 14], "inflate": -0.25, "uv": [8, 2]},
						{"origin": [-13, 2.25, -0.5], "size": [26, 12.75, 1], "uv": [24, 2]},
						{"origin": [-13, 1.75, -7.75], "size": [26, 1.75, 1], "inflate": -0.25, "uv": [4, 0]},
						{"origin": [-13, 7.75, -7.75], "size": [26, 1.75, 1], "inflate": -0.25, "uv": [4, 0]},
						{"origin": [-13, 13.5, -7.75], "size": [26, 1.75, 1], "inflate": -0.25, "uv": [4, 0]},
						{"origin": [-13, 8.25, -7.25], "size": [2, 1, 7], "inflate": -0.25, "uv": [4, 2]},
						{"origin": [-13, 2.25, -7.25], "size": [2, 1, 7], "inflate": -0.25, "uv": [4, 2]},
						{"origin": [-11, 8.25, -7.25], "size": [2, 1, 7], "inflate": -0.25, "uv": [4, 2]},
						{"origin": [-11, 2.25, -7.25], "size": [2, 1, 7], "inflate": -0.25, "uv": [4, 2]},
						{"origin": [-9, 8.25, -7.25], "size": [2, 1, 7], "inflate": -0.25, "uv": [4, 2]},
						{"origin": [-9, 2.25, -7.25], "size": [2, 1, 7], "inflate": -0.25, "uv": [4, 2]},
						{"origin": [-7, 8.25, -7.25], "size": [2, 1, 7], "inflate": -0.25, "uv": [4, 2]},
						{"origin": [-7, 2.25, -7.25], "size": [2, 1, 7], "inflate": -0.25, "uv": [4, 2]},
						{"origin": [-5, 8.25, -7.25], "size": [2, 1, 7], "inflate": -0.25, "uv": [4, 2]},
						{"origin": [-5, 2.25, -7.25], "size": [2, 1, 7], "inflate": -0.25, "uv": [4, 2]},
						{"origin": [-3, 8.25, -7.25], "size": [2, 1, 7], "inflate": -0.25, "uv": [4, 2]},
						{"origin": [-3, 2.25, -7.25], "size": [2, 1, 7], "inflate": -0.25, "uv": [4, 2]},
						{"origin": [-1, 8.25, -7.25], "size": [2, 1, 7], "inflate": -0.25, "uv": [4, 2]},
						{"origin": [-1, 2.25, -7.25], "size": [2, 1, 7], "inflate": -0.25, "uv": [4, 2]},
						{"origin": [1, 8.25, -7.25], "size": [2, 1, 7], "inflate": -0.25, "uv": [4, 2]},
						{"origin": [1, 2.25, -7.25], "size": [2, 1, 7], "inflate": -0.25, "uv": [4, 2]},
						{"origin": [3, 8.25, -7.25], "size": [2, 1, 7], "inflate": -0.25, "uv": [4, 2]},
						{"origin": [3, 2.25, -7.25], "size": [2, 1, 7], "inflate": -0.25, "uv": [4, 2]},
						{"origin": [5, 8.25, -7.25], "size": [2, 1, 7], "inflate": -0.25, "uv": [4, 2]},
						{"origin": [5, 2.25, -7.25], "size": [2, 1, 7], "inflate": -0.25, "uv": [4, 2]},
						{"origin": [7, 8.25, -7.25], "size": [2, 1, 7], "inflate": -0.25, "uv": [4, 2]},
						{"origin": [7, 2.25, -7.25], "size": [2, 1, 7], "inflate": -0.25, "uv": [4, 2]},
						{"origin": [9, 8.25, -7.25], "size": [2, 1, 7], "inflate": -0.25, "uv": [4, 2]},
						{"origin": [9, 2.25, -7.25], "size": [2, 1, 7], "inflate": -0.25, "uv": [4, 2]},
						{"origin": [11, 8.25, -7.25], "size": [2, 1, 7], "inflate": -0.25, "uv": [4, 2]},
						{"origin": [11, 2.25, -7.25], "size": [2, 1, 7], "inflate": -0.25, "uv": [4, 2]},
						{"origin": [-13.75, 15, -7.75], "size": [27.5, 1.5, 15.5], "uv": [0, 17]}
					]
				}
			]
		}
	]
}