{
	"format_version": "1.12.0",
	"minecraft:geometry": [
		{
			"description": {
				"identifier": "geometry.custom.vittsjotv",
				"texture_width": 128,
				"texture_height": 128,
				"visible_bounds_width": 10,
				"visible_bounds_height": 4.5,
				"visible_bounds_offset": [0, 0.75, 0]
			},
			"bones": [
				{
					"name": "bone2",
					"pivot": [0, 0, 1],
					"cubes": [
						{"origin": [-9, 9.25, 1.5], "size": [1, 3, 1], "inflate": -0.25, "pivot": [-8.75, 9.5, 1.75], "rotation": [-55, 0, 0], "uv": [4, 0]},
						{"origin": [8, 9.25, 1.5], "size": [1, 3, 1], "inflate": -0.25, "pivot": [8.25, 9.5, 1.75], "rotation": [-55, 0, 0], "uv": [4, 0]},
						{"origin": [-9, 9.25, 5.5], "size": [1, 3.25, 1], "inflate": -0.25, "pivot": [-8.75, 9.5, 6.25], "rotation": [55, 0, 0], "uv": [4, 0]},
						{"origin": [8, 9.25, 5.5], "size": [1, 3.25, 1], "inflate": -0.25, "pivot": [8.25, 9.5, 6.25], "rotation": [55, 0, 0], "uv": [4, 0]},
						{"origin": [-10, 10.75, 3.5], "size": [20, 11, 1], "uv": [0, 18]}
					]
				},
				{
					"name": "bone",
					"pivot": [-12, 0, 0],
					"cubes": [
						{"origin": [-12.25, -0.25, 7.25], "size": [1, 10, 1], "inflate": -0.25, "uv": [0, 0]},
						{"origin": [-12.25, -0.25, -0.25], "size": [1, 10, 1], "inflate": -0.25, "uv": [0, 0]},
						{"origin": [11.25, -0.25, 7.25], "size": [1, 10, 1], "inflate": -0.25, "uv": [0, 0]},
						{"origin": [11.25, -0.25, -0.25], "size": [1, 10, 1], "inflate": -0.25, "uv": [0, 0]},
						{"origin": [-0.5, -0.25, -0.25], "size": [1, 10, 1], "inflate": -0.25, "uv": [0, 0]},
						{"origin": [-0.5, -0.25, 7.25], "size": [1, 10, 1], "inflate": -0.25, "uv": [0, 0]},
						{"origin": [-12.25, 1.25, -0.25], "size": [24.5, 1, 8.5], "inflate": -0.25, "uv": [4, 9]},
						{"origin": [-12.25, 4.75, -0.25], "size": [24.5, 1, 8.5], "inflate": -0.25, "uv": [4, 0]},
						{"origin": [-12.25, 8.75, -0.25], "size": [24.5, 1, 8.5], "inflate": -0.25, "uv": [4, 9]}
					]
				},
				{
					"name": "bone3",
					"pivot": [0, 0, 0],
					"cubes": [
						{"origin": [-12.25, 0.75, -0.25], "size": [8, 5, 5], "inflate": -1.25, "uv": [0, 30]},
						{"origin": [8, 5.5, 2], "size": [2, 1, 2], "uv": [4, 4]}
					]
				},
				{
					"name": "bone4",
					"parent": "bone3",
					"pivot": [4, 2.35, 5.26667],
					"rotation": [12.5, 0, 0],
					"cubes": [
						{"origin": [-6.33193, 5.73237, 3.42325], "size": [2, 1, 1], "inflate": -0.1, "uv": [25, 30]},
						{"origin": [-6.48193, 5.88237, 2.57325], "size": [1, 1, 2], "inflate": -0.25, "pivot": [-6.23193, 6.63237, 4.32325], "rotation": [0, 10, 0], "uv": [21, 30]},
						{"origin": [-5.18193, 5.88237, 2.57325], "size": [1, 1, 2], "inflate": -0.25, "pivot": [-4.43193, 6.63237, 4.32325], "rotation": [0, -10, 0], "uv": [21, 30]}
					]
				},
				{
					"name": "bone5",
					"parent": "bone3",
					"pivot": [3, 5.35, 5.26667],
					"rotation": [12.5, 0, 0],
					"cubes": [
						{"origin": [-9.33193, 5.80348, 2.77393], "size": [2, 1, 1], "inflate": -0.1, "uv": [25, 30]},
						{"origin": [-9.48193, 5.95348, 1.92393], "size": [1, 1, 2], "inflate": -0.25, "pivot": [-9.23193, 6.70348, 3.67393], "rotation": [0, 10, 0], "uv": [21, 30]},
						{"origin": [-8.18193, 5.95348, 1.92393], "size": [1, 1, 2], "inflate": -0.25, "pivot": [-7.43193, 6.70348, 3.67393], "rotation": [0, -10, 0], "uv": [21, 30]}
					]
				}
			]
		}
	]
}