{
	"format_version": "1.12.0",
	"minecraft:geometry": [
		{
			"description": {
				"identifier": "geometry.custom.vittsjo",
				"texture_width": 128,
				"texture_height": 128,
				"visible_bounds_width": 10,
				"visible_bounds_height": 4.5,
				"visible_bounds_offset": [0, 0.75, 0]
			},
			"bones": [
				{
					"name": "bone",
					"pivot": [0, 0, 0],
					"cubes": [
						{"origin": [-5.75, -0.25, 7.25], "size": [1, 40, 1], "inflate": -0.25, "uv": [0, 0]},
						{"origin": [-5.75, -0.25, -0.25], "size": [1, 40, 1], "inflate": -0.25, "uv": [0, 0]},
						{"origin": [4.75, -0.25, 7.25], "size": [1, 40, 1], "inflate": -0.25, "uv": [0, 0]},
						{"origin": [4.75, -0.25, -0.25], "size": [1, 40, 1], "inflate": -0.25, "uv": [0, 0]},
						{"origin": [-5.75, 2.75, -0.25], "size": [11.5, 1, 8.5], "inflate": -0.25, "uv": [4, 0]},
						{"origin": [-5.75, 12.75, -0.25], "size": [11.5, 1, 8.5], "inflate": -0.25, "uv": [4, 9]},
						{"origin": [-5.75, 22.75, -0.25], "size": [11.5, 1, 8.5], "inflate": -0.25, "uv": [4, 9]},
						{"origin": [-5.75, 30.75, -0.25], "size": [11.5, 1, 8.5], "inflate": -0.25, "uv": [4, 9]},
						{"origin": [-5.75, 38.75, -0.25], "size": [11.5, 1, 8.5], "inflate": -0.25, "uv": [4, 0]}
					]
				}
			]
		}
	]
}