{
  "resource_pack_name": "Tesla Model 3",
  "texture_name": "atlas.items",
  "texture_data": {
        "model_3_egg": {
        "textures": "textures/items/model_3_egg"
        },
        "model_3_black_egg": {
        "textures": "textures/items/model_3_black_egg"
        },
        "model_3_gray_egg": {
        "textures": "textures/items/model_3_gray_egg"
        },
        "model_3_blue_egg": {
        "textures": "textures/items/model_3_blue_egg"
        },
        "model_3_red_egg": {
        "textures": "textures/items/model_3_red_egg"
        }
    }
}
