{
	"format_version": "1.8.0",
	"animations": {
		"animation.semi.drive": {
			"loop": true,
			"animation_length": 1,
			"bones": {
				"front_right": {
					"rotation": {
						"0.0": [0, 0, 0],
						"1.0": [720, 0, 0]
					}
				},
				"front_left": {
					"rotation": {
						"0.0": [0, 0, 0],
						"1.0": [720, 0, 0]
					}
				},
				"backwheels_main": {
					"rotation": {
						"0.0": [0, 0, 0],
						"1.0": [720, 0, 0]
					}
				},
                "backwheels_main2": {
                    "rotation": {
                        "0.0": [0, 0, 0],
                        "1.0": [720, 0, 0]
                    }
                }
			}
		},
		"animation.steering_turn": {
			"loop": true,
			"bones": {
				"steer_wheel": {
					"rotation": [0, 0, "Math.max(-30, Math.min(30,query.yaw_speed * 0.2)) * -query.modified_move_speed * 6"]
				},
				"body_main": {
					"rotation": [0, 0, "Math.max(-1.5, Math.min(1.5,query.yaw_speed * 0.2)) * query.modified_move_speed * 1"]
				},
				"front_right": {
					"rotation": [0, "Math.max(-20, Math.min(20,query.yaw_speed * 0.3))", 0]
				},
				"front_left": {
					"rotation": [0, "Math.max(-20, Math.min(20,query.yaw_speed * 0.3))", 0]
				}
			}
		}
	}
}
