{
	"format_version": "1.12.0",
	"minecraft:geometry": [
		{
			"description": {
				"identifier": "geometry.custom.beetle",
				"texture_width": 256,
				"texture_height": 256,
				"visible_bounds_width": 10,
				"visible_bounds_height": 5,
				"visible_bounds_offset": [0, 0.5, 0]
			},
			"bones": [
				{
					"name": "body_main",
					"pivot": [0, 1, 0]
				},
				{
					"name": "interior",
					"parent": "body_main",
					"pivot": [0, 1, 0],
					"cubes": [
						{"origin": [-0.5, 26, -10.93653], "size": [1, 1, 3], "pivot": [-0.5, 27, -7.93653], "rotation": [30, 0, 0], "uv": [3, 0]},
						{"origin": [-2.5, 22.7, -10.73461], "size": [5, 2, 1], "inflate": -0.2, "uv": [8, 0]},
						{"origin": [-0.5, 24.5, -10.53461], "size": [1, 1, 1], "uv": [0, 3]},
						{"origin": [-11, 6, -13], "size": [22, 7, 1], "uv": [0, 27]},
						{"origin": [-11, 14.5, -13], "size": [22, 4, 1], "pivot": [-11, 18.5, -12], "rotation": [22.5, 0, 0], "uv": [0, 35]},
						{"origin": [5.5, 15.5, -12], "size": [1, 1, 1], "pivot": [-10.5, 18.5, -12], "rotation": [22.5, 0, 0], "uv": [3, 4]},
						{"origin": [-11, 10.80448, -11.46927], "size": [22, 4, 1], "pivot": [-11, 14.80448, -10.46927], "rotation": [-40, 0, 0], "uv": [38, 6]},
						{"origin": [-11, 6, 14], "size": [1, 9, 15], "uv": [57, 40]},
						{"origin": [10, 6, 14], "size": [1, 9, 15], "uv": [89, 40]},
						{"origin": [-12, 15, 14], "size": [24, 1, 14], "uv": [102, 0]},
						{"origin": [-13, 15, 14], "size": [1, 1, 12], "uv": [74, 40]},
						{"origin": [12, 15, 14], "size": [1, 1, 12], "uv": [74, 40]}
					]
				},
				{
					"name": "steer_wheel",
					"parent": "interior",
					"pivot": [6, 15.59883, -9.78335],
					"cubes": [
						{"origin": [3.5, 16.34659, -10.15438], "size": [5, 1, 1], "pivot": [6, 15.84659, -9.65438], "rotation": [35, 0, 0], "uv": [0, 6]},
						{"origin": [3.5, 18.34659, -10.15438], "size": [5, 1, 1], "pivot": [6, 15.84659, -9.65438], "rotation": [35, 0, 0], "uv": [0, 12]},
						{"origin": [3.5, 13.34659, -10.15438], "size": [5, 1, 1], "pivot": [6, 15.84659, -9.65438], "rotation": [35, 0, 0], "uv": [0, 14]},
						{"origin": [4.5, 14.59659, -10.15438], "size": [3, 2, 1], "inflate": -0.2, "pivot": [6, 15.84659, -9.65438], "rotation": [35, 0, 0], "uv": [10, 3]},
						{"origin": [8.5, 14.34659, -10.15438], "size": [1, 4, 1], "pivot": [6, 15.84659, -9.65438], "rotation": [35, 0, 0], "uv": [12, 5]},
						{"origin": [2.5, 14.34659, -10.15438], "size": [1, 4, 1], "pivot": [6, 15.84659, -9.65438], "rotation": [35, 0, 0], "uv": [12, 9]}
					]
				},
				{
					"name": "seat",
					"parent": "interior",
					"pivot": [9, 7.80046, -11.06869],
					"cubes": [
						{"origin": [1, 4.80046, -10.06869], "size": [10, 2, 10], "uv": [38, 10]},
						{"origin": [1, 4.80046, -2.06869], "size": [10, 16, 2], "pivot": [1, 4.80046, -0.06869], "rotation": [-5, 0, 0], "uv": [46, 22]},
						{"origin": [0, 10.80046, -3.06869], "size": [1, 7, 2], "pivot": [1, 4.80046, -0.06869], "rotation": [-5, 0, 0], "uv": [0, 16]},
						{"origin": [11, 10.80046, -3.06869], "size": [1, 7, 2], "pivot": [12, 4.80046, -0.06869], "rotation": [-5, 0, 0], "uv": [0, 16]},
						{"origin": [2, 20.80046, -1.06869], "size": [8, 3, 2], "uv": [56, 0]}
					]
				},
				{
					"name": "seat2",
					"parent": "interior",
					"pivot": [-3, 7.80046, -11.06869],
					"cubes": [
						{"origin": [-11, 4.80046, -10.06869], "size": [10, 2, 10], "uv": [73, 0]},
						{"origin": [-11, 4.80046, -2.06869], "size": [10, 16, 2], "pivot": [-11, 4.80046, -0.06869], "rotation": [-5, 0, 0], "uv": [78, 12]},
						{"origin": [-12, 10.80046, -3.06869], "size": [1, 7, 2], "pivot": [-11, 4.80046, -0.06869], "rotation": [-5, 0, 0], "uv": [0, 16]},
						{"origin": [-1, 10.80046, -3.06869], "size": [1, 7, 2], "pivot": [0, 4.80046, -0.06869], "rotation": [-5, 0, 0], "uv": [0, 16]},
						{"origin": [-10, 20.80046, -1.06869], "size": [8, 3, 2], "uv": [56, 0]}
					]
				},
				{
					"name": "backseat",
					"parent": "interior",
					"pivot": [-7, 8.30046, 2.93131],
					"cubes": [
						{"origin": [-13, 5.30046, 3.93131], "size": [26, 2, 10], "uv": [0, 40]},
						{"origin": [-13, 5.30046, 11.93131], "size": [26, 16, 2], "pivot": [-15, 5.30046, 13.93131], "rotation": [-5, 0, 0], "uv": [0, 51]},
						{"origin": [-14, 11.30046, 10.93131], "size": [1, 7, 2], "pivot": [-13, 5.30046, 13.93131], "rotation": [-5, 0, 0], "uv": [0, 16]},
						{"origin": [13, 11.30046, 10.93131], "size": [1, 7, 2], "pivot": [-6, 5.30046, 13.93131], "rotation": [-5, 0, 0], "uv": [0, 16]},
						{"origin": [-12, 21.30046, 12.93131], "size": [8, 3, 2], "uv": [56, 0]},
						{"origin": [4, 21.30046, 12.93131], "size": [8, 3, 2], "uv": [56, 0]}
					]
				},
				{
					"name": "bone",
					"parent": "interior",
					"pivot": [1.13583, 22.16408, -9.968],
					"cubes": [
						{"origin": [-0.5, 21.25, -10], "size": [1, 5, 1], "inflate": -0.3, "pivot": [-0.2, 25.95, -9.7], "rotation": [-2.5, 0, -17.5], "uv": [20, 12]},
						{"origin": [-0.5, 22.25, -10], "size": [1, 4, 1], "inflate": -0.3, "pivot": [-0.2, 25.95, -9.7], "rotation": [0, 0, 12.5], "uv": [20, 18]},
						{"origin": [-3, 19.75, -12], "size": [5, 5, 5], "inflate": -1.75, "pivot": [0.25, 23, -10.25], "rotation": [-7.5, 0, 5], "uv": [90, 30]},
						{"origin": [-1.11417, 19.16408, -12.218], "size": [5, 5, 5], "inflate": -1.75, "pivot": [1.38583, 21.66408, -9.718], "rotation": [92.3, 180, -10], "uv": [90, 30]}
					]
				},
				{
					"name": "bottom",
					"parent": "body_main",
					"pivot": [0, 1, 0],
					"cubes": [
						{"origin": [-16, 5, -13], "size": [32, 1, 26], "uv": [106, 15]},
						{"origin": [-11, 5, 13], "size": [22, 1, 21], "uv": [121, 42]},
						{"origin": [-10, 5, -32], "size": [20, 1, 19], "uv": [37, 64]},
						{"origin": [-10, 5, -36], "size": [20, 1, 4], "pivot": [10, 5, -32], "rotation": [-45, 0, 0], "uv": [96, 64]}
					]
				},
				{
					"name": "face",
					"parent": "body_main",
					"pivot": [0, 1, 0],
					"cubes": [
						{"origin": [-9, 8, -35], "size": [18, 1, 1], "inflate": 0.25, "uv": [0, 74]},
						{"origin": [7.25, 8, -35.5], "size": [1, 4, 1], "pivot": [8.25, 8, -35.5], "rotation": [5, 0, 0], "uv": [40, 0]},
						{"origin": [-8.25, 8, -35.5], "size": [1, 4, 1], "pivot": [8.25, 8, -35.5], "rotation": [5, 0, 0], "uv": [40, 0]},
						{"origin": [-14, 7.75, -34], "size": [1, 4, 1], "inflate": -0.25, "pivot": [2.5, 7.75, -34], "rotation": [5, 0, 0], "uv": [40, 0]},
						{"origin": [12.5, 7.75, -34], "size": [1, 4, 1], "inflate": -0.25, "pivot": [29, 7.75, -34], "rotation": [5, 0, 0], "uv": [40, 0]},
						{"origin": [-8.25, 11, -35.5], "size": [16.5, 1, 1], "inflate": -0.25, "pivot": [8.25, 8, -35.5], "rotation": [5, 0, 0], "uv": [0, 76]},
						{"origin": [-14.25, 11.00752, -35.82779], "size": [6.5, 1, 1], "inflate": -0.25, "pivot": [-8, 11.75752, -35.57779], "rotation": [0, 15, 0], "uv": [38, 69]},
						{"origin": [7.25, 11.00752, -35.82779], "size": [6.5, 1, 1], "inflate": -0.25, "pivot": [7.5, 11.25752, -35.07779], "rotation": [0, -15, 0], "uv": [40, 71]},
						{"origin": [-17.5, 8, -35], "size": [8, 1, 1], "inflate": 0.25, "pivot": [-9.25, 9.25, -35.25], "rotation": [0, 15, 0], "uv": [38, 74]},
						{"origin": [9.5, 8, -35], "size": [8, 1, 1], "inflate": 0.25, "pivot": [9.25, 9.25, -35.25], "rotation": [0, -15, 0], "uv": [38, 74]}
					]
				},
				{
					"name": "abovewheel",
					"parent": "face",
					"pivot": [0, 1, 0],
					"cubes": [
						{"origin": [10, 6, -13], "size": [7, 7, 1], "pivot": [17, 6, -12], "rotation": [20, 0, 0], "uv": [88, 42]},
						{"origin": [11, 12.57785, -15.39414], "size": [6, 8, 1], "pivot": [17, 12.57785, -14.39414], "rotation": [65, 0, 0], "uv": [118, 25]},
						{"origin": [9, 15.95879, -22.6446], "size": [8, 9, 1], "pivot": [17, 15.95879, -21.6446], "rotation": [112.5, 0, 0], "uv": [102, 15]},
						{"origin": [9, 12.51464, -30.95952], "size": [8, 5, 1], "pivot": [17, 12.51464, -29.95952], "rotation": [140, 0, 0], "uv": [114, 34]},
						{"origin": [11, 10.51464, -31.70952], "size": [4, 4, 1], "pivot": [17, 10.51464, -30.70952], "rotation": [-10, 0, 0], "uv": [120, 15]},
						{"origin": [16, 13.76464, -27.45952], "size": [1, 5, 1], "pivot": [17, 13.76464, -26.45952], "rotation": [147.5, 0, 0], "uv": [105, 25]},
						{"origin": [16, 9.01039, -31.55263], "size": [1, 2, 3.25], "pivot": [17, 9.01039, -28.30263], "rotation": [15, 0, 0], "uv": [12, 21]},
						{"origin": [16, 11.26039, -30.30263], "size": [1, 1.25, 3.25], "pivot": [17, 11.01039, -27.05263], "rotation": [15, 0, 0], "uv": [33, 21]},
						{"origin": [16, 12.76039, -29.55263], "size": [1, 1, 3], "pivot": [17, 12.51039, -26.55263], "rotation": [62.5, 0, 0], "uv": [74, 40]}
					]
				},
				{
					"name": "abovewheel2",
					"parent": "face",
					"pivot": [-27, 1, 0],
					"cubes": [
						{"origin": [-17, 6, -13], "size": [7, 7, 1], "pivot": [-10, 6, -12], "rotation": [20, 0, 0], "uv": [0, 78]},
						{"origin": [-17, 12.57785, -15.39414], "size": [6, 8, 1], "pivot": [-10, 12.57785, -14.39414], "rotation": [65, 0, 0], "uv": [16, 78]},
						{"origin": [-17, 15.95879, -22.6446], "size": [8, 9, 1], "pivot": [-10, 15.95879, -21.6446], "rotation": [112.5, 0, 0], "uv": [0, 87]},
						{"origin": [-17, 12.51464, -30.95952], "size": [8, 5, 1], "pivot": [-10, 12.51464, -29.95952], "rotation": [140, 0, 0], "uv": [18, 87]},
						{"origin": [-15, 10.51464, -31.95952], "size": [4, 4, 1], "pivot": [-10, 10.51464, -30.95952], "rotation": [-10, 0, 0], "uv": [34, 76]},
						{"origin": [-12, 17.51464, -30.95952], "size": [5, 1, 1], "pivot": [-10, 12.51464, -29.95952], "rotation": [140, 0, 0], "uv": [30, 84]},
						{"origin": [7, 17.51464, -30.95952], "size": [5, 1, 1], "pivot": [9, 12.51464, -29.95952], "rotation": [140, 0, 0], "uv": [42, 84]},
						{"origin": [-9, 13.51464, -30.95952], "size": [18, 7, 1], "pivot": [4, 13.51464, -29.95952], "rotation": [140, 0, 0], "uv": [0, 97]},
						{"origin": [-9, 4.51464, -30.95952], "size": [18, 9, 1], "pivot": [4, 13.51464, -29.95952], "rotation": [117.5, 0, 0], "uv": [36, 86]},
						{"origin": [9, 4.51464, -30.95952], "size": [1, 4, 1], "pivot": [6, 13.51464, -29.95952], "rotation": [117.5, 0, 0], "uv": [44, 76]},
						{"origin": [-10, 4.51464, -30.95952], "size": [1, 4, 1], "pivot": [-13, 13.51464, -29.95952], "rotation": [117.5, 0, 0], "uv": [44, 76]},
						{"origin": [-11, 7.67038, -22.97642], "size": [22, 10, 1], "pivot": [7, 17.67038, -21.97642], "rotation": [95, 0, 0], "uv": [74, 84]},
						{"origin": [11, 5.42038, -21.97642], "size": [1, 13, 10], "pivot": [11, 17.67038, -11.97642], "rotation": [5, 5, 0], "uv": [196, 0]},
						{"origin": [10.12226, 7.54597, -31.05274], "size": [1, 10, 9], "pivot": [11.12226, 17.54597, -22.05274], "rotation": [27.5, 15, 0], "uv": [218, 0]},
						{"origin": [-11.1223, 7.54597, -31.05274], "size": [1, 10, 9], "pivot": [-11.1223, 17.54597, -22.05274], "rotation": [27.5, -15, 0], "uv": [214, 19]},
						{"origin": [-12, 5.42038, -21.97642], "size": [1, 13, 10], "pivot": [-11, 17.67038, -11.97642], "rotation": [5, -5, 0], "uv": [234, 9]},
						{"origin": [-17, 13.76464, -27.45952], "size": [1, 5, 1], "pivot": [-16, 13.76464, -26.45952], "rotation": [147.5, 0, 0], "uv": [164, 0]},
						{"origin": [-17, 9.01039, -31.55263], "size": [1, 2, 3.25], "pivot": [-16, 9.01039, -28.30263], "rotation": [15, 0, 0], "uv": [168, 0]},
						{"origin": [-17, 11.26039, -30.30263], "size": [1, 1.25, 3.25], "pivot": [-16, 11.01039, -27.05263], "rotation": [15, 0, 0], "uv": [176, 0]},
						{"origin": [-17, 12.76039, -29.55263], "size": [1, 1, 3], "pivot": [-16, 12.51039, -26.55263], "rotation": [62.5, 0, 0], "uv": [184, 0]}
					]
				},
				{
					"name": "right_side",
					"parent": "body_main",
					"pivot": [0, 1, 0],
					"cubes": [
						{"origin": [11.08925, 5.46699, -12.24998], "size": [1, 13, 25], "pivot": [12.08925, 5.46699, -12.24998], "rotation": [0, 5, 0], "uv": [204, 39]},
						{"origin": [13.43045, 7.46699, 12.37021], "size": [1, 11, 1], "uv": [106, 42]},
						{"origin": [13.43045, 10.96699, 13.37021], "size": [1, 7.5, 1], "uv": [110, 42]},
						{"origin": [13.43045, 12.96699, 14.37021], "size": [1, 5.5, 2], "uv": [114, 42]},
						{"origin": [13.43045, 14.46699, 16.37021], "size": [1, 4, 2], "uv": [120, 42]},
						{"origin": [13.43045, 14.96699, 18.37021], "size": [1, 3.5, 6], "pivot": [14.43045, 18.46699, 18.37021], "rotation": [0, -10, 0], "uv": [120, 42]},
						{"origin": [12.38856, 14.21699, 24.27906], "size": [1, 4.25, 3], "pivot": [13.38856, 18.46699, 24.27906], "rotation": [0, -10, 0], "uv": [134, 42]},
						{"origin": [10.65208, 7.21699, 33.12713], "size": [1, 13.25, 1], "pivot": [11.65208, 7.21699, 34.12713], "rotation": [32, -10, 0], "uv": [134, 49]},
						{"origin": [-11.59792, 7.21699, 33.12713], "size": [23.25, 13.25, 1], "pivot": [11.65208, 7.21699, 34.12713], "rotation": [32, 0, 0], "uv": [157, 64]},
						{"origin": [-4.59792, 10.21699, 34.12713], "size": [9.25, 8.25, 3], "pivot": [11.65208, 7.21699, 34.12713], "rotation": [32, 0, 0], "uv": [190, 78]},
						{"origin": [10.65208, 11.46699, 32.12713], "size": [1, 7.5, 1], "pivot": [11.65208, 7.21699, 34.12713], "rotation": [32, -10, 0], "uv": [38, 96]},
						{"origin": [10.65208, 15.46699, 31.12713], "size": [1, 2, 1], "pivot": [11.65208, 7.21699, 34.12713], "rotation": [32, -10, 0], "uv": [18, 93]}
					]
				},
				{
					"name": "bone11",
					"parent": "right_side",
					"pivot": [0, 1, 0],
					"cubes": [
						{"origin": [10, 6, 12], "size": [7, 7, 1], "pivot": [17, 6, 12], "rotation": [-15, 0, 0], "uv": [42, 96]},
						{"origin": [10, 12.76148, 13.81173], "size": [7, 6, 1], "pivot": [17, 12.76148, 13.81173], "rotation": [-57.5, 0, 0], "uv": [58, 96]},
						{"origin": [10, 15.98528, 18.87208], "size": [7, 8, 1], "pivot": [17, 15.98528, 18.87208], "rotation": [-100, 0, 0], "uv": [74, 95]},
						{"origin": [-17, 14.59609, 26.75054], "size": [34, 11, 1], "pivot": [17, 14.59609, 26.75054], "rotation": [-135, 0, 0], "uv": [120, 78]},
						{"origin": [16, 6.11081, 29.82161], "size": [1, 1, 4], "uv": [96, 69]},
						{"origin": [16, 6.11081, 23.07161], "size": [1, 1, 6.75], "pivot": [17, 6.11081, 29.82161], "rotation": [-70, 0, 0], "uv": [100, 69]},
						{"origin": [16, 6.11081, 25.82161], "size": [1, 1, 5], "pivot": [17, 6.11081, 30.82161], "rotation": [-70, 0, 0], "uv": [96, 76]},
						{"origin": [16, 6.11081, 28.57161], "size": [1, 1, 3.25], "pivot": [17, 6.11081, 31.82161], "rotation": [-70, 0, 0], "uv": [103, 76]},
						{"origin": [16, 7.11081, 31.82161], "size": [1, 1, 1], "uv": [96, 69]}
					]
				},
				{
					"name": "left_side",
					"parent": "body_main",
					"pivot": [-27, 1, 0],
					"cubes": [
						{"origin": [-12.0892, 5.46699, -12.24998], "size": [1, 13, 25], "pivot": [-11.91075, 5.46699, -12.24998], "rotation": [0, -5, 0], "uv": [204, 77]},
						{"origin": [-14.42769, 7.46699, 12.33922], "size": [1, 11, 1], "uv": [192, 0]},
						{"origin": [-14.42769, 10.96699, 13.33922], "size": [1, 7.5, 1], "uv": [164, 6]},
						{"origin": [-14.42769, 12.96699, 14.33922], "size": [1, 5.5, 2], "uv": [168, 5]},
						{"origin": [-14.42769, 14.46699, 16.33922], "size": [1, 4, 2], "uv": [174, 4]},
						{"origin": [-14.42769, 14.96699, 18.33922], "size": [1, 3.5, 6], "pivot": [-14.42769, 18.46699, 18.33922], "rotation": [0, 10, 0], "uv": [174, 4]},
						{"origin": [-13.401, 14.21699, 24.07442], "size": [1, 4.25, 3], "pivot": [-12.401, 18.46699, 24.07442], "rotation": [0, 10, 0], "uv": [196, 0]},
						{"origin": [-11.66079, 7.23036, 32.9436], "size": [1, 13.25, 1], "pivot": [-10.66079, 7.23036, 33.9436], "rotation": [32, 10, 0], "uv": [238, 0]},
						{"origin": [-11.66079, 11.48036, 31.9436], "size": [1, 7.5, 1], "pivot": [-10.66079, 7.23036, 33.9436], "rotation": [32, 10, 0], "uv": [188, 4]},
						{"origin": [-11.66079, 15.48036, 30.9436], "size": [1, 2, 1], "pivot": [-10.66079, 7.23036, 33.9436], "rotation": [32, 10, 0], "uv": [173, 0]}
					]
				},
				{
					"name": "bone48",
					"parent": "left_side",
					"pivot": [-27, 1, 0],
					"cubes": [
						{"origin": [-17, 6, 12], "size": [7, 7, 1], "pivot": [-10, 6, 12], "rotation": [-15, 0, 0], "uv": [208, 0]},
						{"origin": [-17, 12.76148, 13.81173], "size": [7, 6, 1], "pivot": [-10, 12.76148, 13.81173], "rotation": [-57.5, 0, 0], "uv": [196, 23]},
						{"origin": [-17, 15.98528, 18.87208], "size": [7, 8, 1], "pivot": [-10, 15.98528, 18.87208], "rotation": [-100, 0, 0], "uv": [196, 30]},
						{"origin": [-17, 6.11081, 29.82161], "size": [1, 1, 4], "uv": [242, 0]},
						{"origin": [-17, 6.11081, 23.07161], "size": [1, 1, 6.75], "pivot": [-16, 6.11081, 29.82161], "rotation": [-70, 0, 0], "uv": [186, 42]},
						{"origin": [-17, 6.11081, 25.82161], "size": [1, 1, 5], "pivot": [-16, 6.11081, 30.82161], "rotation": [-70, 0, 0], "uv": [194, 42]},
						{"origin": [-17, 6.11081, 28.57161], "size": [1, 1, 3.25], "pivot": [-16, 6.11081, 31.82161], "rotation": [-70, 0, 0], "uv": [201, 42]},
						{"origin": [-17, 7.11081, 31.82161], "size": [1, 1, 1], "uv": [186, 42]}
					]
				},
				{
					"name": "roof",
					"parent": "body_main",
					"pivot": [0, 1, 0],
					"cubes": [
						{"origin": [-11.59792, 18.45363, 26.1057], "size": [2.25, 11.25, 1], "pivot": [-9.34792, 18.45363, 27.1057], "rotation": [40, 0, 0], "uv": [186, 49]},
						{"origin": [-12.59792, 18.45363, 25.1057], "size": [1, 11.25, 2], "pivot": [-9.34792, 18.45363, 27.1057], "rotation": [40, 0, 0], "uv": [192, 49]},
						{"origin": [11.65208, 18.45363, 25.1057], "size": [1, 11.25, 2], "pivot": [-9.34792, 18.45363, 27.1057], "rotation": [40, 0, 0], "uv": [198, 48]},
						{"origin": [12.38856, 18.46699, 6.46136], "size": [1, 8.75, 2], "pivot": [13.38856, 18.46699, 6.46136], "rotation": [0, 10, -2.5], "uv": [204, 46]},
						{"origin": [-12.91684, 26.21699, 1.4006], "size": [26, 1, 18.5], "pivot": [13.08316, 27.21699, 19.9006], "rotation": [-4, 0, 0], "uv": [116, 90]},
						{"origin": [11.08925, 18.46699, -12.24998], "size": [1, 9.5, 2], "pivot": [12.08925, 18.46699, -12.24998], "rotation": [-22.5, -10, 0], "uv": [210, 42]},
						{"origin": [-13.3858, 18.46699, 6.43038], "size": [1, 8.75, 2], "pivot": [-13.3858, 18.46699, 6.43038], "rotation": [0, -10, 2.5], "uv": [216, 42]},
						{"origin": [-12.08649, 18.46699, -12.28097], "size": [1, 9.5, 2], "pivot": [-12.08649, 18.46699, -12.28097], "rotation": [-22.5, 10, 0], "uv": [210, 53]},
						{"origin": [9.40208, 18.45363, 26.1057], "size": [2.25, 11.25, 1], "pivot": [-9.34792, 18.45363, 27.1057], "rotation": [40, 0, 0], "uv": [216, 52]}
					]
				},
				{
					"name": "bone57",
					"parent": "roof",
					"pivot": [0.08316, 26.71699, -8.8494],
					"rotation": [7.5, 0, 0],
					"cubes": [
						{"origin": [-12.91684, 26.21699, -9.0994], "size": [2, 1, 10.5], "pivot": [-12.91684, 27.21699, 1.4006], "rotation": [0, -10, 0], "uv": [231, 32]},
						{"origin": [11.08316, 26.21699, -9.0994], "size": [2, 1, 10.5], "pivot": [13.08316, 27.21699, 1.4006], "rotation": [0, 10, 0], "uv": [231, 43]},
						{"origin": [-10.91684, 26.21699, -9.0994], "size": [22, 1, 10.5], "uv": [150, 109]}
					]
				},
				{
					"name": "back",
					"parent": "body_main",
					"pivot": [0, 1, 0],
					"cubes": [
						{"origin": [14, 10, 31], "size": [2, 2, 1], "pivot": [16, 10, 31], "rotation": [10, 0, 0], "uv": [22, 93]},
						{"origin": [-16, 10, 31], "size": [2, 2, 1], "pivot": [-14, 10, 31], "rotation": [10, 0, 0], "uv": [28, 93]}
					]
				},
				{
					"name": "wheel_left",
					"pivot": [15.25, 7, -21],
					"rotation": [15, 0, 0]
				},
				{
					"name": "bone96",
					"parent": "wheel_left",
					"pivot": [14.75, 1, -21]
				},
				{
					"name": "wheel26",
					"parent": "bone96",
					"pivot": [14.75, 7, -21],
					"cubes": [
						{"origin": [13.25, 0.5, -23.75], "size": [4, 1.25, 5.5], "inflate": 0.1, "uv": [43, 0]},
						{"origin": [13.25, 12.25, -23.75], "size": [4, 1.25, 5.5], "inflate": 0.1, "uv": [43, 0]}
					]
				},
				{
					"name": "wheel31",
					"parent": "bone96",
					"pivot": [14.75, 7, -21],
					"rotation": [-45, 0, 0],
					"cubes": [
						{"origin": [13.25, 0.5, -23.75], "size": [4, 1.25, 5.5], "inflate": 0.1, "uv": [43, 0]},
						{"origin": [13.25, 12.25, -23.75], "size": [4, 1.25, 5.5], "inflate": 0.1, "uv": [43, 0]}
					]
				},
				{
					"name": "wheel32",
					"parent": "bone96",
					"pivot": [14.75, 7, -21],
					"rotation": [-90, 0, 0],
					"cubes": [
						{"origin": [13.25, 0.5, -23.75], "size": [4, 1.25, 5.5], "inflate": 0.1, "uv": [43, 0]},
						{"origin": [13.25, 12.25, -23.75], "size": [4, 1.25, 5.5], "inflate": 0.1, "uv": [43, 0]}
					]
				},
				{
					"name": "wheel33",
					"parent": "bone96",
					"pivot": [14.75, 7, -21],
					"rotation": [-135, 0, 0],
					"cubes": [
						{"origin": [13.25, 0.5, -23.75], "size": [4, 1.25, 5.5], "inflate": 0.1, "uv": [43, 0]},
						{"origin": [13.25, 12.25, -23.75], "size": [4, 1.25, 5.5], "inflate": 0.1, "uv": [43, 0]}
					]
				},
				{
					"name": "bone97",
					"parent": "wheel_left",
					"pivot": [14.75, 1, -21]
				},
				{
					"name": "wheel34",
					"parent": "bone97",
					"pivot": [14.75, 7, -21],
					"cubes": [
						{"origin": [13.25, 3.25, -22.75], "size": [4, 1.25, 3.5], "uv": [24, 5]},
						{"origin": [13.25, 9.5, -22.75], "size": [4, 1.25, 3.5], "uv": [24, 5]}
					]
				},
				{
					"name": "wheel35",
					"parent": "bone97",
					"pivot": [14.75, 7, -21],
					"rotation": [-45, 0, 0],
					"cubes": [
						{"origin": [13.25, 3.25, -22.75], "size": [4, 1.25, 3.5], "uv": [24, 5]},
						{"origin": [13.25, 9.5, -22.75], "size": [4, 1.25, 3.5], "uv": [24, 5]}
					]
				},
				{
					"name": "wheel36",
					"parent": "bone97",
					"pivot": [14.75, 7, -21],
					"rotation": [-90, 0, 0],
					"cubes": [
						{"origin": [13.25, 3.25, -22.75], "size": [4, 1.25, 3.5], "uv": [24, 5]},
						{"origin": [13.25, 9.5, -22.75], "size": [4, 1.25, 3.5], "uv": [24, 5]}
					]
				},
				{
					"name": "wheel37",
					"parent": "bone97",
					"pivot": [14.75, 7, -21],
					"rotation": [-135, 0, 0],
					"cubes": [
						{"origin": [13.25, 3.25, -22.75], "size": [4, 1.25, 3.5], "uv": [24, 5]},
						{"origin": [13.25, 9.5, -22.75], "size": [4, 1.25, 3.5], "uv": [24, 5]}
					]
				},
				{
					"name": "bone98",
					"parent": "wheel_left",
					"pivot": [17, 1, -21],
					"cubes": [
						{"origin": [15.4, 6.375, -21.625], "size": [1, 1.25, 1.25], "uv": [26, 21]}
					]
				},
				{
					"name": "bone99",
					"parent": "bone98",
					"pivot": [17, 7, -21],
					"cubes": [
						{"origin": [15.65, 6.5, -20.5], "size": [1, 1, 5.25], "uv": [26, 21]}
					]
				},
				{
					"name": "bone100",
					"parent": "bone98",
					"pivot": [17, 7, -21],
					"rotation": [-30, 0, 0],
					"cubes": [
						{"origin": [15.65, 6.5, -20.5], "size": [1, 1, 5.25], "uv": [26, 21]}
					]
				},
				{
					"name": "bone101",
					"parent": "bone98",
					"pivot": [17, 7, -21],
					"rotation": [-60, 0, 0],
					"cubes": [
						{"origin": [15.65, 6.5, -20.5], "size": [1, 1, 5.25], "uv": [26, 21]}
					]
				},
				{
					"name": "bone102",
					"parent": "bone98",
					"pivot": [17, 7, -21],
					"rotation": [-90, 0, 0],
					"cubes": [
						{"origin": [15.65, 6.5, -20.5], "size": [1, 1, 5.25], "uv": [26, 21]}
					]
				},
				{
					"name": "bone143",
					"parent": "bone98",
					"pivot": [17, 7, -21],
					"rotation": [-120, 0, 0],
					"cubes": [
						{"origin": [15.65, 6.5, -20.5], "size": [1, 1, 5.25], "uv": [26, 21]}
					]
				},
				{
					"name": "bone144",
					"parent": "bone98",
					"pivot": [17, 7, -21],
					"rotation": [-150, 0, 0],
					"cubes": [
						{"origin": [15.65, 6.5, -20.5], "size": [1, 1, 5.25], "uv": [26, 21]}
					]
				},
				{
					"name": "bone145",
					"parent": "bone98",
					"pivot": [17, 7, -21],
					"rotation": [180, 0, 0],
					"cubes": [
						{"origin": [15.65, 6.5, -20.5], "size": [1, 1, 5.25], "uv": [26, 21]}
					]
				},
				{
					"name": "bone146",
					"parent": "bone98",
					"pivot": [17, 7, -21],
					"rotation": [150, 0, 0],
					"cubes": [
						{"origin": [15.65, 6.5, -20.5], "size": [1, 1, 5.25], "uv": [26, 21]}
					]
				},
				{
					"name": "bone147",
					"parent": "bone98",
					"pivot": [17, 7, -21],
					"rotation": [120, 0, 0],
					"cubes": [
						{"origin": [15.65, 6.5, -20.5], "size": [1, 1, 5.25], "uv": [26, 21]}
					]
				},
				{
					"name": "bone148",
					"parent": "bone98",
					"pivot": [17, 7, -21],
					"rotation": [90, 0, 0],
					"cubes": [
						{"origin": [15.65, 6.5, -20.5], "size": [1, 1, 5.25], "uv": [26, 21]}
					]
				},
				{
					"name": "bone149",
					"parent": "bone98",
					"pivot": [17, 7, -21],
					"rotation": [60, 0, 0],
					"cubes": [
						{"origin": [15.65, 6.5, -20.5], "size": [1, 1, 5.25], "uv": [26, 21]}
					]
				},
				{
					"name": "bone150",
					"parent": "bone98",
					"pivot": [17, 7, -21],
					"rotation": [30, 0, 0],
					"cubes": [
						{"origin": [15.65, 6.5, -20.5], "size": [1, 1, 5.25], "uv": [26, 21]}
					]
				},
				{
					"name": "bone151",
					"parent": "wheel_left",
					"pivot": [16, 7, -21],
					"rotation": [-10, 0, 0],
					"cubes": [
						{"origin": [15.4, 6.375, -20.375], "size": [1, 1.25, 0], "uv": [0, 0]}
					]
				},
				{
					"name": "bone152",
					"parent": "bone151",
					"pivot": [17, 7, -21],
					"cubes": [
						{"origin": [15.65, 6.5, -18.5], "size": [1, 1, 3.25], "uv": [0, 8]}
					]
				},
				{
					"name": "bone153",
					"parent": "bone151",
					"pivot": [17, 7, -21],
					"rotation": [-30, 0, 0],
					"cubes": [
						{"origin": [15.65, 6.5, -18.5], "size": [1, 1, 3.25], "uv": [0, 8]}
					]
				},
				{
					"name": "bone154",
					"parent": "bone151",
					"pivot": [17, 7, -21],
					"rotation": [-60, 0, 0],
					"cubes": [
						{"origin": [15.65, 6.5, -18.5], "size": [1, 1, 3.25], "uv": [0, 8]}
					]
				},
				{
					"name": "bone155",
					"parent": "bone151",
					"pivot": [17, 7, -21],
					"rotation": [-90, 0, 0],
					"cubes": [
						{"origin": [15.65, 6.5, -18.5], "size": [1, 1, 3.25], "uv": [0, 8]}
					]
				},
				{
					"name": "bone156",
					"parent": "bone151",
					"pivot": [17, 7, -21],
					"rotation": [-120, 0, 0],
					"cubes": [
						{"origin": [15.65, 6.5, -18.5], "size": [1, 1, 3.25], "uv": [0, 8]}
					]
				},
				{
					"name": "bone157",
					"parent": "bone151",
					"pivot": [17, 7, -21],
					"rotation": [-150, 0, 0],
					"cubes": [
						{"origin": [15.65, 6.5, -18.5], "size": [1, 1, 3.25], "uv": [0, 8]}
					]
				},
				{
					"name": "bone158",
					"parent": "bone151",
					"pivot": [17, 7, -21],
					"rotation": [180, 0, 0],
					"cubes": [
						{"origin": [15.65, 6.5, -18.5], "size": [1, 1, 3.25], "uv": [0, 8]}
					]
				},
				{
					"name": "bone159",
					"parent": "bone151",
					"pivot": [17, 7, -21],
					"rotation": [150, 0, 0],
					"cubes": [
						{"origin": [15.65, 6.5, -18.5], "size": [1, 1, 3.25], "uv": [0, 8]}
					]
				},
				{
					"name": "bone160",
					"parent": "bone151",
					"pivot": [17, 7, -21],
					"rotation": [120, 0, 0],
					"cubes": [
						{"origin": [15.65, 6.5, -18.5], "size": [1, 1, 3.25], "uv": [0, 8]}
					]
				},
				{
					"name": "bone161",
					"parent": "bone151",
					"pivot": [17, 7, -21],
					"rotation": [90, 0, 0],
					"cubes": [
						{"origin": [15.65, 6.5, -18.5], "size": [1, 1, 3.25], "uv": [0, 8]}
					]
				},
				{
					"name": "bone162",
					"parent": "bone151",
					"pivot": [17, 7, -21],
					"rotation": [60, 0, 0],
					"cubes": [
						{"origin": [15.65, 6.5, -18.5], "size": [1, 1, 3.25], "uv": [0, 8]}
					]
				},
				{
					"name": "bone163",
					"parent": "bone151",
					"pivot": [17, 7, -21],
					"rotation": [30, 0, 0],
					"cubes": [
						{"origin": [15.65, 6.5, -18.5], "size": [1, 1, 3.25], "uv": [0, 8]}
					]
				},
				{
					"name": "bone164",
					"parent": "wheel_left",
					"pivot": [16, 7, -21],
					"rotation": [10, 0, 0],
					"cubes": [
						{"origin": [15.4, 6.375, -20.375], "size": [1, 1.25, 0], "uv": [0, 0]}
					]
				},
				{
					"name": "bone165",
					"parent": "bone164",
					"pivot": [17, 7, -21],
					"cubes": [
						{"origin": [15.65, 6.5, -18.5], "size": [1, 1, 3.25], "uv": [0, 8]}
					]
				},
				{
					"name": "bone166",
					"parent": "bone164",
					"pivot": [17, 7, -21],
					"rotation": [-30, 0, 0],
					"cubes": [
						{"origin": [15.65, 6.5, -18.5], "size": [1, 1, 3.25], "uv": [0, 8]}
					]
				},
				{
					"name": "bone167",
					"parent": "bone164",
					"pivot": [17, 7, -21],
					"rotation": [-60, 0, 0],
					"cubes": [
						{"origin": [15.65, 6.5, -18.5], "size": [1, 1, 3.25], "uv": [0, 8]}
					]
				},
				{
					"name": "bone168",
					"parent": "bone164",
					"pivot": [17, 7, -21],
					"rotation": [-90, 0, 0],
					"cubes": [
						{"origin": [15.65, 6.5, -18.5], "size": [1, 1, 3.25], "uv": [0, 8]}
					]
				},
				{
					"name": "bone169",
					"parent": "bone164",
					"pivot": [17, 7, -21],
					"rotation": [-120, 0, 0],
					"cubes": [
						{"origin": [15.65, 6.5, -18.5], "size": [1, 1, 3.25], "uv": [0, 8]}
					]
				},
				{
					"name": "bone170",
					"parent": "bone164",
					"pivot": [17, 7, -21],
					"rotation": [-150, 0, 0],
					"cubes": [
						{"origin": [15.65, 6.5, -18.5], "size": [1, 1, 3.25], "uv": [0, 8]}
					]
				},
				{
					"name": "bone171",
					"parent": "bone164",
					"pivot": [17, 7, -21],
					"rotation": [180, 0, 0],
					"cubes": [
						{"origin": [15.65, 6.5, -18.5], "size": [1, 1, 3.25], "uv": [0, 8]}
					]
				},
				{
					"name": "bone172",
					"parent": "bone164",
					"pivot": [17, 7, -21],
					"rotation": [150, 0, 0],
					"cubes": [
						{"origin": [15.65, 6.5, -18.5], "size": [1, 1, 3.25], "uv": [0, 8]}
					]
				},
				{
					"name": "bone173",
					"parent": "bone164",
					"pivot": [17, 7, -21],
					"rotation": [120, 0, 0],
					"cubes": [
						{"origin": [15.65, 6.5, -18.5], "size": [1, 1, 3.25], "uv": [0, 8]}
					]
				},
				{
					"name": "bone174",
					"parent": "bone164",
					"pivot": [17, 7, -21],
					"rotation": [90, 0, 0],
					"cubes": [
						{"origin": [15.65, 6.5, -18.5], "size": [1, 1, 3.25], "uv": [0, 8]}
					]
				},
				{
					"name": "bone175",
					"parent": "bone164",
					"pivot": [17, 7, -21],
					"rotation": [60, 0, 0],
					"cubes": [
						{"origin": [15.65, 6.5, -18.5], "size": [1, 1, 3.25], "uv": [0, 8]}
					]
				},
				{
					"name": "bone176",
					"parent": "bone164",
					"pivot": [17, 7, -21],
					"rotation": [30, 0, 0],
					"cubes": [
						{"origin": [15.65, 6.5, -18.5], "size": [1, 1, 3.25], "uv": [0, 8]}
					]
				},
				{
					"name": "wheel_right",
					"pivot": [-15.25, 7, -21],
					"rotation": [15, 180, 0]
				},
				{
					"name": "bone2",
					"parent": "wheel_right",
					"pivot": [-15.75, 1, -21]
				},
				{
					"name": "wheel14",
					"parent": "bone2",
					"pivot": [-15.75, 7, -21],
					"cubes": [
						{"origin": [-17.25, 0.5, -23.75], "size": [4, 1.25, 5.5], "inflate": 0.1, "uv": [43, 0]},
						{"origin": [-17.25, 12.25, -23.75], "size": [4, 1.25, 5.5], "inflate": 0.1, "uv": [43, 0]}
					]
				},
				{
					"name": "wheel15",
					"parent": "bone2",
					"pivot": [-15.75, 7, -21],
					"rotation": [-45, 0, 0],
					"cubes": [
						{"origin": [-17.25, 0.5, -23.75], "size": [4, 1.25, 5.5], "inflate": 0.1, "uv": [43, 0]},
						{"origin": [-17.25, 12.25, -23.75], "size": [4, 1.25, 5.5], "inflate": 0.1, "uv": [43, 0]}
					]
				},
				{
					"name": "wheel16",
					"parent": "bone2",
					"pivot": [-15.75, 7, -21],
					"rotation": [-90, 0, 0],
					"cubes": [
						{"origin": [-17.25, 0.5, -23.75], "size": [4, 1.25, 5.5], "inflate": 0.1, "uv": [43, 0]},
						{"origin": [-17.25, 12.25, -23.75], "size": [4, 1.25, 5.5], "inflate": 0.1, "uv": [43, 0]}
					]
				},
				{
					"name": "wheel17",
					"parent": "bone2",
					"pivot": [-15.75, 7, -21],
					"rotation": [-135, 0, 0],
					"cubes": [
						{"origin": [-17.25, 0.5, -23.75], "size": [4, 1.25, 5.5], "inflate": 0.1, "uv": [43, 0]},
						{"origin": [-17.25, 12.25, -23.75], "size": [4, 1.25, 5.5], "inflate": 0.1, "uv": [43, 0]}
					]
				},
				{
					"name": "bone43",
					"parent": "wheel_right",
					"pivot": [-15.75, 1, -21]
				},
				{
					"name": "wheel18",
					"parent": "bone43",
					"pivot": [-15.75, 7, -21],
					"cubes": [
						{"origin": [-17.25, 3.25, -22.75], "size": [4, 1.25, 3.5], "uv": [24, 17]},
						{"origin": [-17.25, 9.5, -22.75], "size": [4, 1.25, 3.5], "uv": [24, 17]}
					]
				},
				{
					"name": "wheel23",
					"parent": "bone43",
					"pivot": [-15.75, 7, -21],
					"rotation": [-45, 0, 0],
					"cubes": [
						{"origin": [-17.25, 3.25, -22.75], "size": [4, 1.25, 3.5], "uv": [24, 17]},
						{"origin": [-17.25, 9.5, -22.75], "size": [4, 1.25, 3.5], "uv": [24, 17]}
					]
				},
				{
					"name": "wheel24",
					"parent": "bone43",
					"pivot": [-15.75, 7, -21],
					"rotation": [-90, 0, 0],
					"cubes": [
						{"origin": [-17.25, 3.25, -22.75], "size": [4, 1.25, 3.5], "uv": [24, 17]},
						{"origin": [-17.25, 9.5, -22.75], "size": [4, 1.25, 3.5], "uv": [24, 17]}
					]
				},
				{
					"name": "wheel25",
					"parent": "bone43",
					"pivot": [-15.75, 7, -21],
					"rotation": [-135, 0, 0],
					"cubes": [
						{"origin": [-17.25, 3.25, -22.75], "size": [4, 1.25, 3.5], "uv": [24, 17]},
						{"origin": [-17.25, 9.5, -22.75], "size": [4, 1.25, 3.5], "uv": [24, 17]}
					]
				},
				{
					"name": "bone44",
					"parent": "wheel_right",
					"pivot": [-13.5, 1, -21],
					"cubes": [
						{"origin": [-15.1, 6.375, -21.625], "size": [1, 1.25, 1.25], "uv": [26, 21]}
					]
				},
				{
					"name": "bone45",
					"parent": "bone44",
					"pivot": [-13.5, 7, -21],
					"cubes": [
						{"origin": [-14.85, 6.5, -20.5], "size": [1, 1, 5.25], "uv": [26, 21]}
					]
				},
				{
					"name": "bone46",
					"parent": "bone44",
					"pivot": [-13.5, 7, -21],
					"rotation": [-30, 0, 0],
					"cubes": [
						{"origin": [-14.85, 6.5, -20.5], "size": [1, 1, 5.25], "uv": [26, 21]}
					]
				},
				{
					"name": "bone47",
					"parent": "bone44",
					"pivot": [-13.5, 7, -21],
					"rotation": [-60, 0, 0],
					"cubes": [
						{"origin": [-14.85, 6.5, -20.5], "size": [1, 1, 5.25], "uv": [26, 21]}
					]
				},
				{
					"name": "bone49",
					"parent": "bone44",
					"pivot": [-13.5, 7, -21],
					"rotation": [-90, 0, 0],
					"cubes": [
						{"origin": [-14.85, 6.5, -20.5], "size": [1, 1, 5.25], "uv": [26, 21]}
					]
				},
				{
					"name": "bone108",
					"parent": "bone44",
					"pivot": [-13.5, 7, -21],
					"rotation": [-120, 0, 0],
					"cubes": [
						{"origin": [-14.85, 6.5, -20.5], "size": [1, 1, 5.25], "uv": [26, 21]}
					]
				},
				{
					"name": "bone109",
					"parent": "bone44",
					"pivot": [-13.5, 7, -21],
					"rotation": [-150, 0, 0],
					"cubes": [
						{"origin": [-14.85, 6.5, -20.5], "size": [1, 1, 5.25], "uv": [26, 21]}
					]
				},
				{
					"name": "bone110",
					"parent": "bone44",
					"pivot": [-13.5, 7, -21],
					"rotation": [180, 0, 0],
					"cubes": [
						{"origin": [-14.85, 6.5, -20.5], "size": [1, 1, 5.25], "uv": [26, 21]}
					]
				},
				{
					"name": "bone111",
					"parent": "bone44",
					"pivot": [-13.5, 7, -21],
					"rotation": [150, 0, 0],
					"cubes": [
						{"origin": [-14.85, 6.5, -20.5], "size": [1, 1, 5.25], "uv": [26, 21]}
					]
				},
				{
					"name": "bone112",
					"parent": "bone44",
					"pivot": [-13.5, 7, -21],
					"rotation": [120, 0, 0],
					"cubes": [
						{"origin": [-14.85, 6.5, -20.5], "size": [1, 1, 5.25], "uv": [26, 21]}
					]
				},
				{
					"name": "bone114",
					"parent": "bone44",
					"pivot": [-13.5, 7, -21],
					"rotation": [90, 0, 0],
					"cubes": [
						{"origin": [-14.85, 6.5, -20.5], "size": [1, 1, 5.25], "uv": [26, 21]}
					]
				},
				{
					"name": "bone115",
					"parent": "bone44",
					"pivot": [-13.5, 7, -21],
					"rotation": [60, 0, 0],
					"cubes": [
						{"origin": [-14.85, 6.5, -20.5], "size": [1, 1, 5.25], "uv": [26, 21]}
					]
				},
				{
					"name": "bone116",
					"parent": "bone44",
					"pivot": [-13.5, 7, -21],
					"rotation": [30, 0, 0],
					"cubes": [
						{"origin": [-14.85, 6.5, -20.5], "size": [1, 1, 5.25], "uv": [26, 21]}
					]
				},
				{
					"name": "bone117",
					"parent": "wheel_right",
					"pivot": [-14.5, 7, -21],
					"rotation": [-10, 0, 0],
					"cubes": [
						{"origin": [-15.1, 6.375, -20.375], "size": [1, 1.25, 0], "uv": [0, 0]}
					]
				},
				{
					"name": "bone118",
					"parent": "bone117",
					"pivot": [-13.5, 7, -21],
					"cubes": [
						{"origin": [-14.85, 6.5, -18.5], "size": [1, 1, 3.25], "uv": [0, 8]}
					]
				},
				{
					"name": "bone119",
					"parent": "bone117",
					"pivot": [-13.5, 7, -21],
					"rotation": [-30, 0, 0],
					"cubes": [
						{"origin": [-14.85, 6.5, -18.5], "size": [1, 1, 3.25], "uv": [0, 8]}
					]
				},
				{
					"name": "bone120",
					"parent": "bone117",
					"pivot": [-13.5, 7, -21],
					"rotation": [-60, 0, 0],
					"cubes": [
						{"origin": [-14.85, 6.5, -18.5], "size": [1, 1, 3.25], "uv": [0, 8]}
					]
				},
				{
					"name": "bone121",
					"parent": "bone117",
					"pivot": [-13.5, 7, -21],
					"rotation": [-90, 0, 0],
					"cubes": [
						{"origin": [-14.85, 6.5, -18.5], "size": [1, 1, 3.25], "uv": [0, 8]}
					]
				},
				{
					"name": "bone122",
					"parent": "bone117",
					"pivot": [-13.5, 7, -21],
					"rotation": [-120, 0, 0],
					"cubes": [
						{"origin": [-14.85, 6.5, -18.5], "size": [1, 1, 3.25], "uv": [0, 8]}
					]
				},
				{
					"name": "bone123",
					"parent": "bone117",
					"pivot": [-13.5, 7, -21],
					"rotation": [-150, 0, 0],
					"cubes": [
						{"origin": [-14.85, 6.5, -18.5], "size": [1, 1, 3.25], "uv": [0, 8]}
					]
				},
				{
					"name": "bone124",
					"parent": "bone117",
					"pivot": [-13.5, 7, -21],
					"rotation": [180, 0, 0],
					"cubes": [
						{"origin": [-14.85, 6.5, -18.5], "size": [1, 1, 3.25], "uv": [0, 8]}
					]
				},
				{
					"name": "bone125",
					"parent": "bone117",
					"pivot": [-13.5, 7, -21],
					"rotation": [150, 0, 0],
					"cubes": [
						{"origin": [-14.85, 6.5, -18.5], "size": [1, 1, 3.25], "uv": [0, 8]}
					]
				},
				{
					"name": "bone126",
					"parent": "bone117",
					"pivot": [-13.5, 7, -21],
					"rotation": [120, 0, 0],
					"cubes": [
						{"origin": [-14.85, 6.5, -18.5], "size": [1, 1, 3.25], "uv": [0, 8]}
					]
				},
				{
					"name": "bone127",
					"parent": "bone117",
					"pivot": [-13.5, 7, -21],
					"rotation": [90, 0, 0],
					"cubes": [
						{"origin": [-14.85, 6.5, -18.5], "size": [1, 1, 3.25], "uv": [0, 8]}
					]
				},
				{
					"name": "bone128",
					"parent": "bone117",
					"pivot": [-13.5, 7, -21],
					"rotation": [60, 0, 0],
					"cubes": [
						{"origin": [-14.85, 6.5, -18.5], "size": [1, 1, 3.25], "uv": [0, 8]}
					]
				},
				{
					"name": "bone129",
					"parent": "bone117",
					"pivot": [-13.5, 7, -21],
					"rotation": [30, 0, 0],
					"cubes": [
						{"origin": [-14.85, 6.5, -18.5], "size": [1, 1, 3.25], "uv": [0, 8]}
					]
				},
				{
					"name": "bone130",
					"parent": "wheel_right",
					"pivot": [-14.5, 7, -21],
					"rotation": [10, 0, 0],
					"cubes": [
						{"origin": [-15.1, 6.375, -20.375], "size": [1, 1.25, 0], "uv": [0, 0]}
					]
				},
				{
					"name": "bone131",
					"parent": "bone130",
					"pivot": [-13.5, 7, -21],
					"cubes": [
						{"origin": [-14.85, 6.5, -18.5], "size": [1, 1, 3.25], "uv": [0, 8]}
					]
				},
				{
					"name": "bone132",
					"parent": "bone130",
					"pivot": [-13.5, 7, -21],
					"rotation": [-30, 0, 0],
					"cubes": [
						{"origin": [-14.85, 6.5, -18.5], "size": [1, 1, 3.25], "uv": [0, 8]}
					]
				},
				{
					"name": "bone133",
					"parent": "bone130",
					"pivot": [-13.5, 7, -21],
					"rotation": [-60, 0, 0],
					"cubes": [
						{"origin": [-14.85, 6.5, -18.5], "size": [1, 1, 3.25], "uv": [0, 8]}
					]
				},
				{
					"name": "bone134",
					"parent": "bone130",
					"pivot": [-13.5, 7, -21],
					"rotation": [-90, 0, 0],
					"cubes": [
						{"origin": [-14.85, 6.5, -18.5], "size": [1, 1, 3.25], "uv": [0, 8]}
					]
				},
				{
					"name": "bone135",
					"parent": "bone130",
					"pivot": [-13.5, 7, -21],
					"rotation": [-120, 0, 0],
					"cubes": [
						{"origin": [-14.85, 6.5, -18.5], "size": [1, 1, 3.25], "uv": [0, 8]}
					]
				},
				{
					"name": "bone136",
					"parent": "bone130",
					"pivot": [-13.5, 7, -21],
					"rotation": [-150, 0, 0],
					"cubes": [
						{"origin": [-14.85, 6.5, -18.5], "size": [1, 1, 3.25], "uv": [0, 8]}
					]
				},
				{
					"name": "bone137",
					"parent": "bone130",
					"pivot": [-13.5, 7, -21],
					"rotation": [180, 0, 0],
					"cubes": [
						{"origin": [-14.85, 6.5, -18.5], "size": [1, 1, 3.25], "uv": [0, 8]}
					]
				},
				{
					"name": "bone138",
					"parent": "bone130",
					"pivot": [-13.5, 7, -21],
					"rotation": [150, 0, 0],
					"cubes": [
						{"origin": [-14.85, 6.5, -18.5], "size": [1, 1, 3.25], "uv": [0, 8]}
					]
				},
				{
					"name": "bone139",
					"parent": "bone130",
					"pivot": [-13.5, 7, -21],
					"rotation": [120, 0, 0],
					"cubes": [
						{"origin": [-14.85, 6.5, -18.5], "size": [1, 1, 3.25], "uv": [0, 8]}
					]
				},
				{
					"name": "bone140",
					"parent": "bone130",
					"pivot": [-13.5, 7, -21],
					"rotation": [90, 0, 0],
					"cubes": [
						{"origin": [-14.85, 6.5, -18.5], "size": [1, 1, 3.25], "uv": [0, 8]}
					]
				},
				{
					"name": "bone141",
					"parent": "bone130",
					"pivot": [-13.5, 7, -21],
					"rotation": [60, 0, 0],
					"cubes": [
						{"origin": [-14.85, 6.5, -18.5], "size": [1, 1, 3.25], "uv": [0, 8]}
					]
				},
				{
					"name": "bone142",
					"parent": "bone130",
					"pivot": [-13.5, 7, -21],
					"rotation": [30, 0, 0],
					"cubes": [
						{"origin": [-14.85, 6.5, -18.5], "size": [1, 1, 3.25], "uv": [0, 8]}
					]
				},
				{
					"name": "backwheels",
					"pivot": [0, 7, 21.5]
				},
				{
					"name": "wheel_back3",
					"parent": "backwheels",
					"pivot": [15.25, 7, 21.5],
					"rotation": [15, 0, 0]
				},
				{
					"name": "bone38",
					"parent": "wheel_back3",
					"pivot": [14.75, 1, 21.5]
				},
				{
					"name": "wheel6",
					"parent": "bone38",
					"pivot": [14.75, 7, 21.5],
					"cubes": [
						{"origin": [13.25, 0.5, 18.75], "size": [4, 1.25, 5.5], "inflate": 0.1, "uv": [43, 0]},
						{"origin": [13.25, 12.25, 18.75], "size": [4, 1.25, 5.5], "inflate": 0.1, "uv": [43, 0]}
					]
				},
				{
					"name": "wheel7",
					"parent": "bone38",
					"pivot": [14.75, 7, 21.5],
					"rotation": [-45, 0, 0],
					"cubes": [
						{"origin": [13.25, 0.5, 18.75], "size": [4, 1.25, 5.5], "inflate": 0.1, "uv": [43, 0]},
						{"origin": [13.25, 12.25, 18.75], "size": [4, 1.25, 5.5], "inflate": 0.1, "uv": [43, 0]}
					]
				},
				{
					"name": "wheel8",
					"parent": "bone38",
					"pivot": [14.75, 7, 21.5],
					"rotation": [-90, 0, 0],
					"cubes": [
						{"origin": [13.25, 0.5, 18.75], "size": [4, 1.25, 5.5], "inflate": 0.1, "uv": [43, 0]},
						{"origin": [13.25, 12.25, 18.75], "size": [4, 1.25, 5.5], "inflate": 0.1, "uv": [43, 0]}
					]
				},
				{
					"name": "wheel9",
					"parent": "bone38",
					"pivot": [14.75, 7, 21.5],
					"rotation": [-135, 0, 0],
					"cubes": [
						{"origin": [13.25, 0.5, 18.75], "size": [4, 1.25, 5.5], "inflate": 0.1, "uv": [43, 0]},
						{"origin": [13.25, 12.25, 18.75], "size": [4, 1.25, 5.5], "inflate": 0.1, "uv": [43, 0]}
					]
				},
				{
					"name": "bone39",
					"parent": "wheel_back3",
					"pivot": [14.75, 1, 21.5]
				},
				{
					"name": "wheel10",
					"parent": "bone39",
					"pivot": [14.75, 7, 21.5],
					"cubes": [
						{"origin": [13.25, 3.25, 19.75], "size": [4, 1.25, 3.5], "uv": [24, 9]},
						{"origin": [13.25, 9.5, 19.75], "size": [4, 1.25, 3.5], "uv": [24, 9]}
					]
				},
				{
					"name": "wheel11",
					"parent": "bone39",
					"pivot": [14.75, 7, 21.5],
					"rotation": [-45, 0, 0],
					"cubes": [
						{"origin": [13.25, 3.25, 19.75], "size": [4, 1.25, 3.5], "uv": [24, 9]},
						{"origin": [13.25, 9.5, 19.75], "size": [4, 1.25, 3.5], "uv": [24, 9]}
					]
				},
				{
					"name": "wheel12",
					"parent": "bone39",
					"pivot": [14.75, 7, 21.5],
					"rotation": [-90, 0, 0],
					"cubes": [
						{"origin": [13.25, 3.25, 19.75], "size": [4, 1.25, 3.5], "uv": [24, 9]},
						{"origin": [13.25, 9.5, 19.75], "size": [4, 1.25, 3.5], "uv": [24, 9]}
					]
				},
				{
					"name": "wheel13",
					"parent": "bone39",
					"pivot": [14.75, 7, 21.5],
					"rotation": [-135, 0, 0],
					"cubes": [
						{"origin": [13.25, 3.25, 19.75], "size": [4, 1.25, 3.5], "uv": [24, 9]},
						{"origin": [13.25, 9.5, 19.75], "size": [4, 1.25, 3.5], "uv": [24, 9]}
					]
				},
				{
					"name": "bone40",
					"parent": "wheel_back3",
					"pivot": [17, 1, 21.5],
					"cubes": [
						{"origin": [15.4, 6.375, 20.875], "size": [1, 1.25, 1.25], "uv": [26, 21]}
					]
				},
				{
					"name": "bone41",
					"parent": "bone40",
					"pivot": [17, 7, 21.5],
					"cubes": [
						{"origin": [15.65, 6.5, 22], "size": [1, 1, 5.25], "uv": [26, 21]}
					]
				},
				{
					"name": "bone42",
					"parent": "bone40",
					"pivot": [17, 7, 21.5],
					"rotation": [-30, 0, 0],
					"cubes": [
						{"origin": [15.65, 6.5, 22], "size": [1, 1, 5.25], "uv": [26, 21]}
					]
				},
				{
					"name": "bone50",
					"parent": "bone40",
					"pivot": [17, 7, 21.5],
					"rotation": [-60, 0, 0],
					"cubes": [
						{"origin": [15.65, 6.5, 22], "size": [1, 1, 5.25], "uv": [26, 21]}
					]
				},
				{
					"name": "bone51",
					"parent": "bone40",
					"pivot": [17, 7, 21.5],
					"rotation": [-90, 0, 0],
					"cubes": [
						{"origin": [15.65, 6.5, 22], "size": [1, 1, 5.25], "uv": [26, 21]}
					]
				},
				{
					"name": "bone52",
					"parent": "bone40",
					"pivot": [17, 7, 21.5],
					"rotation": [-120, 0, 0],
					"cubes": [
						{"origin": [15.65, 6.5, 22], "size": [1, 1, 5.25], "uv": [26, 21]}
					]
				},
				{
					"name": "bone53",
					"parent": "bone40",
					"pivot": [17, 7, 21.5],
					"rotation": [-150, 0, 0],
					"cubes": [
						{"origin": [15.65, 6.5, 22], "size": [1, 1, 5.25], "uv": [26, 21]}
					]
				},
				{
					"name": "bone54",
					"parent": "bone40",
					"pivot": [17, 7, 21.5],
					"rotation": [180, 0, 0],
					"cubes": [
						{"origin": [15.65, 6.5, 22], "size": [1, 1, 5.25], "uv": [26, 21]}
					]
				},
				{
					"name": "bone55",
					"parent": "bone40",
					"pivot": [17, 7, 21.5],
					"rotation": [150, 0, 0],
					"cubes": [
						{"origin": [15.65, 6.5, 22], "size": [1, 1, 5.25], "uv": [26, 21]}
					]
				},
				{
					"name": "bone56",
					"parent": "bone40",
					"pivot": [17, 7, 21.5],
					"rotation": [120, 0, 0],
					"cubes": [
						{"origin": [15.65, 6.5, 22], "size": [1, 1, 5.25], "uv": [26, 21]}
					]
				},
				{
					"name": "bone64",
					"parent": "bone40",
					"pivot": [17, 7, 21.5],
					"rotation": [90, 0, 0],
					"cubes": [
						{"origin": [15.65, 6.5, 22], "size": [1, 1, 5.25], "uv": [26, 21]}
					]
				},
				{
					"name": "bone65",
					"parent": "bone40",
					"pivot": [17, 7, 21.5],
					"rotation": [60, 0, 0],
					"cubes": [
						{"origin": [15.65, 6.5, 22], "size": [1, 1, 5.25], "uv": [26, 21]}
					]
				},
				{
					"name": "bone66",
					"parent": "bone40",
					"pivot": [17, 7, 21.5],
					"rotation": [30, 0, 0],
					"cubes": [
						{"origin": [15.65, 6.5, 22], "size": [1, 1, 5.25], "uv": [26, 21]}
					]
				},
				{
					"name": "bone67",
					"parent": "wheel_back3",
					"pivot": [16, 7, 21.5],
					"rotation": [-10, 0, 0],
					"cubes": [
						{"origin": [15.4, 6.375, 22.125], "size": [1, 1.25, 0], "uv": [0, 0]}
					]
				},
				{
					"name": "bone68",
					"parent": "bone67",
					"pivot": [17, 7, 21.5],
					"cubes": [
						{"origin": [15.65, 6.5, 24], "size": [1, 1, 3.25], "uv": [0, 8]}
					]
				},
				{
					"name": "bone69",
					"parent": "bone67",
					"pivot": [17, 7, 21.5],
					"rotation": [-30, 0, 0],
					"cubes": [
						{"origin": [15.65, 6.5, 24], "size": [1, 1, 3.25], "uv": [0, 8]}
					]
				},
				{
					"name": "bone70",
					"parent": "bone67",
					"pivot": [17, 7, 21.5],
					"rotation": [-60, 0, 0],
					"cubes": [
						{"origin": [15.65, 6.5, 24], "size": [1, 1, 3.25], "uv": [0, 8]}
					]
				},
				{
					"name": "bone71",
					"parent": "bone67",
					"pivot": [17, 7, 21.5],
					"rotation": [-90, 0, 0],
					"cubes": [
						{"origin": [15.65, 6.5, 24], "size": [1, 1, 3.25], "uv": [0, 8]}
					]
				},
				{
					"name": "bone72",
					"parent": "bone67",
					"pivot": [17, 7, 21.5],
					"rotation": [-120, 0, 0],
					"cubes": [
						{"origin": [15.65, 6.5, 24], "size": [1, 1, 3.25], "uv": [0, 8]}
					]
				},
				{
					"name": "bone73",
					"parent": "bone67",
					"pivot": [17, 7, 21.5],
					"rotation": [-150, 0, 0],
					"cubes": [
						{"origin": [15.65, 6.5, 24], "size": [1, 1, 3.25], "uv": [0, 8]}
					]
				},
				{
					"name": "bone74",
					"parent": "bone67",
					"pivot": [17, 7, 21.5],
					"rotation": [180, 0, 0],
					"cubes": [
						{"origin": [15.65, 6.5, 24], "size": [1, 1, 3.25], "uv": [0, 8]}
					]
				},
				{
					"name": "bone75",
					"parent": "bone67",
					"pivot": [17, 7, 21.5],
					"rotation": [150, 0, 0],
					"cubes": [
						{"origin": [15.65, 6.5, 24], "size": [1, 1, 3.25], "uv": [0, 8]}
					]
				},
				{
					"name": "bone76",
					"parent": "bone67",
					"pivot": [17, 7, 21.5],
					"rotation": [120, 0, 0],
					"cubes": [
						{"origin": [15.65, 6.5, 24], "size": [1, 1, 3.25], "uv": [0, 8]}
					]
				},
				{
					"name": "bone77",
					"parent": "bone67",
					"pivot": [17, 7, 21.5],
					"rotation": [90, 0, 0],
					"cubes": [
						{"origin": [15.65, 6.5, 24], "size": [1, 1, 3.25], "uv": [0, 8]}
					]
				},
				{
					"name": "bone86",
					"parent": "bone67",
					"pivot": [17, 7, 21.5],
					"rotation": [60, 0, 0],
					"cubes": [
						{"origin": [15.65, 6.5, 24], "size": [1, 1, 3.25], "uv": [0, 8]}
					]
				},
				{
					"name": "bone87",
					"parent": "bone67",
					"pivot": [17, 7, 21.5],
					"rotation": [30, 0, 0],
					"cubes": [
						{"origin": [15.65, 6.5, 24], "size": [1, 1, 3.25], "uv": [0, 8]}
					]
				},
				{
					"name": "bone88",
					"parent": "wheel_back3",
					"pivot": [16, 7, 21.5],
					"rotation": [10, 0, 0],
					"cubes": [
						{"origin": [15.4, 6.375, 22.125], "size": [1, 1.25, 0], "uv": [0, 0]}
					]
				},
				{
					"name": "bone89",
					"parent": "bone88",
					"pivot": [17, 7, 21.5],
					"cubes": [
						{"origin": [15.65, 6.5, 24], "size": [1, 1, 3.25], "uv": [0, 8]}
					]
				},
				{
					"name": "bone90",
					"parent": "bone88",
					"pivot": [17, 7, 21.5],
					"rotation": [-30, 0, 0],
					"cubes": [
						{"origin": [15.65, 6.5, 24], "size": [1, 1, 3.25], "uv": [0, 8]}
					]
				},
				{
					"name": "bone91",
					"parent": "bone88",
					"pivot": [17, 7, 21.5],
					"rotation": [-60, 0, 0],
					"cubes": [
						{"origin": [15.65, 6.5, 24], "size": [1, 1, 3.25], "uv": [0, 8]}
					]
				},
				{
					"name": "bone92",
					"parent": "bone88",
					"pivot": [17, 7, 21.5],
					"rotation": [-90, 0, 0],
					"cubes": [
						{"origin": [15.65, 6.5, 24], "size": [1, 1, 3.25], "uv": [0, 8]}
					]
				},
				{
					"name": "bone93",
					"parent": "bone88",
					"pivot": [17, 7, 21.5],
					"rotation": [-120, 0, 0],
					"cubes": [
						{"origin": [15.65, 6.5, 24], "size": [1, 1, 3.25], "uv": [0, 8]}
					]
				},
				{
					"name": "bone94",
					"parent": "bone88",
					"pivot": [17, 7, 21.5],
					"rotation": [-150, 0, 0],
					"cubes": [
						{"origin": [15.65, 6.5, 24], "size": [1, 1, 3.25], "uv": [0, 8]}
					]
				},
				{
					"name": "bone95",
					"parent": "bone88",
					"pivot": [17, 7, 21.5],
					"rotation": [180, 0, 0],
					"cubes": [
						{"origin": [15.65, 6.5, 24], "size": [1, 1, 3.25], "uv": [0, 8]}
					]
				},
				{
					"name": "bone103",
					"parent": "bone88",
					"pivot": [17, 7, 21.5],
					"rotation": [150, 0, 0],
					"cubes": [
						{"origin": [15.65, 6.5, 24], "size": [1, 1, 3.25], "uv": [0, 8]}
					]
				},
				{
					"name": "bone104",
					"parent": "bone88",
					"pivot": [17, 7, 21.5],
					"rotation": [120, 0, 0],
					"cubes": [
						{"origin": [15.65, 6.5, 24], "size": [1, 1, 3.25], "uv": [0, 8]}
					]
				},
				{
					"name": "bone105",
					"parent": "bone88",
					"pivot": [17, 7, 21.5],
					"rotation": [90, 0, 0],
					"cubes": [
						{"origin": [15.65, 6.5, 24], "size": [1, 1, 3.25], "uv": [0, 8]}
					]
				},
				{
					"name": "bone106",
					"parent": "bone88",
					"pivot": [17, 7, 21.5],
					"rotation": [60, 0, 0],
					"cubes": [
						{"origin": [15.65, 6.5, 24], "size": [1, 1, 3.25], "uv": [0, 8]}
					]
				},
				{
					"name": "bone107",
					"parent": "bone88",
					"pivot": [17, 7, 21.5],
					"rotation": [30, 0, 0],
					"cubes": [
						{"origin": [15.65, 6.5, 24], "size": [1, 1, 3.25], "uv": [0, 8]}
					]
				},
				{
					"name": "wheel_back2",
					"parent": "backwheels",
					"pivot": [-15.25, 7, 21.5],
					"rotation": [15, 180, 0]
				},
				{
					"name": "bone79",
					"parent": "wheel_back2",
					"pivot": [-15.75, 1, 21.5]
				},
				{
					"name": "wheel27",
					"parent": "bone79",
					"pivot": [-15.75, 7, 21.5],
					"cubes": [
						{"origin": [-17.25, 0.5, 18.75], "size": [4, 1.25, 5.5], "inflate": 0.1, "uv": [43, 0]},
						{"origin": [-17.25, 12.25, 18.75], "size": [4, 1.25, 5.5], "inflate": 0.1, "uv": [43, 0]}
					]
				},
				{
					"name": "wheel28",
					"parent": "bone79",
					"pivot": [-15.75, 7, 21.5],
					"rotation": [-45, 0, 0],
					"cubes": [
						{"origin": [-17.25, 0.5, 18.75], "size": [4, 1.25, 5.5], "inflate": 0.1, "uv": [43, 0]},
						{"origin": [-17.25, 12.25, 18.75], "size": [4, 1.25, 5.5], "inflate": 0.1, "uv": [43, 0]}
					]
				},
				{
					"name": "wheel29",
					"parent": "bone79",
					"pivot": [-15.75, 7, 21.5],
					"rotation": [-90, 0, 0],
					"cubes": [
						{"origin": [-17.25, 0.5, 18.75], "size": [4, 1.25, 5.5], "inflate": 0.1, "uv": [43, 0]},
						{"origin": [-17.25, 12.25, 18.75], "size": [4, 1.25, 5.5], "inflate": 0.1, "uv": [43, 0]}
					]
				},
				{
					"name": "wheel30",
					"parent": "bone79",
					"pivot": [-15.75, 7, 21.5],
					"rotation": [-135, 0, 0],
					"cubes": [
						{"origin": [-17.25, 0.5, 18.75], "size": [4, 1.25, 5.5], "inflate": 0.1, "uv": [43, 0]},
						{"origin": [-17.25, 12.25, 18.75], "size": [4, 1.25, 5.5], "inflate": 0.1, "uv": [43, 0]}
					]
				},
				{
					"name": "bone10",
					"parent": "wheel_back2",
					"pivot": [-15.75, 1, 21.5]
				},
				{
					"name": "wheel2",
					"parent": "bone10",
					"pivot": [-15.75, 7, 21.5],
					"cubes": [
						{"origin": [-17.25, 3.25, 19.75], "size": [4, 1.25, 3.5], "uv": [24, 13]},
						{"origin": [-17.25, 9.5, 19.75], "size": [4, 1.25, 3.5], "uv": [24, 13]}
					]
				},
				{
					"name": "wheel3",
					"parent": "bone10",
					"pivot": [-15.75, 7, 21.5],
					"rotation": [-45, 0, 0],
					"cubes": [
						{"origin": [-17.25, 3.25, 19.75], "size": [4, 1.25, 3.5], "uv": [24, 13]},
						{"origin": [-17.25, 9.5, 19.75], "size": [4, 1.25, 3.5], "uv": [24, 13]}
					]
				},
				{
					"name": "wheel4",
					"parent": "bone10",
					"pivot": [-15.75, 7, 21.5],
					"rotation": [-90, 0, 0],
					"cubes": [
						{"origin": [-17.25, 3.25, 19.75], "size": [4, 1.25, 3.5], "uv": [24, 13]},
						{"origin": [-17.25, 9.5, 19.75], "size": [4, 1.25, 3.5], "uv": [24, 13]}
					]
				},
				{
					"name": "wheel5",
					"parent": "bone10",
					"pivot": [-15.75, 7, 21.5],
					"rotation": [-135, 0, 0],
					"cubes": [
						{"origin": [-17.25, 3.25, 19.75], "size": [4, 1.25, 3.5], "uv": [24, 13]},
						{"origin": [-17.25, 9.5, 19.75], "size": [4, 1.25, 3.5], "uv": [24, 13]}
					]
				},
				{
					"name": "bone80",
					"parent": "wheel_back2",
					"pivot": [-13.5, 1, 21.5],
					"cubes": [
						{"origin": [-15.1, 6.375, 20.875], "size": [1, 1.25, 1.25], "uv": [26, 21]}
					]
				},
				{
					"name": "bone81",
					"parent": "bone80",
					"pivot": [-13.5, 7, 21.5],
					"cubes": [
						{"origin": [-14.85, 6.5, 22], "size": [1, 1, 5.25], "uv": [26, 21]}
					]
				},
				{
					"name": "bone82",
					"parent": "bone80",
					"pivot": [-13.5, 7, 21.5],
					"rotation": [-30, 0, 0],
					"cubes": [
						{"origin": [-14.85, 6.5, 22], "size": [1, 1, 5.25], "uv": [26, 21]}
					]
				},
				{
					"name": "bone83",
					"parent": "bone80",
					"pivot": [-13.5, 7, 21.5],
					"rotation": [-60, 0, 0],
					"cubes": [
						{"origin": [-14.85, 6.5, 22], "size": [1, 1, 5.25], "uv": [26, 21]}
					]
				},
				{
					"name": "bone84",
					"parent": "bone80",
					"pivot": [-13.5, 7, 21.5],
					"rotation": [-90, 0, 0],
					"cubes": [
						{"origin": [-14.85, 6.5, 22], "size": [1, 1, 5.25], "uv": [26, 21]}
					]
				},
				{
					"name": "bone85",
					"parent": "bone80",
					"pivot": [-13.5, 7, 21.5],
					"rotation": [-120, 0, 0],
					"cubes": [
						{"origin": [-14.85, 6.5, 22], "size": [1, 1, 5.25], "uv": [26, 21]}
					]
				},
				{
					"name": "bone3",
					"parent": "bone80",
					"pivot": [-13.5, 7, 21.5],
					"rotation": [-150, 0, 0],
					"cubes": [
						{"origin": [-14.85, 6.5, 22], "size": [1, 1, 5.25], "uv": [26, 21]}
					]
				},
				{
					"name": "bone4",
					"parent": "bone80",
					"pivot": [-13.5, 7, 21.5],
					"rotation": [180, 0, 0],
					"cubes": [
						{"origin": [-14.85, 6.5, 22], "size": [1, 1, 5.25], "uv": [26, 21]}
					]
				},
				{
					"name": "bone5",
					"parent": "bone80",
					"pivot": [-13.5, 7, 21.5],
					"rotation": [150, 0, 0],
					"cubes": [
						{"origin": [-14.85, 6.5, 22], "size": [1, 1, 5.25], "uv": [26, 21]}
					]
				},
				{
					"name": "bone6",
					"parent": "bone80",
					"pivot": [-13.5, 7, 21.5],
					"rotation": [120, 0, 0],
					"cubes": [
						{"origin": [-14.85, 6.5, 22], "size": [1, 1, 5.25], "uv": [26, 21]}
					]
				},
				{
					"name": "bone7",
					"parent": "bone80",
					"pivot": [-13.5, 7, 21.5],
					"rotation": [90, 0, 0],
					"cubes": [
						{"origin": [-14.85, 6.5, 22], "size": [1, 1, 5.25], "uv": [26, 21]}
					]
				},
				{
					"name": "bone8",
					"parent": "bone80",
					"pivot": [-13.5, 7, 21.5],
					"rotation": [60, 0, 0],
					"cubes": [
						{"origin": [-14.85, 6.5, 22], "size": [1, 1, 5.25], "uv": [26, 21]}
					]
				},
				{
					"name": "bone9",
					"parent": "bone80",
					"pivot": [-13.5, 7, 21.5],
					"rotation": [30, 0, 0],
					"cubes": [
						{"origin": [-14.85, 6.5, 22], "size": [1, 1, 5.25], "uv": [26, 21]}
					]
				},
				{
					"name": "bone12",
					"parent": "wheel_back2",
					"pivot": [-14.5, 7, 21.5],
					"rotation": [-10, 0, 0],
					"cubes": [
						{"origin": [-15.1, 6.375, 22.125], "size": [1, 1.25, 0], "uv": [0, 0]}
					]
				},
				{
					"name": "bone13",
					"parent": "bone12",
					"pivot": [-13.5, 7, 21.5],
					"cubes": [
						{"origin": [-14.85, 6.5, 24], "size": [1, 1, 3.25], "uv": [0, 8]}
					]
				},
				{
					"name": "bone14",
					"parent": "bone12",
					"pivot": [-13.5, 7, 21.5],
					"rotation": [-30, 0, 0],
					"cubes": [
						{"origin": [-14.85, 6.5, 24], "size": [1, 1, 3.25], "uv": [0, 8]}
					]
				},
				{
					"name": "bone15",
					"parent": "bone12",
					"pivot": [-13.5, 7, 21.5],
					"rotation": [-60, 0, 0],
					"cubes": [
						{"origin": [-14.85, 6.5, 24], "size": [1, 1, 3.25], "uv": [0, 8]}
					]
				},
				{
					"name": "bone16",
					"parent": "bone12",
					"pivot": [-13.5, 7, 21.5],
					"rotation": [-90, 0, 0],
					"cubes": [
						{"origin": [-14.85, 6.5, 24], "size": [1, 1, 3.25], "uv": [0, 8]}
					]
				},
				{
					"name": "bone17",
					"parent": "bone12",
					"pivot": [-13.5, 7, 21.5],
					"rotation": [-120, 0, 0],
					"cubes": [
						{"origin": [-14.85, 6.5, 24], "size": [1, 1, 3.25], "uv": [0, 8]}
					]
				},
				{
					"name": "bone18",
					"parent": "bone12",
					"pivot": [-13.5, 7, 21.5],
					"rotation": [-150, 0, 0],
					"cubes": [
						{"origin": [-14.85, 6.5, 24], "size": [1, 1, 3.25], "uv": [0, 8]}
					]
				},
				{
					"name": "bone19",
					"parent": "bone12",
					"pivot": [-13.5, 7, 21.5],
					"rotation": [180, 0, 0],
					"cubes": [
						{"origin": [-14.85, 6.5, 24], "size": [1, 1, 3.25], "uv": [0, 8]}
					]
				},
				{
					"name": "bone20",
					"parent": "bone12",
					"pivot": [-13.5, 7, 21.5],
					"rotation": [150, 0, 0],
					"cubes": [
						{"origin": [-14.85, 6.5, 24], "size": [1, 1, 3.25], "uv": [0, 8]}
					]
				},
				{
					"name": "bone21",
					"parent": "bone12",
					"pivot": [-13.5, 7, 21.5],
					"rotation": [120, 0, 0],
					"cubes": [
						{"origin": [-14.85, 6.5, 24], "size": [1, 1, 3.25], "uv": [0, 8]}
					]
				},
				{
					"name": "bone22",
					"parent": "bone12",
					"pivot": [-13.5, 7, 21.5],
					"rotation": [90, 0, 0],
					"cubes": [
						{"origin": [-14.85, 6.5, 24], "size": [1, 1, 3.25], "uv": [0, 8]}
					]
				},
				{
					"name": "bone23",
					"parent": "bone12",
					"pivot": [-13.5, 7, 21.5],
					"rotation": [60, 0, 0],
					"cubes": [
						{"origin": [-14.85, 6.5, 24], "size": [1, 1, 3.25], "uv": [0, 8]}
					]
				},
				{
					"name": "bone24",
					"parent": "bone12",
					"pivot": [-13.5, 7, 21.5],
					"rotation": [30, 0, 0],
					"cubes": [
						{"origin": [-14.85, 6.5, 24], "size": [1, 1, 3.25], "uv": [0, 8]}
					]
				},
				{
					"name": "bone25",
					"parent": "wheel_back2",
					"pivot": [-14.5, 7, 21.5],
					"rotation": [10, 0, 0],
					"cubes": [
						{"origin": [-15.1, 6.375, 22.125], "size": [1, 1.25, 0], "uv": [0, 0]}
					]
				},
				{
					"name": "bone26",
					"parent": "bone25",
					"pivot": [-13.5, 7, 21.5],
					"cubes": [
						{"origin": [-14.85, 6.5, 24], "size": [1, 1, 3.25], "uv": [0, 8]}
					]
				},
				{
					"name": "bone27",
					"parent": "bone25",
					"pivot": [-13.5, 7, 21.5],
					"rotation": [-30, 0, 0],
					"cubes": [
						{"origin": [-14.85, 6.5, 24], "size": [1, 1, 3.25], "uv": [0, 8]}
					]
				},
				{
					"name": "bone28",
					"parent": "bone25",
					"pivot": [-13.5, 7, 21.5],
					"rotation": [-60, 0, 0],
					"cubes": [
						{"origin": [-14.85, 6.5, 24], "size": [1, 1, 3.25], "uv": [0, 8]}
					]
				},
				{
					"name": "bone29",
					"parent": "bone25",
					"pivot": [-13.5, 7, 21.5],
					"rotation": [-90, 0, 0],
					"cubes": [
						{"origin": [-14.85, 6.5, 24], "size": [1, 1, 3.25], "uv": [0, 8]}
					]
				},
				{
					"name": "bone30",
					"parent": "bone25",
					"pivot": [-13.5, 7, 21.5],
					"rotation": [-120, 0, 0],
					"cubes": [
						{"origin": [-14.85, 6.5, 24], "size": [1, 1, 3.25], "uv": [0, 8]}
					]
				},
				{
					"name": "bone31",
					"parent": "bone25",
					"pivot": [-13.5, 7, 21.5],
					"rotation": [-150, 0, 0],
					"cubes": [
						{"origin": [-14.85, 6.5, 24], "size": [1, 1, 3.25], "uv": [0, 8]}
					]
				},
				{
					"name": "bone32",
					"parent": "bone25",
					"pivot": [-13.5, 7, 21.5],
					"rotation": [180, 0, 0],
					"cubes": [
						{"origin": [-14.85, 6.5, 24], "size": [1, 1, 3.25], "uv": [0, 8]}
					]
				},
				{
					"name": "bone33",
					"parent": "bone25",
					"pivot": [-13.5, 7, 21.5],
					"rotation": [150, 0, 0],
					"cubes": [
						{"origin": [-14.85, 6.5, 24], "size": [1, 1, 3.25], "uv": [0, 8]}
					]
				},
				{
					"name": "bone34",
					"parent": "bone25",
					"pivot": [-13.5, 7, 21.5],
					"rotation": [120, 0, 0],
					"cubes": [
						{"origin": [-14.85, 6.5, 24], "size": [1, 1, 3.25], "uv": [0, 8]}
					]
				},
				{
					"name": "bone35",
					"parent": "bone25",
					"pivot": [-13.5, 7, 21.5],
					"rotation": [90, 0, 0],
					"cubes": [
						{"origin": [-14.85, 6.5, 24], "size": [1, 1, 3.25], "uv": [0, 8]}
					]
				},
				{
					"name": "bone36",
					"parent": "bone25",
					"pivot": [-13.5, 7, 21.5],
					"rotation": [60, 0, 0],
					"cubes": [
						{"origin": [-14.85, 6.5, 24], "size": [1, 1, 3.25], "uv": [0, 8]}
					]
				},
				{
					"name": "bone37",
					"parent": "bone25",
					"pivot": [-13.5, 7, 21.5],
					"rotation": [30, 0, 0],
					"cubes": [
						{"origin": [-14.85, 6.5, 24], "size": [1, 1, 3.25], "uv": [0, 8]}
					]
				}
			]
		}
	]
}