{
  "format_version": "1.10.0",
  "minecraft:client_entity": {
    "description": {
      "identifier": "custom:klippan",
      "materials": { "default": "furniture" },
      "textures": {
        "default": "textures/entities/furnitures/klippan"
      },
      "geometry": {
        "default": "geometry.custom.klippan"
      },
      "render_controllers": [ "controller.render.furniture" ],
      "spawn_egg": {
        "texture": "klippan_egg",
        "texture_index": 0
      }
    }
  }
}
