{
  "format_version": "1.10.0",
  "minecraft:client_entity": {
    "description": {
      "identifier": "custom:vittsjotv",
      "materials": { "default": "furniture" },
      "textures": {
        "default": "textures/entities/furnitures/vittsjotv"
      },
      "geometry": {
        "default": "geometry.custom.vittsjotv"
      },
      "render_controllers": [ "controller.render.furniture" ],
      "spawn_egg": {
        "texture": "vittsjotv_egg",
        "texture_index": 0
      }
    }
  }
}
