{
	"format_version": "1.12.0",
	"minecraft:geometry": [
		{
			"description": {
				"identifier": "geometry.custom.register",
				"texture_width": 64,
				"texture_height": 64,
				"visible_bounds_width": 10,
				"visible_bounds_height": 4,
				"visible_bounds_offset": [0, 0, 0]
			},
			"bones": [
				{
					"name": "bone",
					"pivot": [0, 0, 0],
					"cubes": [
						{"origin": [-6, 0, -6], "size": [12, 3, 12], "uv": [0, 17]},
						{"origin": [1, 3, -5], "size": [4, 1, 2], "pivot": [3, 3.5, -4], "rotation": [0, -10, 0], "uv": [0, 20]},
						{"origin": [2.2, 6.8, 1.8], "size": [1, 1, 1], "inflate": -0.2, "pivot": [2.7, 7.3, 2.3], "rotation": [0, -173, 0], "uv": [0, 23]},
						{"origin": [2.95, 6.8, 2.05], "size": [1, 1, 1], "inflate": -0.2, "pivot": [3.45, 7.3, 2.55], "rotation": [0, -107, 0], "uv": [0, 23]},
						{"origin": [0.95, 6.8, 2.05], "size": [1, 1, 1], "inflate": -0.2, "pivot": [1.45, 7.3, 2.55], "rotation": [0, -149, 0], "uv": [0, 23]},
						{"origin": [2.2, 7.4, 1.8], "size": [1, 1, 1], "inflate": -0.2, "pivot": [2.7, 7.9, 2.3], "rotation": [0, -27, 0], "uv": [0, 23]},
						{"origin": [1.45, 6.8, 1.3], "size": [1, 1, 1], "inflate": -0.2, "pivot": [1.95, 7.3, 1.8], "rotation": [0, -76, 0], "uv": [0, 23]},
						{"origin": [-5, 3, 0], "size": [10, 4, 5], "uv": [0, 0]},
						{"origin": [-4, 6, 3], "size": [1, 2, 1], "inflate": -0.1, "uv": [0, 0]},
						{"origin": [-5.5, 7.75, 3], "size": [4, 2, 1], "uv": [0, 17]},
						{"origin": [-5, 5, -6], "size": [10, 2, 6], "pivot": [5, 7, 0], "rotation": [60, 0, 0], "uv": [0, 9]}
					]
				}
			]
		}
	]
}