{
	"format_version": "1.12.0",
	"minecraft:geometry": [
		{
			"description": {
				"identifier": "geometry.custom.shopping_cart_fill",
				"texture_width": 128,
				"texture_height": 128,
				"visible_bounds_width": 10,
				"visible_bounds_height": 4,
				"visible_bounds_offset": [0, 0, 0]
			},
			"bones": [
				{
					"name": "wheel_right",
					"pivot": [-5.5, 0, -11.5],
					"cubes": [
						{"origin": [-6, 0, -12], "size": [1, 4, 1], "uv": [0, 0]},
						{"origin": [-6, 0, -12], "size": [1, 4, 1], "pivot": [-5.5, 2, -11.5], "rotation": [-30, 0, 0], "uv": [0, 0]},
						{"origin": [-6, 0, -12], "size": [1, 4, 1], "pivot": [-5.5, 2, -11.5], "rotation": [-60, 0, 0], "uv": [0, 0]},
						{"origin": [-6, 0, -12], "size": [1, 4, 1], "pivot": [-5.5, 2, -11.5], "rotation": [-90, 0, 0], "uv": [0, 0]},
						{"origin": [-6, 0, -12], "size": [1, 4, 1], "pivot": [-5.5, 2, -11.5], "rotation": [-120, 0, 0], "uv": [0, 0]},
						{"origin": [-6, 0, -12], "size": [1, 4, 1], "pivot": [-5.5, 2, -11.5], "rotation": [-150, 0, 0], "uv": [0, 0]}
					]
				},
				{
					"name": "wheel_left",
					"pivot": [5.5, 0, -11.5],
					"cubes": [
						{"origin": [5, 0, -12], "size": [1, 4, 1], "uv": [0, 0]},
						{"origin": [5, 0, -12], "size": [1, 4, 1], "pivot": [5.5, 2, -11.5], "rotation": [-30, 0, 0], "uv": [0, 0]},
						{"origin": [5, 0, -12], "size": [1, 4, 1], "pivot": [5.5, 2, -11.5], "rotation": [-60, 0, 0], "uv": [0, 0]},
						{"origin": [5, 0, -12], "size": [1, 4, 1], "pivot": [5.5, 2, -11.5], "rotation": [-90, 0, 0], "uv": [0, 0]},
						{"origin": [5, 0, -12], "size": [1, 4, 1], "pivot": [5.5, 2, -11.5], "rotation": [-120, 0, 0], "uv": [0, 0]},
						{"origin": [5, 0, -12], "size": [1, 4, 1], "pivot": [5.5, 2, -11.5], "rotation": [-150, 0, 0], "uv": [0, 0]}
					]
				},
				{
					"name": "wheel3",
					"pivot": [7.5, 0, 12.5],
					"cubes": [
						{"origin": [7, 0, 12], "size": [1, 4, 1], "uv": [0, 0]},
						{"origin": [7, 0, 12], "size": [1, 4, 1], "pivot": [7.5, 2, 12.5], "rotation": [-30, 0, 0], "uv": [0, 0]},
						{"origin": [7, 0, 12], "size": [1, 4, 1], "pivot": [7.5, 2, 12.5], "rotation": [-60, 0, 0], "uv": [0, 0]},
						{"origin": [7, 0, 12], "size": [1, 4, 1], "pivot": [7.5, 2, 12.5], "rotation": [-90, 0, 0], "uv": [0, 0]},
						{"origin": [7, 0, 12], "size": [1, 4, 1], "pivot": [7.5, 2, 12.5], "rotation": [-120, 0, 0], "uv": [0, 0]},
						{"origin": [7, 0, 12], "size": [1, 4, 1], "pivot": [7.5, 2, 12.5], "rotation": [-150, 0, 0], "uv": [0, 0]}
					]
				},
				{
					"name": "wheel4",
					"pivot": [-7.5, 0, 12.5],
					"cubes": [
						{"origin": [-8, 0, 12], "size": [1, 4, 1], "uv": [0, 0]},
						{"origin": [-8, 0, 12], "size": [1, 4, 1], "pivot": [-7.5, 2, 12.5], "rotation": [-30, 0, 0], "uv": [0, 0]},
						{"origin": [-8, 0, 12], "size": [1, 4, 1], "pivot": [-7.5, 2, 12.5], "rotation": [-60, 0, 0], "uv": [0, 0]},
						{"origin": [-8, 0, 12], "size": [1, 4, 1], "pivot": [-7.5, 2, 12.5], "rotation": [-90, 0, 0], "uv": [0, 0]},
						{"origin": [-8, 0, 12], "size": [1, 4, 1], "pivot": [-7.5, 2, 12.5], "rotation": [-120, 0, 0], "uv": [0, 0]},
						{"origin": [-8, 0, 12], "size": [1, 4, 1], "pivot": [-7.5, 2, 12.5], "rotation": [-150, 0, 0], "uv": [0, 0]}
					]
				},
				{
					"name": "frame",
					"pivot": [0, 0, 0],
					"cubes": [
						{"origin": [-7, 5, -16], "size": [1, 1, 29], "pivot": [-6.5, 5.5, -1.5], "rotation": [0, -5, 0], "uv": [0, 0]},
						{"origin": [-6.98194, 10.46788, 2.54354], "size": [1, 1, 9], "pivot": [-6.48194, 5.96788, -1.70646], "rotation": [0, -5, 0], "uv": [3, 2]},
						{"origin": [6, 5, -16], "size": [1, 1, 29], "pivot": [6.5, 5.5, -1.5], "rotation": [0, 5, 0], "uv": [0, 0]},
						{"origin": [5.96015, 10.46788, 2.5445], "size": [1, 1, 9], "pivot": [6.46015, 5.96788, -1.9555], "rotation": [0, 5, 0], "uv": [3, 2]},
						{"origin": [7.26186, 6, 11.90125], "size": [1, 5, 1], "pivot": [8.26186, 6, 12.90125], "rotation": [17.5, 5, 0], "uv": [0, 5]},
						{"origin": [6.56461, 6, 3.93169], "size": [1, 5, 1], "pivot": [7.56461, 6, 4.93169], "rotation": [17.5, 5, 0], "uv": [0, 5]},
						{"origin": [-8.26566, 6, 11.9884], "size": [1, 5, 1], "pivot": [-7.26566, 6, 12.9884], "rotation": [17.5, -5, 0], "uv": [0, 5]},
						{"origin": [-7.56461, 6, 3.93169], "size": [1, 5, 1], "pivot": [-7.56461, 6, 4.93169], "rotation": [17.5, -5, 0], "uv": [0, 5]},
						{"origin": [-8.0515, 10.46788, 10.54051], "size": [1, 14, 1], "pivot": [-7.0515, 10.46788, 10.54051], "rotation": [-5, -5, 0], "uv": [0, 11]},
						{"origin": [-8.15785, 23.41461, 11.75605], "size": [1, 1, 3], "pivot": [-7.15785, 10.41461, 11.75605], "rotation": [0, -5, 0], "uv": [3, 2]},
						{"origin": [7.15404, 23.41461, 11.66889], "size": [1, 1, 3], "pivot": [8.15404, 10.41461, 11.66889], "rotation": [0, 5, 0], "uv": [3, 2]},
						{"origin": [-8.375, 23.41461, 14.15747], "size": [16.75, 1, 1], "uv": [31, 0]},
						{"origin": [-6.375, 23.41461, 14.15747], "size": [12.75, 1, 1], "inflate": 0.1, "uv": [31, 14]},
						{"origin": [-7.375, 4.91461, 10.15747], "size": [14.75, 1, 1], "uv": [31, 16]},
						{"origin": [7.04769, 10.46788, 10.45335], "size": [1, 14, 1], "pivot": [8.04769, 10.46788, 10.45335], "rotation": [-5, 5, 0], "uv": [0, 11]},
						{"origin": [-5.75, 5, -15.9884], "size": [11.5, 1, 1], "uv": [4, 0]}
					]
				},
				{
					"name": "container",
					"pivot": [0, 0, 0],
					"cubes": [
						{"origin": [6, 11.5, -16], "size": [1, 11, 28], "pivot": [6.5, 5.5, -1.5], "rotation": [0, 5, 0], "uv": [0, 30]},
						{"origin": [-7, 11.5, -16], "size": [1, 11, 28], "pivot": [-6.5, 5.5, -1.5], "rotation": [0, -5, 0], "uv": [0, 30]},
						{"origin": [-5.75, 11.5, -15.9884], "size": [11.5, 11, 1], "uv": [4, 12]},
						{"origin": [-7.25, 11.5, 10.2616], "size": [14.5, 11, 1], "pivot": [-8.25, 11.5, 11.2616], "rotation": [-5, 0, 0], "uv": [31, 2]},
						{"origin": [-7, 11, -15], "size": [14, 1, 26], "uv": [39, 0]},
						{"origin": [-7, 4.5, -15], "size": [14, 1, 26], "uv": [39, 0]}
					]
				},
				{
					"name": "bone",
					"pivot": [0, 0, 0],
					"cubes": [
						{"origin": [-8.01186, 2, 10.90125], "size": [1, 3, 2], "inflate": 0.1, "uv": [4, 6]}
					]
				},
				{
					"name": "bone2",
					"pivot": [0, 0, 0],
					"cubes": [
						{"origin": [6.98814, 2, 10.90125], "size": [1, 3, 2], "inflate": 0.1, "uv": [4, 6]}
					]
				},
				{
					"name": "bone3",
					"pivot": [2, 0, -24],
					"cubes": [
						{"origin": [-6.01186, 2, -13.09875], "size": [1, 3, 2], "inflate": 0.1, "uv": [4, 6]}
					]
				},
				{
					"name": "bone4",
					"pivot": [2, 0, -24],
					"cubes": [
						{"origin": [4.98814, 2, -13.09875], "size": [1, 3, 2], "inflate": 0.1, "uv": [4, 6]}
					]
				},
				{
					"name": "cargo",
					"pivot": [0, 0, 0],
					"cubes": [
						{"origin": [2, 5.5, -3], "size": [3, 3, 11], "pivot": [3.5, 7, 2.5], "rotation": [0, -5, 0], "uv": [0, 30]},
						{"origin": [-4.75, 5.5, -8], "size": [3, 3, 11], "pivot": [-3.25, 7, -2.5], "rotation": [0, -12.5, 0], "uv": [0, 30]},
						{"origin": [-5, 12, 5], "size": [3, 1, 4], "pivot": [-3.5, 12.5, 7], "rotation": [0, 5, 0], "uv": [0, 24]},
						{"origin": [-5, 13, 5], "size": [3, 1, 4], "pivot": [-3.5, 13.5, 7], "rotation": [0, 15, 0], "uv": [0, 24]},
						{"origin": [2.75, 12, 7], "size": [4, 6, 2], "pivot": [2.75, 12, 9], "rotation": [-17.5, 15, 0], "uv": [0, 44]},
						{"origin": [0, 12, 7], "size": [2, 2, 2], "pivot": [1, 13, 8], "rotation": [0, -73, 0], "uv": [10, 24]},
						{"origin": [2, 12, 4], "size": [2, 2, 2], "pivot": [3, 13, 5], "rotation": [0, -46, 0], "uv": [10, 24]},
						{"origin": [-1, 12, 4], "size": [2, 2, 2], "pivot": [0, 13, 5], "rotation": [0, 26, 0], "uv": [10, 24]},
						{"origin": [0, 12, -2], "size": [4, 4, 4], "pivot": [2, 14, 0], "rotation": [0, -32.5, 0], "uv": [12, 44]},
						{"origin": [-5, 12, -9], "size": [6, 1, 6], "pivot": [-2, 12.5, -6], "rotation": [0, -12.5, 0], "uv": [31, 18]},
						{"origin": [-5, 13, -9], "size": [6, 1, 6], "pivot": [-2, 13.5, -6], "rotation": [0, 7.5, 0], "uv": [31, 18]},
						{"origin": [-5, 14, -9], "size": [6, 3, 6], "pivot": [-2, 14.5, -6], "rotation": [0, -2.5, 0], "uv": [30, 39]},
						{"origin": [-5, 12, 0], "size": [3, 5, 4], "pivot": [-2, 12.5, 1], "rotation": [0, -7.5, 0], "uv": [14, 2]}
					]
				},
				{
					"name": "pickle",
					"parent": "cargo",
					"pivot": [2, 14, -13.75],
					"rotation": [0, -7.5, 0],
					"cubes": [
						{"origin": [1, 14.75, -14.75], "size": [3, 1, 3], "inflate": -0.25, "uv": [12, 52]},
						{"origin": [1, 12, -14.75], "size": [3, 3, 3], "uv": [0, 52]}
					]
				},
				{
					"name": "ketchup",
					"parent": "cargo",
					"pivot": [-2, 13.75, -12.75],
					"rotation": [0, 17.5, 0],
					"cubes": [
						{"origin": [-1.5, 15.5, -13.25], "size": [1, 1, 1], "uv": [4, 30]},
						{"origin": [-1.5, 13.5, -13.25], "size": [1, 3, 1], "inflate": -0.1, "uv": [0, 30]},
						{"origin": [-2, 11.75, -13.75], "size": [2, 3, 2], "inflate": -0.25, "uv": [3, 32]}
					]
				},
				{
					"name": "bread",
					"parent": "cargo",
					"pivot": [4.98962, 13.5, -10.20859],
					"rotation": [23.5, 19, 0],
					"cubes": [
						{"origin": [3.98962, 12.5, -10.20859], "size": [2, 2, 7], "inflate": 0.25, "pivot": [7, 24.75, -24], "rotation": [0, -7.5, 0], "uv": [30, 30]},
						{"origin": [3.98962, 12.5, -3.20859], "size": [2, 2, 3], "pivot": [7, 24.75, -24], "rotation": [0, -7.5, 0], "uv": [41, 30]}
					]
				}
			]
		}
	]
}