{
	"format_version": "1.12.0",
	"minecraft:geometry": [
		{
			"description": {
				"identifier": "geometry.custom.model_3_blue",
				"texture_width": 256,
				"texture_height": 256,
				"visible_bounds_width": 10,
				"visible_bounds_height": 3,
				"visible_bounds_offset": [0, 0, 0]
			},
			"bones": [
				{
					"name": "body_main",
					"pivot": [0, 1, 0],
					"rotation": [1, 0, 0]
				},
				{
					"name": "bottom",
					"parent": "body_main",
					"pivot": [0, 1.0349, -1.9997],
					"cubes": [
						{"origin": [-18, 4.0349, -18.9997], "size": [36, 1, 38], "uv": [0, 6]},
						{"origin": [-10, 4.13957, -35.00244], "size": [20, 1, 16], "pivot": [0, 4.0349, -20.9997], "rotation": [-4, 0, 0], "uv": [112, 0]},
						{"origin": [-12, 4.0349, 19.0003], "size": [24, 1, 16], "uv": [0, 47]},
						{"origin": [-12, 4.0349, 35.0003], "size": [24, 1, 5], "pivot": [0, 4.0349, 35.0003], "rotation": [5, 0, 0], "uv": [61, 0]},
						{"origin": [12.12498, 4.53926, 36.78383], "size": [6, 1, 3], "pivot": [12, 4.5349, 40.0003], "rotation": [0, 30, 0], "uv": [0, 17]},
						{"origin": [-18.12498, 4.53926, 36.78383], "size": [6, 1, 3], "pivot": [-12, 4.5349, 40.0003], "rotation": [0, -30, 0], "uv": [0, 17]},
						{"origin": [17.25, 4.5349, 31.0003], "size": [3, 1, 6], "pivot": [17.25, 4.5349, 37.0003], "rotation": [0, 80, 0], "uv": [17, 6]},
						{"origin": [-20.25, 4.5349, 31.0003], "size": [3, 1, 6], "pivot": [-17.25, 4.5349, 37.0003], "rotation": [0, -80, 0], "uv": [17, 6]},
						{"origin": [-8, 5, -41], "size": [16, 1, 7], "uv": [112, 17]},
						{"origin": [-7.125, 5, -41.42262], "size": [14.25, 1, 1], "uv": [110, 42]},
						{"origin": [7.84511, 5, -41.18736], "size": [11, 1, 2], "pivot": [8, 6.0349, -42.9997], "rotation": [0, -25, 0], "uv": [16, 0]},
						{"origin": [8, 5, -36.75], "size": [9, 1, 2], "uv": [16, 3]},
						{"origin": [-17, 5, -36.75], "size": [9, 1, 2], "uv": [16, 3]},
						{"origin": [-12.5, 5, -38.75], "size": [4.5, 1, 2], "uv": [0, 14]},
						{"origin": [8, 5, -38.75], "size": [4.5, 1, 2], "uv": [0, 14]},
						{"origin": [-18.84511, 5, -41.18736], "size": [11, 1, 2], "pivot": [-8, 6.0349, -42.9997], "rotation": [0, 25, 0], "uv": [16, 0]}
					]
				},
				{
					"name": "left_side",
					"parent": "body_main",
					"pivot": [0, 1.0349, -1.9997],
					"cubes": [
						{"origin": [17, 4.2849, -18.9997], "size": [1, 3, 38], "pivot": [18, 4.2849, -18.9997], "rotation": [1, 0, 0], "uv": [152, 0]},
						{"origin": [16, 6.2849, -18.9997], "size": [2, 1, 38], "pivot": [18, 7.2849, -18.9997], "rotation": [1, -0.4, 20], "uv": [152, 0]},
						{"origin": [16.5, 7.2849, -18.9997], "size": [1, 8, 37], "pivot": [17.5, 7.2849, -18.9997], "rotation": [1, 0, 2], "uv": [0, 170]},
						{"origin": [17.50308, 14.79948, -21.18504], "size": [1, 1, 2], "inflate": 0.1, "pivot": [17.39029, 15.32593, -21.82402], "rotation": [0, -20, 30], "uv": [6, 148]},
						{"origin": [16.75, 15.2849, -19.4997], "size": [1, 2, 38], "pivot": [17.75, 15.2849, -19.4997], "rotation": [1, 0, -10], "uv": [43, 47]},
						{"origin": [16.7, 12.2849, -21.2497], "size": [1, 4.25, 2.25], "pivot": [17.75, 13.5349, -23.2497], "rotation": [0, 3, 0], "uv": [38, 64]}
					]
				},
				{
					"name": "mirror_left",
					"parent": "left_side",
					"pivot": [18.2, 17.54288, -15.73944],
					"cubes": [
						{"origin": [16.88295, 17.5516, -14.92241], "size": [2, 2, 3], "inflate": -0.2, "pivot": [18.2, 17.54288, -15.73944], "rotation": [0, 60, 0], "uv": [14, 149]},
						{"origin": [17.88295, 17.0516, -17.42241], "size": [1, 1, 3], "inflate": -0.2, "pivot": [18.2, 17.54288, -15.73944], "rotation": [0, 60, 0], "uv": [9, 148]},
						{"origin": [16.88295, 17.0516, -14.92241], "size": [2, 1, 3], "inflate": -0.2, "pivot": [18.2, 17.54288, -15.73944], "rotation": [0, 60, 0], "uv": [0, 151]}
					]
				},
				{
					"name": "bone",
					"parent": "left_side",
					"pivot": [0, -0.9648, -2.0346],
					"cubes": [
						{"origin": [16.75, 8.5352, 34.9654], "size": [1, 7, 1], "pivot": [17.75, 3.5352, 33.9654], "rotation": [0, -10, 0], "uv": [0, 83]},
						{"origin": [16.92362, 5.51775, 34.95006], "size": [1, 3, 2], "pivot": [17.75, 3.5352, 33.9654], "rotation": [0, -10, 0], "uv": [0, 83]},
						{"origin": [16.75, 6.5352, 17.9654], "size": [1, 9, 1], "uv": [28, 64]},
						{"origin": [16.75, 5.5352, 33.9654], "size": [1, 10, 1], "uv": [8, 83]}
					]
				},
				{
					"name": "bone5",
					"parent": "bone",
					"pivot": [17.75, 10.5352, 18.9654],
					"cubes": [
						{"origin": [16.75, 13.2852, 17.9654], "size": [1, 8, 1], "pivot": [17.75, 13.2852, 18.9654], "rotation": [-85, 0, 0], "uv": [12, 83]},
						{"origin": [16.75, 14.5352, 17.9654], "size": [1, 15, 1.25], "pivot": [17.75, 14.5352, 18.9654], "rotation": [-90, 0, 0], "uv": [38, 72]},
						{"origin": [16.75, 15.5176, 17.9827], "size": [1, 3, 18], "pivot": [17.75, 15.5349, 18.0003], "rotation": [0, -2, -15], "uv": [67, 89]},
						{"origin": [16.75, 12.0352, 17.9654], "size": [1, 2, 1], "pivot": [17.75, 12.0352, 18.9654], "rotation": [-40, 0, 0], "uv": [24, 64]},
						{"origin": [16.75, 10.5352, 17.9654], "size": [1, 4, 1], "pivot": [17.75, 10.5352, 18.9654], "rotation": [-40, 0, 0], "uv": [32, 70]}
					]
				},
				{
					"name": "bone6",
					"parent": "bone",
					"pivot": [17.25, 10.5352, 33.9654],
					"rotation": [0, 180, 0],
					"cubes": [
						{"origin": [16.75, 13.2852, 32.9654], "size": [1, 8, 1], "pivot": [17.75, 13.2852, 33.9654], "rotation": [-85, 0, 0], "uv": [16, 71]},
						{"origin": [16.75, 12.0352, 32.9654], "size": [1, 2, 1], "pivot": [17.75, 12.0352, 33.9654], "rotation": [-40, 0, 0], "uv": [24, 64]},
						{"origin": [16.75, 10.5352, 32.9654], "size": [1, 4, 1], "pivot": [17.75, 10.5352, 33.9654], "rotation": [-40, 0, 0], "uv": [32, 70]}
					]
				},
				{
					"name": "bone3",
					"parent": "bone",
					"pivot": [17.75, 13.5352, 31.4154],
					"cubes": [
						{"origin": [16.75, 9.5352, 32.9654], "size": [1, 5, 1], "pivot": [17.75, 10.5352, 33.9654], "rotation": [40, 0, 0], "uv": [0, 57]},
						{"origin": [16.75, 13.5352, 30.4154], "size": [1, 5, 1], "pivot": [17.75, 13.5352, 31.4154], "rotation": [75, 0, 0], "uv": [32, 64]}
					]
				},
				{
					"name": "bone4",
					"parent": "bone",
					"pivot": [16.75, 13.5352, 21.4154],
					"rotation": [0, 180, 0],
					"cubes": [
						{"origin": [15.75, 9.5352, 22.9654], "size": [1, 5, 1], "pivot": [16.75, 10.5352, 23.9654], "rotation": [40, 0, 0], "uv": [8, 57]},
						{"origin": [15.75, 13.5352, 20.4154], "size": [1, 5, 1], "pivot": [16.75, 13.5352, 21.4154], "rotation": [75, 0, 0], "uv": [32, 64]}
					]
				},
				{
					"name": "bone19",
					"parent": "left_side",
					"pivot": [7.91766, 4.62267, -7.54928],
					"rotation": [0, 3, 0],
					"cubes": [
						{"origin": [17.25, 9.46454, -18.27649], "size": [1, 7, 1], "pivot": [18.25, 4.46454, -19.27649], "rotation": [0, -10, 0], "uv": [0, 83]},
						{"origin": [17.39316, 6.45145, -18.53993], "size": [1, 6, 7], "pivot": [18.25, 4.46454, -19.27649], "rotation": [0, -5, 0], "uv": [0, 94]}
					]
				},
				{
					"name": "bone20",
					"parent": "bone19",
					"pivot": [18.25, 11.46454, -34.27649],
					"cubes": [
						{"origin": [17.25, 17.21454, -35.27649], "size": [1, 5, 1], "pivot": [18.25, 14.21454, -34.27649], "rotation": [-85, 0, 0], "uv": [22, 90]},
						{"origin": [17.25, 22.46454, -35.27649], "size": [1, 8, 1.25], "pivot": [18.25, 15.46454, -34.27649], "rotation": [-90, 0, 0], "uv": [38, 72]},
						{"origin": [17.25, 12.96454, -35.27649], "size": [1, 2, 1], "pivot": [18.25, 12.96454, -34.27649], "rotation": [-40, 0, 0], "uv": [24, 67]},
						{"origin": [17.25, 11.46454, -35.27649], "size": [1, 4, 1], "pivot": [18.25, 11.46454, -34.27649], "rotation": [-40, 0, 0], "uv": [24, 70]}
					]
				},
				{
					"name": "bone21",
					"parent": "bone19",
					"pivot": [17.75, 11.46454, -19.27649],
					"rotation": [0, 180, 0],
					"cubes": [
						{"origin": [17.25, 14.21454, -20.27649], "size": [1, 8, 1], "pivot": [18.25, 14.21454, -19.27649], "rotation": [-85, 0, 0], "uv": [16, 71]},
						{"origin": [17.25, 12.96454, -20.27649], "size": [1, 2, 1], "pivot": [18.25, 12.96454, -19.27649], "rotation": [-40, 0, 0], "uv": [24, 64]},
						{"origin": [17.25, 10.46454, -20.27649], "size": [1, 5, 1], "pivot": [18.25, 11.46454, -19.27649], "rotation": [-40, 0, 0], "uv": [32, 70]}
					]
				},
				{
					"name": "bone22",
					"parent": "bone19",
					"pivot": [18.25, 14.46454, -21.82649],
					"cubes": [
						{"origin": [17.25, 9.46454, -20.27649], "size": [1, 6, 1], "pivot": [18.25, 11.46454, -19.27649], "rotation": [40, 0, 0], "uv": [0, 56]},
						{"origin": [17.25, 14.46454, -22.82649], "size": [1, 5, 1], "pivot": [18.25, 14.46454, -21.82649], "rotation": [75, 0, 0], "uv": [32, 64]}
					]
				},
				{
					"name": "bone23",
					"parent": "bone19",
					"pivot": [17.25, 14.46454, -31.82649],
					"rotation": [0, 180, 0],
					"cubes": [
						{"origin": [16.25, 10.46454, -30.27649], "size": [1, 5, 1], "pivot": [17.25, 11.46454, -29.27649], "rotation": [40, 0, 0], "uv": [4, 57]},
						{"origin": [16.25, 14.46454, -32.82649], "size": [1, 5, 1], "pivot": [17.25, 14.46454, -31.82649], "rotation": [75, 0, 0], "uv": [32, 64]}
					]
				},
				{
					"name": "right_side",
					"parent": "body_main",
					"pivot": [-34, 1.0349, -1.9997],
					"cubes": [
						{"origin": [-18, 4.2849, -18.9997], "size": [1, 3, 38], "pivot": [-18, 4.2849, -18.9997], "rotation": [1, 0, 0], "uv": [152, 0]},
						{"origin": [-18, 6.2849, -18.9997], "size": [2, 1, 38], "pivot": [-18, 7.2849, -18.9997], "rotation": [1, 0.4, -20], "uv": [152, 0]},
						{"origin": [-17.5, 7.2849, -18.9997], "size": [1, 8, 37], "pivot": [-17.5, 7.2849, -18.9997], "rotation": [1, 0, -2], "uv": [0, 170]},
						{"origin": [-17.75, 15.2849, -19.4997], "size": [1, 2, 38], "pivot": [-17.75, 15.2849, -19.4997], "rotation": [1, 0, 10], "uv": [43, 47]},
						{"origin": [-17.65, 12.2849, -21.2497], "size": [1, 4.25, 2.25], "pivot": [-16.5, 13.5349, -23.2497], "rotation": [0, -3, 0], "uv": [38, 64]},
						{"origin": [-18.46268, 14.82368, -21.16741], "size": [1, 1, 2], "inflate": 0.1, "pivot": [-17.34988, 15.35013, -21.8064], "rotation": [0, 20, -30], "uv": [0, 148]}
					]
				},
				{
					"name": "mirror_right",
					"parent": "right_side",
					"pivot": [-18.45039, 17.8893, -14.50571],
					"cubes": [
						{"origin": [-18.61705, 17.55596, -15.17237], "size": [2, 2, 3], "inflate": -0.2, "pivot": [-18.3, 17.54724, -15.9894], "rotation": [0, -60, 0], "uv": [7, 152]},
						{"origin": [-18.61705, 17.05596, -17.67237], "size": [1, 1, 3], "inflate": -0.2, "pivot": [-18.3, 17.54724, -15.9894], "rotation": [0, -60, 0], "uv": [9, 148]},
						{"origin": [-18.61705, 17.05596, -15.17237], "size": [2, 1, 3], "inflate": -0.2, "pivot": [-18.3, 17.54724, -15.9894], "rotation": [0, -60, 0], "uv": [0, 151]}
					]
				},
				{
					"name": "bone7",
					"parent": "right_side",
					"pivot": [-34.5, -0.9648, -2.0346],
					"cubes": [
						{"origin": [-17.75, 8.5352, 34.9654], "size": [1, 7, 1], "pivot": [-17.75, 3.5352, 33.9654], "rotation": [0, 10, 0], "uv": [0, 83]},
						{"origin": [-17.75, 5.5352, 34.9654], "size": [1, 3, 2], "pivot": [-17.75, 3.5352, 33.9654], "rotation": [0, 10, 0], "uv": [0, 83]},
						{"origin": [-17.75, 6.5352, 17.9654], "size": [1, 9, 1], "uv": [28, 64]},
						{"origin": [-17.75, 5.5352, 33.9654], "size": [1, 10, 1], "uv": [8, 83]}
					]
				},
				{
					"name": "bone8",
					"parent": "bone7",
					"pivot": [-16.75, 10.5352, 18.9654],
					"cubes": [
						{"origin": [-17.75, 13.2852, 17.9654], "size": [1, 8, 1], "pivot": [-16.75, 13.2852, 18.9654], "rotation": [-85, 0, 0], "uv": [12, 83]},
						{"origin": [-17.75, 14.5352, 17.9654], "size": [1, 15, 1.25], "pivot": [-16.75, 14.5352, 18.9654], "rotation": [-90, 0, 0], "uv": [38, 72]},
						{"origin": [-17.75, 12.0352, 17.9654], "size": [1, 2, 1], "pivot": [-16.75, 12.0352, 18.9654], "rotation": [-40, 0, 0], "uv": [24, 64]},
						{"origin": [-17.75, 10.5352, 17.9654], "size": [1, 4, 1], "pivot": [-16.75, 10.5352, 18.9654], "rotation": [-40, 0, 0], "uv": [32, 70]},
						{"origin": [-17.75, 15.5176, 17.9827], "size": [1, 3, 18], "pivot": [-17.75, 15.5176, 17.9827], "rotation": [0, 2, 15], "uv": [67, 89]}
					]
				},
				{
					"name": "bone9",
					"parent": "bone7",
					"pivot": [-17.25, 10.5352, 33.9654],
					"rotation": [0, 180, 0],
					"cubes": [
						{"origin": [-17.75, 13.2852, 32.9654], "size": [1, 8, 1], "pivot": [-16.75, 13.2852, 33.9654], "rotation": [-85, 0, 0], "uv": [16, 71]},
						{"origin": [-17.75, 12.0352, 32.9654], "size": [1, 2, 1], "pivot": [-16.75, 12.0352, 33.9654], "rotation": [-40, 0, 0], "uv": [24, 64]},
						{"origin": [-17.75, 10.5352, 32.9654], "size": [1, 4, 1], "pivot": [-16.75, 10.5352, 33.9654], "rotation": [-40, 0, 0], "uv": [32, 70]}
					]
				},
				{
					"name": "bone10",
					"parent": "bone7",
					"pivot": [-16.75, 13.5352, 31.4154],
					"cubes": [
						{"origin": [-17.75, 9.5352, 32.9654], "size": [1, 5, 1], "pivot": [-16.75, 10.5352, 33.9654], "rotation": [40, 0, 0], "uv": [0, 57]},
						{"origin": [-17.75, 13.5352, 30.4154], "size": [1, 5, 1], "pivot": [-16.75, 13.5352, 31.4154], "rotation": [75, 0, 0], "uv": [32, 64]}
					]
				},
				{
					"name": "bone12",
					"parent": "bone7",
					"pivot": [-17.75, 13.5352, 21.4154],
					"rotation": [0, 180, 0],
					"cubes": [
						{"origin": [-18.75, 9.5352, 22.9654], "size": [1, 5, 1], "pivot": [-17.75, 10.5352, 23.9654], "rotation": [40, 0, 0], "uv": [0, 57]},
						{"origin": [-18.75, 13.5352, 20.4154], "size": [1, 5, 1], "pivot": [-17.75, 13.5352, 21.4154], "rotation": [75, 0, 0], "uv": [32, 64]}
					]
				},
				{
					"name": "bone24",
					"parent": "right_side",
					"pivot": [-29.55947, 3.75345, -6.46925],
					"rotation": [0, -3, 0],
					"cubes": [
						{"origin": [-18.45, 6.47327, -19.80704], "size": [1, 6, 7], "pivot": [-17.25, 4.48199, -20.27634], "rotation": [0, 5, 0], "uv": [0, 94]}
					]
				},
				{
					"name": "bone25",
					"parent": "bone24",
					"pivot": [-17.25, 11.48199, -35.27634],
					"cubes": [
						{"origin": [-18.25, 17.23199, -36.27634], "size": [1, 5, 1], "pivot": [-17.25, 14.23199, -35.27634], "rotation": [-85, 0, 0], "uv": [22, 90]},
						{"origin": [-18.25, 22.48199, -36.27634], "size": [1, 8, 1.25], "pivot": [-17.25, 15.48199, -35.27634], "rotation": [-90, 0, 0], "uv": [38, 72]},
						{"origin": [-18.25, 12.98199, -36.27634], "size": [1, 2, 1], "pivot": [-17.25, 12.98199, -35.27634], "rotation": [-40, 0, 0], "uv": [24, 67]},
						{"origin": [-18.25, 11.48199, -36.27634], "size": [1, 4, 1], "pivot": [-17.25, 11.48199, -35.27634], "rotation": [-40, 0, 0], "uv": [24, 70]}
					]
				},
				{
					"name": "bone26",
					"parent": "bone24",
					"pivot": [-17.75, 11.48199, -20.27634],
					"rotation": [0, 180, 0],
					"cubes": [
						{"origin": [-18.25, 14.23199, -21.27634], "size": [1, 8, 1], "pivot": [-17.25, 14.23199, -20.27634], "rotation": [-85, 0, 0], "uv": [16, 71]},
						{"origin": [-18.25, 12.98199, -21.27634], "size": [1, 2, 1], "pivot": [-17.25, 12.98199, -20.27634], "rotation": [-40, 0, 0], "uv": [24, 64]},
						{"origin": [-18.25, 10.48199, -21.27634], "size": [1, 5, 1], "pivot": [-17.25, 11.48199, -20.27634], "rotation": [-40, 0, 0], "uv": [32, 70]}
					]
				},
				{
					"name": "bone27",
					"parent": "bone24",
					"pivot": [-17.25, 14.48199, -22.82634],
					"cubes": [
						{"origin": [-18.25, 9.48199, -21.27634], "size": [1, 6, 1], "pivot": [-17.25, 11.48199, -20.27634], "rotation": [40, 0, 0], "uv": [0, 56]},
						{"origin": [-18.25, 14.48199, -23.82634], "size": [1, 5, 1], "pivot": [-17.25, 14.48199, -22.82634], "rotation": [75, 0, 0], "uv": [32, 64]}
					]
				},
				{
					"name": "bone28",
					"parent": "bone24",
					"pivot": [-18.25, 14.48199, -32.82634],
					"rotation": [0, 180, 0],
					"cubes": [
						{"origin": [-19.25, 10.48199, -31.27634], "size": [1, 5, 1], "pivot": [-18.25, 11.48199, -30.27634], "rotation": [40, 0, 0], "uv": [4, 57]},
						{"origin": [-19.25, 14.48199, -33.82634], "size": [1, 5, 1], "pivot": [-18.25, 14.48199, -32.82634], "rotation": [75, 0, 0], "uv": [32, 64]}
					]
				},
				{
					"name": "interior",
					"parent": "body_main",
					"pivot": [0, 0.98254, 0.99984],
					"cubes": [
						{"origin": [9, 6, -36], "size": [7, 7, 1], "uv": [0, 71]},
						{"origin": [10, 5, -19], "size": [7, 11, 1], "uv": [12, 32]},
						{"origin": [-17, 15.98254, -16.50016], "size": [34, 2, 5], "pivot": [13.5, 17.98254, -15.50016], "rotation": [-7, 0, 0], "uv": [103, 47]},
						{"origin": [-16.5, 16.48254, -11.50016], "size": [33, 1, 3], "pivot": [13, 17.48254, -11.50016], "rotation": [-65, 0, 0], "uv": [0, 159]},
						{"origin": [8.5, 17.48254, -10.50016], "size": [2, 2, 1], "pivot": [13, 17.48254, -11.50016], "rotation": [-65, 0, 0], "uv": [0, 116]},
						{"origin": [-16.5, 13.73254, -10.25016], "size": [33, 1, 6], "pivot": [13, 14.73254, -10.25016], "rotation": [-145, 0, 0], "uv": [0, 163]},
						{"origin": [-16.5, 4.71945, -15.50027], "size": [33, 11, 1], "uv": [188, 41]},
						{"origin": [-4, 18.47175, -14.11776], "size": [8, 1, 5.5], "inflate": -0.3, "pivot": [-1, 17.48254, -11.75016], "rotation": [-65, 0, 0], "uv": [0, 21]},
						{"origin": [-0.5, 17.15663, -11.42138], "size": [1, 2, 1], "pivot": [-1, 17.48254, -11.75016], "rotation": [-65, 0, 0], "uv": [0, 21]},
						{"origin": [-2.5, 14.48254, -11.75016], "size": [5, 1, 9], "inflate": -0.1, "pivot": [-1, 15.48254, -11.75016], "rotation": [-65, 0, 0], "uv": [213, 9]},
						{"origin": [-2.5, 4.98254, -15.25016], "size": [5, 3, 18], "uv": [204, 0]},
						{"origin": [-2.5, 7.73254, -6.25016], "size": [5, 1, 9], "inflate": -0.25, "uv": [41, 108]},
						{"origin": [-17, 5.03054, 18.25026], "size": [34, 13, 1], "uv": [138, 65]},
						{"origin": [-12, 5.01745, 19.00015], "size": [1, 11, 15], "uv": [106, 58]},
						{"origin": [11, 5.01745, 19.00015], "size": [1, 11, 15], "uv": [106, 58]},
						{"origin": [-17.23065, 5.53482, 34.05446], "size": [6, 10, 1], "pivot": [-17.75, 10.48254, 36.99984], "rotation": [0, 10, 0], "uv": [0, 45]},
						{"origin": [11.23065, 5.53482, 34.05446], "size": [6, 10, 1], "pivot": [17.75, 10.48254, 36.99984], "rotation": [0, -10, 0], "uv": [0, 45]},
						{"origin": [-17, 5, -19], "size": [7, 11, 1], "uv": [0, 71]},
						{"origin": [-16, 6, -36], "size": [7, 7, 1], "uv": [0, 71]},
						{"origin": [-10, 5.9302, -35.99879], "size": [1, 8, 18], "pivot": [-10, 5.98254, -35.00016], "rotation": [-4, 0, 0], "uv": [83, 47]},
						{"origin": [9, 5.9302, -35.99879], "size": [1, 8, 18], "pivot": [9, 5.98254, -35.00016], "rotation": [-4, 0, 0], "uv": [83, 47]},
						{"origin": [-10, 10.15619, -34.98496], "size": [1, 4, 17], "pivot": [-10, 5.98254, -35.00016], "rotation": [9, 0, 0], "uv": [84, 52]},
						{"origin": [9, 10.15619, -34.98496], "size": [1, 4, 17], "pivot": [9, 5.98254, -35.00016], "rotation": [9, 0, 0], "uv": [84, 52]}
					]
				},
				{
					"name": "steer_wheel",
					"parent": "interior",
					"pivot": [9.5, 16.7286, -9.29819],
					"rotation": [-65, 0, 0],
					"cubes": [
						{"origin": [7, 16.7286, -10.29819], "size": [5, 1, 1], "inflate": -0.1, "uv": [0, 119]},
						{"origin": [8, 16.7286, -12.29819], "size": [3, 1, 1], "uv": [11, 118]},
						{"origin": [8.5, 16.7286, -12.54819], "size": [2, 1, 1], "pivot": [9.5, 17.2286, -9.29819], "rotation": [0, -45, 0], "uv": [22, 116]},
						{"origin": [8.5, 16.7286, -12.54819], "size": [2, 1, 1], "pivot": [9.5, 17.2286, -9.29819], "rotation": [0, -135, 0], "uv": [22, 116]},
						{"origin": [8.5, 16.7286, -12.54819], "size": [2, 1, 1], "pivot": [9.5, 17.2286, -9.29819], "rotation": [0, 135, 0], "uv": [22, 116]},
						{"origin": [8.5, 16.7286, -12.54819], "size": [2, 1, 1], "pivot": [9.5, 17.2286, -9.29819], "rotation": [0, 45, 0], "uv": [22, 116]},
						{"origin": [8, 16.7286, -7.29819], "size": [3, 1, 1], "uv": [12, 116]},
						{"origin": [11.5, 16.7286, -10.79819], "size": [1, 1, 3], "uv": [17, 117]},
						{"origin": [6.5, 16.7286, -10.79819], "size": [1, 1, 3], "uv": [17, 117]},
						{"origin": [8.5, 16.7286, -9.54819], "size": [2, 1, 1], "inflate": -0.1, "uv": [6, 116]}
					]
				},
				{
					"name": "seat1",
					"parent": "interior",
					"pivot": [5, 10.20294, 0.05323],
					"cubes": [
						{"origin": [14, 7.20294, 0.05323], "size": [1, 9, 2], "pivot": [15, 10.20294, 0.05323], "rotation": [-10, 0, 0], "uv": [181, 23]},
						{"origin": [4, 5.98254, -8.75016], "size": [10, 2, 9], "uv": [42, 74]},
						{"origin": [6, 4.98254, -6.75016], "size": [6, 1, 8], "uv": [194, 0]},
						{"origin": [4, 5.98254, 0.24984], "size": [10, 14, 2], "pivot": [9, 7.98254, 0.24984], "rotation": [-10, 0, 0], "uv": [0, 132]},
						{"origin": [12, 19.45294, 2.30323], "size": [2, 3, 2], "pivot": [14, 19.45294, 2.30323], "rotation": [0, 0, -30], "uv": [155, 19]},
						{"origin": [4, 19.45294, 2.30323], "size": [2, 3, 2], "pivot": [4, 19.45294, 2.30323], "rotation": [0, 0, 30], "uv": [155, 19]},
						{"origin": [5.5, 19.45294, 2.30323], "size": [7, 2.75, 2], "uv": [152, 34]},
						{"origin": [6.5, 20.20294, 2.05323], "size": [5, 4, 2], "uv": [163, 18]},
						{"origin": [3, 7.20294, 0.05323], "size": [1, 9, 2], "pivot": [4, 10.20294, 0.05323], "rotation": [-10, 0, 0], "uv": [175, 23]}
					]
				},
				{
					"name": "seat2",
					"parent": "interior",
					"pivot": [-13, 10.20294, 0.05323],
					"cubes": [
						{"origin": [-4, 7.20294, 0.05323], "size": [1, 9, 2], "pivot": [-3, 10.20294, 0.05323], "rotation": [-10, 0, 0], "uv": [181, 23]},
						{"origin": [-14, 5.98254, -8.75016], "size": [10, 2, 9], "uv": [42, 74]},
						{"origin": [-12, 4.98254, -6.75016], "size": [6, 1, 8], "uv": [194, 0]},
						{"origin": [-14, 5.98254, 0.24984], "size": [10, 14, 2], "pivot": [-9, 7.98254, 0.24984], "rotation": [-10, 0, 0], "uv": [0, 132]},
						{"origin": [-6, 19.45294, 2.30323], "size": [2, 3, 2], "pivot": [-4, 19.45294, 2.30323], "rotation": [0, 0, -30], "uv": [155, 19]},
						{"origin": [-14, 19.45294, 2.30323], "size": [2, 3, 2], "pivot": [-14, 19.45294, 2.30323], "rotation": [0, 0, 30], "uv": [155, 19]},
						{"origin": [-12.5, 19.45294, 2.30323], "size": [7, 2.75, 2], "uv": [152, 34]},
						{"origin": [-11.5, 20.20294, 2.05323], "size": [5, 4, 2], "uv": [163, 18]},
						{"origin": [-15, 7.20294, 0.05323], "size": [1, 9, 2], "pivot": [-14, 10.20294, 0.05323], "rotation": [-10, 0, 0], "uv": [175, 23]}
					]
				},
				{
					"name": "backseat",
					"parent": "interior",
					"pivot": [-12, 9.9237, 16.05079],
					"cubes": [
						{"origin": [13, 6.9237, 16.05079], "size": [1, 9, 2], "pivot": [-2, 9.9237, 16.05079], "rotation": [-10, 0, 0], "uv": [181, 23]},
						{"origin": [-13, 5.7033, 7.2474], "size": [26, 2, 9], "uv": [123, 54]},
						{"origin": [-11, 4.7033, 9.2474], "size": [22, 1, 8], "uv": [184, 53]},
						{"origin": [-13, 5.7033, 16.2474], "size": [26, 14, 2], "pivot": [-8, 7.7033, 16.2474], "rotation": [-10, 0, 0], "uv": [194, 21]},
						{"origin": [-14, 6.9237, 16.05079], "size": [1, 9, 2], "pivot": [-13, 9.9237, 16.05079], "rotation": [-10, 0, 0], "uv": [175, 23]}
					]
				},
				{
					"name": "bone13",
					"parent": "backseat",
					"pivot": [-3, 19.1737, 18.30079],
					"cubes": [
						{"origin": [-10.5, 18.92385, 18.03334], "size": [5, 4, 2], "uv": [163, 18]},
						{"origin": [-2, 18.92385, 18.03334], "size": [4, 2, 2], "uv": [177, 17]},
						{"origin": [-11.5, 19.1737, 18.30079], "size": [7, 2.75, 2], "uv": [152, 34]},
						{"origin": [-13, 19.1737, 18.30079], "size": [2, 3, 2], "pivot": [-13, 19.1737, 18.30079], "rotation": [0, 0, 30], "uv": [155, 19]},
						{"origin": [-5, 19.1737, 18.30079], "size": [2, 3, 2], "pivot": [-3, 19.1737, 18.30079], "rotation": [0, 0, -30], "uv": [155, 19]}
					]
				},
				{
					"name": "bone14",
					"parent": "backseat",
					"pivot": [13, 19.1737, 18.30079],
					"cubes": [
						{"origin": [5.5, 18.92385, 18.03334], "size": [5, 4, 2], "uv": [163, 18]},
						{"origin": [4.5, 19.1737, 18.30079], "size": [7, 2.75, 2], "uv": [152, 34]},
						{"origin": [3, 19.1737, 18.30079], "size": [2, 3, 2], "pivot": [3, 19.1737, 18.30079], "rotation": [0, 0, 30], "uv": [155, 19]},
						{"origin": [11, 19.1737, 18.30079], "size": [2, 3, 2], "pivot": [13, 19.1737, 18.30079], "rotation": [0, 0, -30], "uv": [155, 19]}
					]
				},
				{
					"name": "tail",
					"parent": "body_main",
					"pivot": [0, 1.0349, -1.9997],
					"cubes": [
						{"origin": [-13.5, 4.47442, 38.72947], "size": [27, 4, 1], "pivot": [0.17048, 4.53493, 39.97204], "rotation": [-15, 0, 0], "uv": [98, 102]},
						{"origin": [12.28848, 4.77296, 39.00495], "size": [5, 4, 1], "pivot": [12.51073, 4.55235, 39.13104], "rotation": [-15, 40, 0], "uv": [15, 14]},
						{"origin": [14.57887, 8.58593, 39.57889], "size": [5, 10, 1], "pivot": [13.3192, 8.3986, 41.65009], "rotation": [7, 40, 0], "uv": [83, 47]},
						{"origin": [-19.57887, 8.58593, 39.57889], "size": [5, 10, 1], "pivot": [-13.3192, 8.3986, 41.65009], "rotation": [7, -40, 0], "uv": [64, 47]},
						{"origin": [-13.5, 8.42407, 38.76003], "size": [27, 10, 1], "pivot": [0, 10.2849, 40.7503], "rotation": [7, 0, 0], "uv": [180, 80]},
						{"origin": [-9.75, 14.29246, 38.84515], "size": [19.5, 1, 1], "uv": [38, 97]},
						{"origin": [-13.58403, 14.29938, 38.84961], "size": [4, 3, 1], "pivot": [-12.08403, 14.24712, 40.34687], "rotation": [5, 0, 0], "uv": [74, 99]},
						{"origin": [-17.90873, 14.26082, 39.62551], "size": [4, 3, 1], "pivot": [-12.5, 15.73269, 40.74665], "rotation": [5, -40, 0], "uv": [88, 94]},
						{"origin": [9.58252, 14.336, 38.84781], "size": [4, 3, 1], "pivot": [12.08252, 14.28374, 40.34507], "rotation": [5, 0, 0], "uv": [74, 103]},
						{"origin": [13.90873, 14.29749, 39.62634], "size": [4, 3, 1], "pivot": [12.5, 15.73269, 40.74665], "rotation": [5, 40, 0], "uv": [88, 102]},
						{"origin": [-17.55474, 4.6052, 38.46221], "size": [5, 4, 1], "pivot": [-13.41978, 4.55235, 39.21439], "rotation": [-15, -40, 0], "uv": [11, 95]}
					]
				},
				{
					"name": "roof",
					"parent": "body_main",
					"pivot": [0, 1.0349, -1.9997],
					"cubes": [
						{"origin": [-11, 17.08425, 13.28654], "size": [22, 1, 26], "pivot": [0, 18.0349, 39.2503], "rotation": [-22, 0, 0], "uv": [0, 132]},
						{"origin": [-11, 17.08425, 18.28654], "size": [22, 1, 8], "pivot": [0, 18.08425, 18.28654], "rotation": [40, 0, 0], "uv": [61, 111]},
						{"origin": [11.59501, 15.00343, 22.36663], "size": [1, 10, 1], "pivot": [12.73071, 21.68775, 22.01183], "rotation": [-40, 0, -45], "uv": [42, 72]},
						{"origin": [-14.08208, 14.93736, 21.08398], "size": [1, 10, 1], "pivot": [-13.58208, 19.93736, 21.58398], "rotation": [-40, 0, 45], "uv": [46, 72]},
						{"origin": [-11, 27.96014, 2.82164], "size": [22, 1, 12.25], "pivot": [0, 26.9638, 1.92627], "rotation": [-5, 0, 0], "uv": [88, 87]},
						{"origin": [11.69585, 25.52167, -9.63032], "size": [2, 1, 13], "pivot": [10.5049, 25.86141, -5.85941], "rotation": [15, -17, 0], "uv": [195, 66]},
						{"origin": [11.98257, 15.79124, 5.15693], "size": [1, 14, 2], "pivot": [13.0871, 22.98407, 0.56222], "rotation": [-14, 0, -27], "uv": [168, 0]},
						{"origin": [-10.13073, 4.33811, 8.01252], "size": [1, 14, 2], "pivot": [13.0871, 22.98407, 0.56222], "rotation": [-14, 0, 27], "uv": [174, 0]},
						{"origin": [-13.70197, 25.39823, -8.73368], "size": [2, 1, 13], "pivot": [-13.56979, 25.87014, -5.4223], "rotation": [15, 17, 0], "uv": [146, 79]},
						{"origin": [11.55761, 26.98337, -20.87296], "size": [2, 1, 14], "pivot": [14.23332, 24.46064, -4.32778], "rotation": [40, -15, 0], "uv": [212, 62]},
						{"origin": [-13.68481, 27.03997, -21.99468], "size": [2, 1, 14], "pivot": [-9.96496, 24.46298, -5.38119], "rotation": [40, 15, 0], "uv": [162, 79]}
					]
				},
				{
					"name": "bone15",
					"parent": "roof",
					"pivot": [0, 18.08425, 18.28654],
					"cubes": [
						{"origin": [11, 17.08425, 18.28654], "size": [1, 1, 6.25], "pivot": [0, 18.08425, 18.28654], "rotation": [40, 0, 0], "uv": [69, 111]},
						{"origin": [12, 17.08425, 18.28654], "size": [1, 1, 5], "pivot": [0, 18.08425, 18.28654], "rotation": [40, 0, 0], "uv": [69, 111]},
						{"origin": [13, 17.08425, 18.28654], "size": [1, 1, 3.25], "pivot": [0, 18.08425, 18.28654], "rotation": [40, 0, 0], "uv": [69, 111]},
						{"origin": [14, 17.08425, 18.28654], "size": [1, 1, 1.75], "pivot": [0, 18.08425, 18.28654], "rotation": [40, 0, 0], "uv": [69, 111]}
					]
				},
				{
					"name": "bone16",
					"parent": "roof",
					"pivot": [-26, 18.08425, 18.28654],
					"cubes": [
						{"origin": [-12, 17.08425, 18.28654], "size": [1, 1, 6.25], "pivot": [-26, 18.08425, 18.28654], "rotation": [40, 0, 0], "uv": [69, 111]},
						{"origin": [-13, 17.08425, 18.28654], "size": [1, 1, 5], "pivot": [-26, 18.08425, 18.28654], "rotation": [40, 0, 0], "uv": [69, 111]},
						{"origin": [-14, 17.08425, 18.28654], "size": [1, 1, 3.25], "pivot": [-26, 18.08425, 18.28654], "rotation": [40, 0, 0], "uv": [69, 111]},
						{"origin": [-15, 17.08425, 18.28654], "size": [1, 1, 1.75], "pivot": [-26, 18.08425, 18.28654], "rotation": [40, 0, 0], "uv": [69, 111]}
					]
				},
				{
					"name": "bone17",
					"parent": "roof",
					"pivot": [15.60572, 18.57442, 19.8677],
					"cubes": [
						{"origin": [12.94455, 16.5, 24.37115], "size": [1, 8, 2], "pivot": [13.50719, 19.9649, 23.1169], "rotation": [0, 0, -60], "uv": [83, 73]},
						{"origin": [10.81981, 17.27779, 30.8463], "size": [6, 1, 8], "pivot": [10.81981, 17.82142, 38.84668], "rotation": [-14, 15, 25], "uv": [40, 123]},
						{"origin": [8.32888, 17.29088, 33.42897], "size": [6, 1, 4], "pivot": [12.81981, 17.81269, 32.84661], "rotation": [0, 30, 0], "uv": [45, 118]},
						{"origin": [14.07888, 17.29524, 29.17901], "size": [2, 1, 7], "uv": [60, 120]},
						{"origin": [10.01078, 17.94921, 26.4355], "size": [7, 1, 5], "pivot": [15.57318, 19.74771, 28.23312], "rotation": [-15, 0, 28], "uv": [48, 64]},
						{"origin": [12.97478, 16.5, 23.37146], "size": [1, 6, 1], "pivot": [13.50719, 19.9649, 23.1169], "rotation": [0, 0, -60], "uv": [88, 87]},
						{"origin": [12.98989, 16.5, 22.37161], "size": [1, 5, 1], "pivot": [13.50719, 19.9649, 23.1169], "rotation": [0, 0, -60], "uv": [88, 87]},
						{"origin": [13.00501, 16.5, 21.37176], "size": [1, 4, 1], "pivot": [13.50719, 19.9649, 23.1169], "rotation": [0, 0, -60], "uv": [88, 87]},
						{"origin": [14.43946, 17.4318, 20.36755], "size": [1, 3, 1], "pivot": [15.17435, 19.01729, 20.87191], "rotation": [0, 0, -65], "uv": [88, 87]},
						{"origin": [14.86427, 17.50973, 19.36334], "size": [1, 2, 1], "pivot": [15.60572, 18.57442, 19.8677], "rotation": [0, 0, -75], "uv": [88, 87]}
					]
				},
				{
					"name": "bone18",
					"parent": "roof",
					"pivot": [-9.89428, 18.57442, 19.8677],
					"cubes": [
						{"origin": [-13.11571, 15.96352, 24.37115], "size": [1, 8, 2], "pivot": [-12.49071, 20.18003, 25.37115], "rotation": [0, 0, 60], "uv": [83, 73]},
						{"origin": [-13.13083, 15.97225, 23.3713], "size": [1, 6, 1], "pivot": [-12.49071, 20.18003, 25.37115], "rotation": [0, 0, 60], "uv": [92, 87]},
						{"origin": [-13.14594, 15.98097, 22.37146], "size": [1, 5, 1], "pivot": [-12.49071, 20.18003, 25.37115], "rotation": [0, 0, 60], "uv": [92, 87]},
						{"origin": [-13.16106, 15.9897, 21.37161], "size": [1, 4, 1], "pivot": [-12.49071, 20.18003, 25.37115], "rotation": [0, 0, 60], "uv": [92, 87]},
						{"origin": [-15.03489, 17.16762, 20.3674], "size": [1, 3, 1], "pivot": [-14.65578, 18.99984, 20.87176], "rotation": [0, 0, 65], "uv": [92, 87]},
						{"origin": [-15.1706, 17.39642, 19.36319], "size": [1, 2, 1], "pivot": [-15.08879, 18.76729, 19.87191], "rotation": [0, 0, 75], "uv": [92, 87]},
						{"origin": [-16.43104, 18.21141, 31.09702], "size": [6, 1, 8], "pivot": [-8.68019, 17.82142, 38.84668], "rotation": [-14, -15, -25], "uv": [40, 123]},
						{"origin": [-15.68019, 17.29088, 33.82847], "size": [6, 1, 4], "pivot": [-12.68019, 17.79088, 35.82847], "rotation": [0, -30, 0], "uv": [45, 118]},
						{"origin": [-15.92112, 17.29524, 29.17901], "size": [2, 1, 7], "uv": [60, 120]},
						{"origin": [-17.06231, 17.72059, 26.49525], "size": [7, 1, 5], "pivot": [-15.92682, 19.74771, 28.23312], "rotation": [-15, 0, -28], "uv": [48, 64]}
					]
				},
				{
					"name": "face",
					"parent": "body_main",
					"pivot": [0, 1, 0],
					"cubes": [
						{"origin": [-7, 5.71058, -40.67398], "size": [14, 2, 1], "uv": [49, 70]},
						{"origin": [-7, 5.71494, -40.92395], "size": [1, 2, 1], "uv": [0, 2]},
						{"origin": [-6.54685, 5.92625, -40.92395], "size": [1, 3, 1], "pivot": [-6.5, 6.71494, -40.42395], "rotation": [0, 0, 25], "uv": [0, 7]},
						{"origin": [6, 5.71494, -40.92395], "size": [1, 2, 1], "uv": [0, 2]},
						{"origin": [5.54685, 5.92625, -40.92395], "size": [1, 3, 1], "pivot": [6.5, 6.71494, -40.42395], "rotation": [0, 0, -25], "uv": [0, 7]},
						{"origin": [-8, 7.719, -41.139], "size": [16, 4, 1], "uv": [41, 87]},
						{"origin": [-17, 17.12873, -30.77067], "size": [34, 1, 14], "pivot": [-16, 20.10411, -16.4578], "rotation": [8, 0, 0], "uv": [160, 94]},
						{"origin": [7, 12.86189, -37.18609], "size": [10, 2, 2], "pivot": [17, 14.86189, -35.18609], "rotation": [35, 0, 0], "uv": [103, 54]},
						{"origin": [7, 13.86189, -38.18609], "size": [7, 1, 1], "pivot": [17, 14.86189, -35.18609], "rotation": [35, 0, 0], "uv": [103, 58]},
						{"origin": [-14, 13.86189, -38.18609], "size": [7, 1, 1], "pivot": [17, 14.86189, -35.18609], "rotation": [35, 0, 0], "uv": [103, 63]},
						{"origin": [7, 13.86189, -39.18609], "size": [5, 1, 1], "pivot": [17, 14.86189, -35.18609], "rotation": [35, 0, 0], "uv": [103, 60]},
						{"origin": [-12, 13.86189, -39.18609], "size": [5, 1, 1], "pivot": [17, 14.86189, -35.18609], "rotation": [35, 0, 0], "uv": [103, 60]},
						{"origin": [7, 13.86189, -40.18609], "size": [3, 1, 1], "pivot": [17, 14.86189, -35.18609], "rotation": [35, 0, 0], "uv": [103, 62]},
						{"origin": [-10, 13.86189, -40.18609], "size": [3, 1, 1], "pivot": [17, 14.86189, -35.18609], "rotation": [35, 0, 0], "uv": [103, 62]},
						{"origin": [-17, 12.86189, -37.18609], "size": [10, 2, 2], "pivot": [17, 14.86189, -35.18609], "rotation": [35, 0, 0], "uv": [144, 94]},
						{"origin": [-17, 15.15599, -35.35646], "size": [34, 1, 5], "pivot": [-16, 16.15599, -30.35646], "rotation": [15, 0, 0], "uv": [178, 109]},
						{"origin": [-8, 13.86189, -41.18609], "size": [16, 1, 6], "pivot": [-8, 14.86189, -35.18609], "rotation": [30, 0, 0], "uv": [113, 107]},
						{"origin": [-18, 7.719, -41.139], "size": [10, 4, 1], "pivot": [-8, 9.719, -41.139], "rotation": [0, 29, 0], "uv": [16, 80]},
						{"origin": [-18.03729, 10.99325, -40.82771], "size": [10, 1, 1], "pivot": [-8, 11.719, -41.139], "rotation": [-5, 27, 6], "uv": [22, 99]},
						{"origin": [-18.50168, 11.52047, -39.97386], "size": [10, 1, 1], "pivot": [-8, 11.719, -41.139], "rotation": [-15, 27, 11], "uv": [22, 99]},
						{"origin": [6.7462, 7.719, -36.29091], "size": [10, 4, 1], "pivot": [16.7462, 9.719, -36.29091], "rotation": [0, -29, 0], "uv": [16, 85]},
						{"origin": [8.09516, 10.97879, -40.85314], "size": [10, 1, 1], "pivot": [8, 11.719, -41.13901], "rotation": [-5, -27, -6], "uv": [0, 30]},
						{"origin": [8.54611, 11.0395, -39.96266], "size": [10, 1, 1], "pivot": [8, 11.719, -41.13901], "rotation": [-5, -27, -11], "uv": [0, 30]},
						{"origin": [-16.89436, 5.71494, -40.90053], "size": [10, 2, 1], "pivot": [-7, 6.21058, -40.67398], "rotation": [0, 25, 0], "uv": [0, 67]},
						{"origin": [-16.89, 5.60586, -36.75], "size": [1, 7, 2], "uv": [27, 13]},
						{"origin": [15.89, 5.60586, -36.75], "size": [1, 7, 2], "uv": [27, 13]},
						{"origin": [5.40689, 5.71494, -46.83515], "size": [10, 2, 1], "pivot": [-7.1284, 6.27602, -40.28652], "rotation": [0, -25, 0], "uv": [0, 64]}
					]
				},
				{
					"name": "brakes_right",
					"pivot": [-15, 1, -26],
					"rotation": [0, 180, 0]
				},
				{
					"name": "brakes4",
					"parent": "brakes_right",
					"pivot": [-14.5, 7, -25],
					"rotation": [180, 0, 0],
					"cubes": [
						{"origin": [-15, 6.75, -21.75], "size": [1, 3, 1], "pivot": [-13.5, 6.75, -21.25], "rotation": [20, 0, 0], "uv": [7, 0]},
						{"origin": [-15, 7.25, -21.75], "size": [1, 3, 1], "pivot": [-13.5, 7.25, -21.25], "rotation": [160, 0, 0], "uv": [7, 0]}
					]
				},
				{
					"name": "bone48",
					"parent": "brakes_right",
					"pivot": [-14, 1, -72],
					"cubes": [
						{"origin": [-15.5, 5.5, -28.5], "size": [1, 3, 7], "uv": [7, 0]},
						{"origin": [-15.5, 5.5, -28.5], "size": [1, 3, 7], "pivot": [-14.5, 7, -25], "rotation": [-45, 0, 0], "uv": [7, 0]},
						{"origin": [-15.5, 5.5, -28.5], "size": [1, 3, 7], "pivot": [-14.5, 7, -25], "rotation": [-90, 0, 0], "uv": [7, 0]},
						{"origin": [-15.5, 5.5, -28.5], "size": [1, 3, 7], "pivot": [-14.5, 7, -25], "rotation": [-135, 0, 0], "uv": [7, 0]}
					]
				},
				{
					"name": "brakes_left",
					"pivot": [15, 1, -24]
				},
				{
					"name": "brakes",
					"parent": "brakes_left",
					"pivot": [15.5, 7.25, -20.25],
					"cubes": [
						{"origin": [15, 6.75, -23.75], "size": [1, 3, 1], "pivot": [16, 6.75, -23.25], "rotation": [20, 0, 0], "uv": [7, 0]},
						{"origin": [15, 7.25, -23.75], "size": [1, 3, 1], "pivot": [16, 7.25, -23.25], "rotation": [160, 0, 0], "uv": [7, 0]}
					]
				},
				{
					"name": "bone11",
					"parent": "brakes_left",
					"pivot": [15, 1, -24],
					"cubes": [
						{"origin": [14.5, 5.5, -30.5], "size": [1, 3, 7], "uv": [7, 0]},
						{"origin": [14.5, 5.5, -30.5], "size": [1, 3, 7], "pivot": [15, 7, -27], "rotation": [-45, 0, 0], "uv": [7, 0]},
						{"origin": [14.5, 5.5, -30.5], "size": [1, 3, 7], "pivot": [15, 7, -27], "rotation": [-90, 0, 0], "uv": [7, 0]},
						{"origin": [14.5, 5.5, -30.5], "size": [1, 3, 7], "pivot": [15, 7, -27], "rotation": [-135, 0, 0], "uv": [7, 0]}
					]
				},
				{
					"name": "wheel_left",
					"pivot": [15.25, 7, -27],
					"rotation": [-15, 0, 0]
				},
				{
					"name": "bone57",
					"parent": "wheel_left",
					"pivot": [14.75, 1, -27]
				},
				{
					"name": "wheel19",
					"parent": "bone57",
					"pivot": [14.75, 7, -27],
					"cubes": [
						{"origin": [13.25, 0.5, -29.75], "size": [4, 1.25, 5.5], "uv": [43, 0]},
						{"origin": [13.25, 12.25, -29.75], "size": [4, 1.25, 5.5], "uv": [43, 0]}
					]
				},
				{
					"name": "wheel20",
					"parent": "bone57",
					"pivot": [14.75, 7, -27],
					"rotation": [-45, 0, 0],
					"cubes": [
						{"origin": [13.25, 0.5, -29.75], "size": [4, 1.25, 5.5], "uv": [43, 0]},
						{"origin": [13.25, 12.25, -29.75], "size": [4, 1.25, 5.5], "uv": [43, 0]}
					]
				},
				{
					"name": "wheel21",
					"parent": "bone57",
					"pivot": [14.75, 7, -27],
					"rotation": [-90, 0, 0],
					"cubes": [
						{"origin": [13.25, 0.5, -29.75], "size": [4, 1.25, 5.5], "uv": [43, 0]},
						{"origin": [13.25, 12.25, -29.75], "size": [4, 1.25, 5.5], "uv": [43, 0]}
					]
				},
				{
					"name": "wheel22",
					"parent": "bone57",
					"pivot": [14.75, 7, -27],
					"rotation": [-135, 0, 0],
					"cubes": [
						{"origin": [13.25, 0.5, -29.75], "size": [4, 1.25, 5.5], "uv": [43, 0]},
						{"origin": [13.25, 12.25, -29.75], "size": [4, 1.25, 5.5], "uv": [43, 0]}
					]
				},
				{
					"name": "bone35",
					"parent": "wheel_left",
					"pivot": [15.25, 7, -27]
				},
				{
					"name": "bone58",
					"parent": "bone35",
					"pivot": [17, 7, -27],
					"cubes": [
						{"origin": [15.9, 6.125, -27.875], "size": [1, 1.75, 1.75], "uv": [0, 0]},
						{"origin": [15.9, 6.125, -27.875], "size": [1, 1.75, 1.75], "pivot": [16.4, 7, -27], "rotation": [-72, 0, 0], "uv": [0, 0]},
						{"origin": [15.9, 6.125, -27.875], "size": [1, 1.75, 1.75], "pivot": [16.4, 7, -27], "rotation": [-144, 0, 0], "uv": [0, 0]},
						{"origin": [15.9, 6.125, -27.875], "size": [1, 1.75, 1.75], "pivot": [16.4, 7, -27], "rotation": [144, 0, 0], "uv": [0, 0]},
						{"origin": [15.9, 6.125, -27.875], "size": [1, 1.75, 1.75], "pivot": [16.4, 7, -27], "rotation": [72, 0, 0], "uv": [0, 0]}
					]
				},
				{
					"name": "bone59",
					"parent": "bone58",
					"pivot": [17, 7, -27],
					"cubes": [
						{"origin": [16.15, 6.5, -26], "size": [1, 1, 4.75], "uv": [1, 9]}
					]
				},
				{
					"name": "bone60",
					"parent": "bone58",
					"pivot": [17, 7, -27],
					"rotation": [-72, 0, 0],
					"cubes": [
						{"origin": [16.15, 6.5, -26], "size": [1, 1, 4.75], "uv": [1, 9]}
					]
				},
				{
					"name": "bone61",
					"parent": "bone58",
					"pivot": [17, 7, -27],
					"rotation": [-144, 0, 0],
					"cubes": [
						{"origin": [16.15, 6.5, -26], "size": [1, 1, 4.75], "uv": [1, 9]}
					]
				},
				{
					"name": "bone62",
					"parent": "bone58",
					"pivot": [17, 7, -27],
					"rotation": [144, 0, 0],
					"cubes": [
						{"origin": [16.15, 6.5, -26], "size": [1, 1, 4.75], "uv": [1, 9]}
					]
				},
				{
					"name": "bone63",
					"parent": "bone58",
					"pivot": [17, 7, -27],
					"rotation": [72, 0, 0],
					"cubes": [
						{"origin": [16.15, 6.5, -26], "size": [1, 1, 4.75], "uv": [1, 9]}
					]
				},
				{
					"name": "bone29",
					"parent": "bone35",
					"pivot": [17, 7, -27],
					"rotation": [-35, 0, 0],
					"cubes": [
						{"origin": [15.9, 6.125, -27.875], "size": [1, 1.75, 1.75], "uv": [0, 0]},
						{"origin": [15.9, 6.125, -27.875], "size": [1, 1.75, 1.75], "pivot": [16.4, 7, -27], "rotation": [-72, 0, 0], "uv": [0, 0]},
						{"origin": [15.9, 6.125, -27.875], "size": [1, 1.75, 1.75], "pivot": [16.4, 7, -27], "rotation": [-144, 0, 0], "uv": [0, 0]},
						{"origin": [15.9, 6.125, -27.875], "size": [1, 1.75, 1.75], "pivot": [16.4, 7, -27], "rotation": [144, 0, 0], "uv": [0, 0]},
						{"origin": [15.9, 6.125, -27.875], "size": [1, 1.75, 1.75], "pivot": [16.4, 7, -27], "rotation": [72, 0, 0], "uv": [0, 0]}
					]
				},
				{
					"name": "bone30",
					"parent": "bone29",
					"pivot": [17, 7, -27],
					"cubes": [
						{"origin": [16.15, 7, -26], "size": [1, 1, 4.75], "uv": [1, 9]}
					]
				},
				{
					"name": "bone31",
					"parent": "bone29",
					"pivot": [17, 7, -27],
					"rotation": [-72, 0, 0],
					"cubes": [
						{"origin": [16.15, 7, -26], "size": [1, 1, 4.75], "uv": [1, 9]}
					]
				},
				{
					"name": "bone32",
					"parent": "bone29",
					"pivot": [17, 7, -27],
					"rotation": [-144, 0, 0],
					"cubes": [
						{"origin": [16.15, 7, -26], "size": [1, 1, 4.75], "uv": [1, 9]}
					]
				},
				{
					"name": "bone33",
					"parent": "bone29",
					"pivot": [17, 7, -27],
					"rotation": [144, 0, 0],
					"cubes": [
						{"origin": [16.15, 7, -26], "size": [1, 1, 4.75], "uv": [1, 9]}
					]
				},
				{
					"name": "bone34",
					"parent": "bone29",
					"pivot": [17, 7, -27],
					"rotation": [72, 0, 0],
					"cubes": [
						{"origin": [16.15, 7, -26], "size": [1, 1, 4.75], "uv": [1, 9]}
					]
				},
				{
					"name": "brakes_back2",
					"pivot": [15, 1, 29.5]
				},
				{
					"name": "brakes5",
					"parent": "brakes_back2",
					"pivot": [15.5, 7.25, 33.25],
					"cubes": [
						{"origin": [15, 6.75, 29.75], "size": [1, 3, 1], "pivot": [16, 6.75, 30.25], "rotation": [20, 0, 0], "uv": [7, 0]},
						{"origin": [15, 7.25, 29.75], "size": [1, 3, 1], "pivot": [16, 7.25, 30.25], "rotation": [160, 0, 0], "uv": [7, 0]}
					]
				},
				{
					"name": "bone78",
					"parent": "brakes_back2",
					"pivot": [15, 1, 29.5],
					"cubes": [
						{"origin": [14.5, 5.5, 23], "size": [1, 3, 7], "uv": [7, 0]},
						{"origin": [14.5, 5.5, 23], "size": [1, 3, 7], "pivot": [15, 7, 26.5], "rotation": [-45, 0, 0], "uv": [7, 0]},
						{"origin": [14.5, 5.5, 23], "size": [1, 3, 7], "pivot": [15, 7, 26.5], "rotation": [-90, 0, 0], "uv": [7, 0]},
						{"origin": [14.5, 5.5, 23], "size": [1, 3, 7], "pivot": [15, 7, 26.5], "rotation": [-135, 0, 0], "uv": [7, 0]}
					]
				},
				{
					"name": "wheel_right",
					"pivot": [-15.25, 7, -27],
					"rotation": [15, 180, 0]
				},
				{
					"name": "bone96",
					"parent": "wheel_right",
					"pivot": [-15.75, 1, -27]
				},
				{
					"name": "wheel31",
					"parent": "bone96",
					"pivot": [-15.75, 7, -27],
					"cubes": [
						{"origin": [-17.25, 0.5, -29.75], "size": [4, 1.25, 5.5], "uv": [43, 0]},
						{"origin": [-17.25, 12.25, -29.75], "size": [4, 1.25, 5.5], "uv": [43, 0]}
					]
				},
				{
					"name": "wheel32",
					"parent": "bone96",
					"pivot": [-15.75, 7, -27],
					"rotation": [-45, 0, 0],
					"cubes": [
						{"origin": [-17.25, 0.5, -29.75], "size": [4, 1.25, 5.5], "uv": [43, 0]},
						{"origin": [-17.25, 12.25, -29.75], "size": [4, 1.25, 5.5], "uv": [43, 0]}
					]
				},
				{
					"name": "wheel33",
					"parent": "bone96",
					"pivot": [-15.75, 7, -27],
					"rotation": [-90, 0, 0],
					"cubes": [
						{"origin": [-17.25, 0.5, -29.75], "size": [4, 1.25, 5.5], "uv": [43, 0]},
						{"origin": [-17.25, 12.25, -29.75], "size": [4, 1.25, 5.5], "uv": [43, 0]}
					]
				},
				{
					"name": "wheel34",
					"parent": "bone96",
					"pivot": [-15.75, 7, -27],
					"rotation": [-135, 0, 0],
					"cubes": [
						{"origin": [-17.25, 0.5, -29.75], "size": [4, 1.25, 5.5], "uv": [43, 0]},
						{"origin": [-17.25, 12.25, -29.75], "size": [4, 1.25, 5.5], "uv": [43, 0]}
					]
				},
				{
					"name": "bone67",
					"parent": "wheel_right",
					"pivot": [15.25, 7, -27]
				},
				{
					"name": "bone68",
					"parent": "bone67",
					"pivot": [17, 7, -27],
					"cubes": [
						{"origin": [-14.6, 6.125, -27.875], "size": [1, 1.75, 1.75], "uv": [0, 0]},
						{"origin": [-14.6, 6.125, -27.875], "size": [1, 1.75, 1.75], "pivot": [16.4, 7, -27], "rotation": [-72, 0, 0], "uv": [0, 0]},
						{"origin": [-14.6, 6.125, -27.875], "size": [1, 1.75, 1.75], "pivot": [16.4, 7, -27], "rotation": [-144, 0, 0], "uv": [0, 0]},
						{"origin": [-14.6, 6.125, -27.875], "size": [1, 1.75, 1.75], "pivot": [16.4, 7, -27], "rotation": [144, 0, 0], "uv": [0, 0]},
						{"origin": [-14.6, 6.125, -27.875], "size": [1, 1.75, 1.75], "pivot": [16.4, 7, -27], "rotation": [72, 0, 0], "uv": [0, 0]}
					]
				},
				{
					"name": "bone69",
					"parent": "bone68",
					"pivot": [17, 7, -27],
					"cubes": [
						{"origin": [-14.35, 6.5, -26], "size": [1, 1, 4.75], "uv": [1, 9]}
					]
				},
				{
					"name": "bone70",
					"parent": "bone68",
					"pivot": [17, 7, -27],
					"rotation": [-72, 0, 0],
					"cubes": [
						{"origin": [-14.35, 6.5, -26], "size": [1, 1, 4.75], "uv": [1, 9]}
					]
				},
				{
					"name": "bone71",
					"parent": "bone68",
					"pivot": [17, 7, -27],
					"rotation": [-144, 0, 0],
					"cubes": [
						{"origin": [-14.35, 6.5, -26], "size": [1, 1, 4.75], "uv": [1, 9]}
					]
				},
				{
					"name": "bone72",
					"parent": "bone68",
					"pivot": [17, 7, -27],
					"rotation": [144, 0, 0],
					"cubes": [
						{"origin": [-14.35, 6.5, -26], "size": [1, 1, 4.75], "uv": [1, 9]}
					]
				},
				{
					"name": "bone73",
					"parent": "bone68",
					"pivot": [17, 7, -27],
					"rotation": [72, 0, 0],
					"cubes": [
						{"origin": [-14.35, 6.5, -26], "size": [1, 1, 4.75], "uv": [1, 9]}
					]
				},
				{
					"name": "bone74",
					"parent": "bone67",
					"pivot": [17, 7, -27],
					"rotation": [-35, 0, 0],
					"cubes": [
						{"origin": [-14.6, 6.125, -27.875], "size": [1, 1.75, 1.75], "uv": [0, 0]},
						{"origin": [-14.6, 6.125, -27.875], "size": [1, 1.75, 1.75], "pivot": [16.4, 7, -27], "rotation": [-72, 0, 0], "uv": [0, 0]},
						{"origin": [-14.6, 6.125, -27.875], "size": [1, 1.75, 1.75], "pivot": [16.4, 7, -27], "rotation": [-144, 0, 0], "uv": [0, 0]},
						{"origin": [-14.6, 6.125, -27.875], "size": [1, 1.75, 1.75], "pivot": [16.4, 7, -27], "rotation": [144, 0, 0], "uv": [0, 0]},
						{"origin": [-14.6, 6.125, -27.875], "size": [1, 1.75, 1.75], "pivot": [16.4, 7, -27], "rotation": [72, 0, 0], "uv": [0, 0]}
					]
				},
				{
					"name": "bone75",
					"parent": "bone74",
					"pivot": [17, 7, -27],
					"cubes": [
						{"origin": [-14.35, 7, -26], "size": [1, 1, 4.75], "uv": [1, 9]}
					]
				},
				{
					"name": "bone76",
					"parent": "bone74",
					"pivot": [17, 7, -27],
					"rotation": [-72, 0, 0],
					"cubes": [
						{"origin": [-14.35, 7, -26], "size": [1, 1, 4.75], "uv": [1, 9]}
					]
				},
				{
					"name": "bone77",
					"parent": "bone74",
					"pivot": [17, 7, -27],
					"rotation": [-144, 0, 0],
					"cubes": [
						{"origin": [-14.35, 7, -26], "size": [1, 1, 4.75], "uv": [1, 9]}
					]
				},
				{
					"name": "bone80",
					"parent": "bone74",
					"pivot": [17, 7, -27],
					"rotation": [144, 0, 0],
					"cubes": [
						{"origin": [-14.35, 7, -26], "size": [1, 1, 4.75], "uv": [1, 9]}
					]
				},
				{
					"name": "bone81",
					"parent": "bone74",
					"pivot": [17, 7, -27],
					"rotation": [72, 0, 0],
					"cubes": [
						{"origin": [-14.35, 7, -26], "size": [1, 1, 4.75], "uv": [1, 9]}
					]
				},
				{
					"name": "backwheels",
					"pivot": [0, 7, 26.5]
				},
				{
					"name": "wheel_back1",
					"parent": "backwheels",
					"pivot": [15.25, 7, 26.5],
					"rotation": [-15, 0, 0]
				},
				{
					"name": "bone2",
					"parent": "wheel_back1",
					"pivot": [14.75, 1, 26.5]
				},
				{
					"name": "wheel23",
					"parent": "bone2",
					"pivot": [14.75, 7, 26.5],
					"cubes": [
						{"origin": [13.25, 0.5, 23.75], "size": [4, 1.25, 5.5], "uv": [43, 0]},
						{"origin": [13.25, 12.25, 23.75], "size": [4, 1.25, 5.5], "uv": [43, 0]}
					]
				},
				{
					"name": "wheel24",
					"parent": "bone2",
					"pivot": [14.75, 7, 26.5],
					"rotation": [-45, 0, 0],
					"cubes": [
						{"origin": [13.25, 0.5, 23.75], "size": [4, 1.25, 5.5], "uv": [43, 0]},
						{"origin": [13.25, 12.25, 23.75], "size": [4, 1.25, 5.5], "uv": [43, 0]}
					]
				},
				{
					"name": "wheel25",
					"parent": "bone2",
					"pivot": [14.75, 7, 26.5],
					"rotation": [-90, 0, 0],
					"cubes": [
						{"origin": [13.25, 0.5, 23.75], "size": [4, 1.25, 5.5], "uv": [43, 0]},
						{"origin": [13.25, 12.25, 23.75], "size": [4, 1.25, 5.5], "uv": [43, 0]}
					]
				},
				{
					"name": "wheel26",
					"parent": "bone2",
					"pivot": [14.75, 7, 26.5],
					"rotation": [-135, 0, 0],
					"cubes": [
						{"origin": [13.25, 0.5, 23.75], "size": [4, 1.25, 5.5], "uv": [43, 0]},
						{"origin": [13.25, 12.25, 23.75], "size": [4, 1.25, 5.5], "uv": [43, 0]}
					]
				},
				{
					"name": "bone36",
					"parent": "wheel_back1",
					"pivot": [15.25, 7, -27]
				},
				{
					"name": "bone37",
					"parent": "bone36",
					"pivot": [17, 7, -27],
					"cubes": [
						{"origin": [15.9, 6.23741, 25.67042], "size": [1, 1.75, 1.75], "uv": [0, 0]},
						{"origin": [15.9, 57.08446, -11.43546], "size": [1, 1.75, 1.75], "pivot": [16.4, 7, -27], "rotation": [-72, 0, 0], "uv": [0, 0]},
						{"origin": [15.9, 37.50727, -71.26023], "size": [1, 1.75, 1.75], "pivot": [16.4, 7, -27], "rotation": [-144, 0, 0], "uv": [0, 0]},
						{"origin": [15.9, -25.43915, -71.12809], "size": [1, 1.75, 1.75], "pivot": [16.4, 7, -27], "rotation": [144, 0, 0], "uv": [0, 0]},
						{"origin": [15.9, -44.76499, -11.22165], "size": [1, 1.75, 1.75], "pivot": [16.4, 7, -27], "rotation": [72, 0, 0], "uv": [0, 0]}
					]
				},
				{
					"name": "bone38",
					"parent": "bone37",
					"pivot": [17, 7, -27],
					"cubes": [
						{"origin": [16.15, 6.61241, 27.54542], "size": [1, 1, 4.75], "uv": [1, 9]}
					]
				},
				{
					"name": "bone39",
					"parent": "bone37",
					"pivot": [17, 7, -27],
					"rotation": [-72, 0, 0],
					"cubes": [
						{"origin": [16.15, 57.45946, -9.56046], "size": [1, 1, 4.75], "uv": [1, 9]}
					]
				},
				{
					"name": "bone40",
					"parent": "bone37",
					"pivot": [17, 7, -27],
					"rotation": [-144, 0, 0],
					"cubes": [
						{"origin": [16.15, 37.88227, -69.38523], "size": [1, 1, 4.75], "uv": [1, 9]}
					]
				},
				{
					"name": "bone41",
					"parent": "bone37",
					"pivot": [17, 7, -27],
					"rotation": [144, 0, 0],
					"cubes": [
						{"origin": [16.15, -25.06415, -69.25309], "size": [1, 1, 4.75], "uv": [1, 9]}
					]
				},
				{
					"name": "bone42",
					"parent": "bone37",
					"pivot": [17, 7, -27],
					"rotation": [72, 0, 0],
					"cubes": [
						{"origin": [16.15, -44.38999, -9.34665], "size": [1, 1, 4.75], "uv": [1, 9]}
					]
				},
				{
					"name": "bone43",
					"parent": "bone36",
					"pivot": [17, 7, -27],
					"rotation": [-35, 0, 0],
					"cubes": [
						{"origin": [15.9, 36.92947, 15.92237], "size": [1, 1.75, 1.75], "uv": [0, 0]},
						{"origin": [15.9, 57.29788, -43.63766], "size": [1, 1.75, 1.75], "pivot": [16.4, 7, -27], "rotation": [-72, 0, 0], "uv": [0, 0]},
						{"origin": [15.9, 6.94711, -81.41423], "size": [1, 1.75, 1.75], "pivot": [16.4, 7, -27], "rotation": [-144, 0, 0], "uv": [0, 0]},
						{"origin": [15.9, -44.53979, -45.2014], "size": [1, 1.75, 1.75], "pivot": [16.4, 7, -27], "rotation": [144, 0, 0], "uv": [0, 0]},
						{"origin": [15.9, -26.00967, 14.95592], "size": [1, 1.75, 1.75], "pivot": [16.4, 7, -27], "rotation": [72, 0, 0], "uv": [0, 0]}
					]
				},
				{
					"name": "bone44",
					"parent": "bone43",
					"pivot": [17, 7, -27],
					"cubes": [
						{"origin": [16.15, 37.80447, 17.79737], "size": [1, 1, 4.75], "uv": [1, 9]}
					]
				},
				{
					"name": "bone45",
					"parent": "bone43",
					"pivot": [17, 7, -27],
					"rotation": [-72, 0, 0],
					"cubes": [
						{"origin": [16.15, 58.17288, -41.76266], "size": [1, 1, 4.75], "uv": [1, 9]}
					]
				},
				{
					"name": "bone46",
					"parent": "bone43",
					"pivot": [17, 7, -27],
					"rotation": [-144, 0, 0],
					"cubes": [
						{"origin": [16.15, 7.82211, -79.53923], "size": [1, 1, 4.75], "uv": [1, 9]}
					]
				},
				{
					"name": "bone47",
					"parent": "bone43",
					"pivot": [17, 7, -27],
					"rotation": [144, 0, 0],
					"cubes": [
						{"origin": [16.15, -43.66479, -43.3264], "size": [1, 1, 4.75], "uv": [1, 9]}
					]
				},
				{
					"name": "bone49",
					"parent": "bone43",
					"pivot": [17, 7, -27],
					"rotation": [72, 0, 0],
					"cubes": [
						{"origin": [16.15, -25.13467, 16.83092], "size": [1, 1, 4.75], "uv": [1, 9]}
					]
				},
				{
					"name": "wheel_back2",
					"parent": "backwheels",
					"pivot": [-15.25, 7, 26.5],
					"rotation": [15, 180, 0]
				},
				{
					"name": "bone79",
					"parent": "wheel_back2",
					"pivot": [-15.75, 1, 26.5]
				},
				{
					"name": "wheel27",
					"parent": "bone79",
					"pivot": [-15.75, 7, 26.5],
					"cubes": [
						{"origin": [-17.25, 0.5, 23.75], "size": [4, 1.25, 5.5], "uv": [43, 0]},
						{"origin": [-17.25, 12.25, 23.75], "size": [4, 1.25, 5.5], "uv": [43, 0]}
					]
				},
				{
					"name": "wheel28",
					"parent": "bone79",
					"pivot": [-15.75, 7, 26.5],
					"rotation": [-45, 0, 0],
					"cubes": [
						{"origin": [-17.25, 0.5, 23.75], "size": [4, 1.25, 5.5], "uv": [43, 0]},
						{"origin": [-17.25, 12.25, 23.75], "size": [4, 1.25, 5.5], "uv": [43, 0]}
					]
				},
				{
					"name": "wheel29",
					"parent": "bone79",
					"pivot": [-15.75, 7, 26.5],
					"rotation": [-90, 0, 0],
					"cubes": [
						{"origin": [-17.25, 0.5, 23.75], "size": [4, 1.25, 5.5], "uv": [43, 0]},
						{"origin": [-17.25, 12.25, 23.75], "size": [4, 1.25, 5.5], "uv": [43, 0]}
					]
				},
				{
					"name": "wheel30",
					"parent": "bone79",
					"pivot": [-15.75, 7, 26.5],
					"rotation": [-135, 0, 0],
					"cubes": [
						{"origin": [-17.25, 0.5, 23.75], "size": [4, 1.25, 5.5], "uv": [43, 0]},
						{"origin": [-17.25, 12.25, 23.75], "size": [4, 1.25, 5.5], "uv": [43, 0]}
					]
				},
				{
					"name": "bone50",
					"parent": "wheel_back2",
					"pivot": [15.25, 7, -27]
				},
				{
					"name": "bone51",
					"parent": "bone50",
					"pivot": [17, 7, -27],
					"cubes": [
						{"origin": [-14.6, 6.25408, 25.73513], "size": [1, 1.75, 1.75], "uv": [0, 0]},
						{"origin": [-14.6, 57.15115, -11.43132], "size": [1, 1.75, 1.75], "pivot": [16.4, 7, -27], "rotation": [-72, 0, 0], "uv": [0, 0]},
						{"origin": [-14.6, 37.53182, -71.32237], "size": [1, 1.75, 1.75], "pivot": [16.4, 7, -27], "rotation": [-144, 0, 0], "uv": [0, 0]},
						{"origin": [-14.6, -25.49067, -71.17064], "size": [1, 1.75, 1.75], "pivot": [16.4, 7, -27], "rotation": [144, 0, 0], "uv": [0, 0]},
						{"origin": [-14.6, -44.82138, -11.1858], "size": [1, 1.75, 1.75], "pivot": [16.4, 7, -27], "rotation": [72, 0, 0], "uv": [0, 0]}
					]
				},
				{
					"name": "bone52",
					"parent": "bone51",
					"pivot": [17, 7, -27],
					"cubes": [
						{"origin": [-14.35, 6.62908, 27.61013], "size": [1, 1, 4.75], "uv": [1, 9]}
					]
				},
				{
					"name": "bone53",
					"parent": "bone51",
					"pivot": [17, 7, -27],
					"rotation": [-72, 0, 0],
					"cubes": [
						{"origin": [-14.35, 57.52615, -9.55632], "size": [1, 1, 4.75], "uv": [1, 9]}
					]
				},
				{
					"name": "bone54",
					"parent": "bone51",
					"pivot": [17, 7, -27],
					"rotation": [-144, 0, 0],
					"cubes": [
						{"origin": [-14.35, 37.90682, -69.44737], "size": [1, 1, 4.75], "uv": [1, 9]}
					]
				},
				{
					"name": "bone55",
					"parent": "bone51",
					"pivot": [17, 7, -27],
					"rotation": [144, 0, 0],
					"cubes": [
						{"origin": [-14.35, -25.11567, -69.29564], "size": [1, 1, 4.75], "uv": [1, 9]}
					]
				},
				{
					"name": "bone56",
					"parent": "bone51",
					"pivot": [17, 7, -27],
					"rotation": [72, 0, 0],
					"cubes": [
						{"origin": [-14.35, -44.44638, -9.3108], "size": [1, 1, 4.75], "uv": [1, 9]}
					]
				},
				{
					"name": "bone64",
					"parent": "bone50",
					"pivot": [17, 7, -27],
					"rotation": [-35, 0, 0],
					"cubes": [
						{"origin": [-14.6, 36.98024, 15.96581], "size": [1, 1.75, 1.75], "uv": [0, 0]},
						{"origin": [-14.6, 57.35488, -43.67252], "size": [1, 1.75, 1.75], "pivot": [16.4, 7, -27], "rotation": [-72, 0, 0], "uv": [0, 0]},
						{"origin": [-14.6, 6.93157, -81.47922], "size": [1, 1.75, 1.75], "pivot": [16.4, 7, -27], "rotation": [-144, 0, 0], "uv": [0, 0]},
						{"origin": [-14.6, -44.6064, -45.20671], "size": [1, 1.75, 1.75], "pivot": [16.4, 7, -27], "rotation": [144, 0, 0], "uv": [0, 0]},
						{"origin": [-14.6, -26.0353, 15.01763], "size": [1, 1.75, 1.75], "pivot": [16.4, 7, -27], "rotation": [72, 0, 0], "uv": [0, 0]}
					]
				},
				{
					"name": "bone65",
					"parent": "bone64",
					"pivot": [17, 7, -27],
					"cubes": [
						{"origin": [-14.35, 37.85524, 17.84081], "size": [1, 1, 4.75], "uv": [1, 9]}
					]
				},
				{
					"name": "bone66",
					"parent": "bone64",
					"pivot": [17, 7, -27],
					"rotation": [-72, 0, 0],
					"cubes": [
						{"origin": [-14.35, 58.22988, -41.79752], "size": [1, 1, 4.75], "uv": [1, 9]}
					]
				},
				{
					"name": "bone106",
					"parent": "bone64",
					"pivot": [17, 7, -27],
					"rotation": [-144, 0, 0],
					"cubes": [
						{"origin": [-14.35, 7.80657, -79.60422], "size": [1, 1, 4.75], "uv": [1, 9]}
					]
				},
				{
					"name": "bone107",
					"parent": "bone64",
					"pivot": [17, 7, -27],
					"rotation": [144, 0, 0],
					"cubes": [
						{"origin": [-14.35, -43.7314, -43.33171], "size": [1, 1, 4.75], "uv": [1, 9]}
					]
				},
				{
					"name": "bone108",
					"parent": "bone64",
					"pivot": [17, 7, -27],
					"rotation": [72, 0, 0],
					"cubes": [
						{"origin": [-14.35, -25.1603, 16.89263], "size": [1, 1, 4.75], "uv": [1, 9]}
					]
				},
				{
					"name": "brakes_back1",
					"pivot": [-15, 1, 27.5],
					"rotation": [0, 180, 0]
				},
				{
					"name": "brakes6",
					"parent": "brakes_back1",
					"pivot": [-14.5, 7, 28.5],
					"rotation": [180, 0, 0],
					"cubes": [
						{"origin": [-15, 6.75, 31.75], "size": [1, 3, 1], "pivot": [-13.5, 6.75, 32.25], "rotation": [20, 0, 0], "uv": [7, 0]},
						{"origin": [-15, 7.25, 31.75], "size": [1, 3, 1], "pivot": [-13.5, 7.25, 32.25], "rotation": [160, 0, 0], "uv": [7, 0]}
					]
				},
				{
					"name": "bone113",
					"parent": "brakes_back1",
					"pivot": [-14, 1, -18.5],
					"cubes": [
						{"origin": [-15.5, 5.5, 25], "size": [1, 3, 7], "uv": [7, 0]},
						{"origin": [-15.5, 5.5, 25], "size": [1, 3, 7], "pivot": [-14.5, 7, 28.5], "rotation": [-45, 0, 0], "uv": [7, 0]},
						{"origin": [-15.5, 5.5, 25], "size": [1, 3, 7], "pivot": [-14.5, 7, 28.5], "rotation": [-90, 0, 0], "uv": [7, 0]},
						{"origin": [-15.5, 5.5, 25], "size": [1, 3, 7], "pivot": [-14.5, 7, 28.5], "rotation": [-135, 0, 0], "uv": [7, 0]}
					]
				}
			]
		}
	]
}