{
  "resource_pack_name": "Tesla Model Y",
  "texture_name": "atlas.items",
  "texture_data": {
        "model_y_egg": {
        "textures": "textures/items/model_y_egg"
        },
        "model_y_gray_egg": {
        "textures": "textures/items/model_y_gray_egg"
        },
        "model_y_black_egg": {
        "textures": "textures/items/model_y_black_egg"
        },
        "model_y_blue_egg": {
        "textures": "textures/items/model_y_blue_egg"
        },
        "model_y_red_egg": {
        "textures": "textures/items/model_y_red_egg"
        }
    }
}
