{
	"format_version": "1.12.0",
	"minecraft:geometry": [
		{
			"description": {
				"identifier": "geometry.custom.falcon_landed",
				"texture_width": 256,
				"texture_height": 256,
				"visible_bounds_width": 13,
				"visible_bounds_height": 40,
				"visible_bounds_offset": [0, 0, 0]
			},
			"bones": [
				{
					"name": "falcon9",
					"pivot": [0, 25, 0]
				},
				{
					"name": "rocket",
					"parent": "falcon9",
					"pivot": [0, 101, 0]
				},
				{
					"name": "bone50",
					"parent": "rocket",
					"pivot": [0, 101, 0]
				},
				{
					"name": "bone51",
					"parent": "bone50",
					"pivot": [0, 136, 0],
					"cubes": [
						{"origin": [-19, 521, -5], "size": [1, 70, 10], "uv": [0, 160]},
						{"origin": [18, 521, -5], "size": [1, 70, 10], "uv": [0, 160]}
					]
				},
				{
					"name": "bone52",
					"parent": "bone50",
					"pivot": [0, 136, 0],
					"rotation": [0, -30, 0],
					"cubes": [
						{"origin": [-19, 521, -5], "size": [1, 70, 10], "uv": [0, 160]},
						{"origin": [18, 521, -5], "size": [1, 70, 10], "uv": [0, 160]}
					]
				},
				{
					"name": "bone53",
					"parent": "bone50",
					"pivot": [0, 136, 0],
					"rotation": [0, -60, 0],
					"cubes": [
						{"origin": [-19, 521, -5], "size": [1, 70, 10], "uv": [0, 160]},
						{"origin": [18, 521, -5], "size": [1, 70, 10], "uv": [0, 160]}
					]
				},
				{
					"name": "bone54",
					"parent": "bone50",
					"pivot": [0, 136, 0],
					"rotation": [0, -90, 0],
					"cubes": [
						{"origin": [-19, 521, -5], "size": [1, 70, 10], "uv": [23, 160]},
						{"origin": [18, 521, -5], "size": [1, 70, 10], "uv": [0, 160]}
					]
				},
				{
					"name": "bone55",
					"parent": "bone50",
					"pivot": [0, 136, 0],
					"rotation": [0, -120, 0],
					"cubes": [
						{"origin": [-19, 521, -5], "size": [1, 70, 10], "uv": [0, 160]},
						{"origin": [18, 521, -5], "size": [1, 70, 10], "uv": [0, 160]}
					]
				},
				{
					"name": "bone56",
					"parent": "bone50",
					"pivot": [0, 136, 0],
					"rotation": [0, -150, 0],
					"cubes": [
						{"origin": [-19, 521, -5], "size": [1, 70, 10], "uv": [0, 160]},
						{"origin": [18, 521, -5], "size": [1, 70, 10], "uv": [0, 160]}
					]
				},
				{
					"name": "bone43",
					"parent": "rocket",
					"pivot": [0, 101, 0]
				},
				{
					"name": "bone44",
					"parent": "bone43",
					"pivot": [0, 136, 0],
					"cubes": [
						{"origin": [-19, 451, -5], "size": [1, 70, 10], "uv": [0, 0]},
						{"origin": [18, 451, -5], "size": [1, 70, 10], "uv": [0, 0]}
					]
				},
				{
					"name": "bone45",
					"parent": "bone43",
					"pivot": [0, 136, 0],
					"rotation": [0, -30, 0],
					"cubes": [
						{"origin": [-19, 451, -5], "size": [1, 70, 10], "uv": [0, 0]},
						{"origin": [18, 451, -5], "size": [1, 70, 10], "uv": [0, 0]}
					]
				},
				{
					"name": "bone46",
					"parent": "bone43",
					"pivot": [0, 136, 0],
					"rotation": [0, -60, 0],
					"cubes": [
						{"origin": [-19, 451, -5], "size": [1, 70, 10], "uv": [0, 0]},
						{"origin": [18, 451, -5], "size": [1, 70, 10], "uv": [0, 0]}
					]
				},
				{
					"name": "bone47",
					"parent": "bone43",
					"pivot": [0, 136, 0],
					"rotation": [0, -90, 0],
					"cubes": [
						{"origin": [-19, 451, -5], "size": [1, 70, 10], "uv": [46, 160]},
						{"origin": [18, 451, -5], "size": [1, 70, 10], "uv": [0, 0]}
					]
				},
				{
					"name": "bone48",
					"parent": "bone43",
					"pivot": [0, 136, 0],
					"rotation": [0, -120, 0],
					"cubes": [
						{"origin": [-19, 451, -5], "size": [1, 70, 10], "uv": [0, 0]},
						{"origin": [18, 451, -5], "size": [1, 70, 10], "uv": [0, 0]}
					]
				},
				{
					"name": "bone49",
					"parent": "bone43",
					"pivot": [0, 136, 0],
					"rotation": [0, -150, 0],
					"cubes": [
						{"origin": [-19, 451, -5], "size": [1, 70, 10], "uv": [0, 0]},
						{"origin": [18, 451, -5], "size": [1, 70, 10], "uv": [0, 0]}
					]
				},
				{
					"name": "bone36",
					"parent": "rocket",
					"pivot": [0, 101, 0]
				},
				{
					"name": "bone37",
					"parent": "bone36",
					"pivot": [0, 136, 0],
					"cubes": [
						{"origin": [-19, 381, -5], "size": [1, 70, 10], "uv": [0, 0]},
						{"origin": [18, 381, -5], "size": [1, 70, 10], "uv": [0, 0]}
					]
				},
				{
					"name": "bone38",
					"parent": "bone36",
					"pivot": [0, 136, 0],
					"rotation": [0, -30, 0],
					"cubes": [
						{"origin": [-19, 381, -5], "size": [1, 70, 10], "uv": [0, 0]},
						{"origin": [18, 381, -5], "size": [1, 70, 10], "uv": [0, 0]}
					]
				},
				{
					"name": "bone39",
					"parent": "bone36",
					"pivot": [0, 136, 0],
					"rotation": [0, -60, 0],
					"cubes": [
						{"origin": [-19, 381, -5], "size": [1, 70, 10], "uv": [0, 0]},
						{"origin": [18, 381, -5], "size": [1, 70, 10], "uv": [0, 0]}
					]
				},
				{
					"name": "bone40",
					"parent": "bone36",
					"pivot": [0, 136, 0],
					"rotation": [0, -90, 0],
					"cubes": [
						{"origin": [-19, 381, -5], "size": [1, 70, 10], "uv": [0, 0]},
						{"origin": [18, 381, -5], "size": [1, 70, 10], "uv": [0, 0]}
					]
				},
				{
					"name": "bone41",
					"parent": "bone36",
					"pivot": [0, 136, 0],
					"rotation": [0, -120, 0],
					"cubes": [
						{"origin": [-19, 381, -5], "size": [1, 70, 10], "uv": [0, 0]},
						{"origin": [18, 381, -5], "size": [1, 70, 10], "uv": [0, 0]}
					]
				},
				{
					"name": "bone42",
					"parent": "bone36",
					"pivot": [0, 136, 0],
					"rotation": [0, -150, 0],
					"cubes": [
						{"origin": [-19, 381, -5], "size": [1, 70, 10], "uv": [0, 0]},
						{"origin": [18, 381, -5], "size": [1, 70, 10], "uv": [0, 0]}
					]
				},
				{
					"name": "bone29",
					"parent": "rocket",
					"pivot": [0, 101, 0]
				},
				{
					"name": "bone30",
					"parent": "bone29",
					"pivot": [0, 136, 0],
					"cubes": [
						{"origin": [-19, 311, -5], "size": [1, 70, 10], "uv": [0, 0]},
						{"origin": [18, 311, -5], "size": [1, 70, 10], "uv": [0, 0]}
					]
				},
				{
					"name": "bone31",
					"parent": "bone29",
					"pivot": [0, 136, 0],
					"rotation": [0, -30, 0],
					"cubes": [
						{"origin": [-19, 311, -5], "size": [1, 70, 10], "uv": [0, 0]},
						{"origin": [18, 311, -5], "size": [1, 70, 10], "uv": [0, 0]}
					]
				},
				{
					"name": "bone32",
					"parent": "bone29",
					"pivot": [0, 136, 0],
					"rotation": [0, -60, 0],
					"cubes": [
						{"origin": [-19, 311, -5], "size": [1, 70, 10], "uv": [0, 0]},
						{"origin": [18, 311, -5], "size": [1, 70, 10], "uv": [0, 0]}
					]
				},
				{
					"name": "bone33",
					"parent": "bone29",
					"pivot": [0, 136, 0],
					"rotation": [0, -90, 0],
					"cubes": [
						{"origin": [-19, 311, -5], "size": [1, 70, 10], "uv": [23, 80]},
						{"origin": [18, 311, -5], "size": [1, 70, 10], "uv": [0, 0]}
					]
				},
				{
					"name": "bone34",
					"parent": "bone29",
					"pivot": [0, 136, 0],
					"rotation": [0, -120, 0],
					"cubes": [
						{"origin": [-19, 311, -5], "size": [1, 70, 10], "uv": [0, 0]},
						{"origin": [18, 311, -5], "size": [1, 70, 10], "uv": [0, 0]}
					]
				},
				{
					"name": "bone35",
					"parent": "bone29",
					"pivot": [0, 136, 0],
					"rotation": [0, -150, 0],
					"cubes": [
						{"origin": [-19, 311, -5], "size": [1, 70, 10], "uv": [0, 0]},
						{"origin": [18, 311, -5], "size": [1, 70, 10], "uv": [0, 0]}
					]
				},
				{
					"name": "bone22",
					"parent": "rocket",
					"pivot": [0, 101, 0]
				},
				{
					"name": "bone23",
					"parent": "bone22",
					"pivot": [0, 136, 0],
					"cubes": [
						{"origin": [-19, 241, -5], "size": [1, 70, 10], "uv": [0, 0]},
						{"origin": [18, 241, -5], "size": [1, 70, 10], "uv": [0, 0]}
					]
				},
				{
					"name": "bone24",
					"parent": "bone22",
					"pivot": [0, 136, 0],
					"rotation": [0, -30, 0],
					"cubes": [
						{"origin": [-19, 241, -5], "size": [1, 70, 10], "uv": [0, 0]},
						{"origin": [18, 241, -5], "size": [1, 70, 10], "uv": [0, 0]}
					]
				},
				{
					"name": "bone25",
					"parent": "bone22",
					"pivot": [0, 136, 0],
					"rotation": [0, -60, 0],
					"cubes": [
						{"origin": [-19, 241, -5], "size": [1, 70, 10], "uv": [0, 0]},
						{"origin": [18, 241, -5], "size": [1, 70, 10], "uv": [0, 0]}
					]
				},
				{
					"name": "bone26",
					"parent": "bone22",
					"pivot": [0, 136, 0],
					"rotation": [0, -90, 0],
					"cubes": [
						{"origin": [-19, 241, -5], "size": [1, 70, 10], "uv": [0, 0]},
						{"origin": [18, 241, -5], "size": [1, 70, 10], "uv": [0, 0]}
					]
				},
				{
					"name": "bone27",
					"parent": "bone22",
					"pivot": [0, 136, 0],
					"rotation": [0, -120, 0],
					"cubes": [
						{"origin": [-19, 241, -5], "size": [1, 70, 10], "uv": [0, 0]},
						{"origin": [18, 241, -5], "size": [1, 70, 10], "uv": [0, 0]}
					]
				},
				{
					"name": "bone28",
					"parent": "bone22",
					"pivot": [0, 136, 0],
					"rotation": [0, -150, 0],
					"cubes": [
						{"origin": [-19, 241, -5], "size": [1, 70, 10], "uv": [0, 0]},
						{"origin": [18, 241, -5], "size": [1, 70, 10], "uv": [0, 0]}
					]
				},
				{
					"name": "bone15",
					"parent": "rocket",
					"pivot": [0, 101, 0]
				},
				{
					"name": "bone16",
					"parent": "bone15",
					"pivot": [0, 136, 0],
					"cubes": [
						{"origin": [-19, 171, -5], "size": [1, 70, 10], "uv": [0, 0]},
						{"origin": [18, 171, -5], "size": [1, 70, 10], "uv": [0, 0]}
					]
				},
				{
					"name": "bone17",
					"parent": "bone15",
					"pivot": [0, 136, 0],
					"rotation": [0, -30, 0],
					"cubes": [
						{"origin": [-19, 171, -5], "size": [1, 70, 10], "uv": [0, 0]},
						{"origin": [18, 171, -5], "size": [1, 70, 10], "uv": [0, 0]}
					]
				},
				{
					"name": "bone18",
					"parent": "bone15",
					"pivot": [0, 136, 0],
					"rotation": [0, -60, 0],
					"cubes": [
						{"origin": [-19, 171, -5], "size": [1, 70, 10], "uv": [0, 0]},
						{"origin": [18, 171, -5], "size": [1, 70, 10], "uv": [0, 0]}
					]
				},
				{
					"name": "bone19",
					"parent": "bone15",
					"pivot": [0, 136, 0],
					"rotation": [0, -90, 0],
					"cubes": [
						{"origin": [-19, 171, -5], "size": [1, 70, 10], "uv": [0, 0]},
						{"origin": [18, 171, -5], "size": [1, 70, 10], "uv": [0, 0]}
					]
				},
				{
					"name": "bone20",
					"parent": "bone15",
					"pivot": [0, 136, 0],
					"rotation": [0, -120, 0],
					"cubes": [
						{"origin": [-19, 171, -5], "size": [1, 70, 10], "uv": [0, 0]},
						{"origin": [18, 171, -5], "size": [1, 70, 10], "uv": [0, 0]}
					]
				},
				{
					"name": "bone21",
					"parent": "bone15",
					"pivot": [0, 136, 0],
					"rotation": [0, -150, 0],
					"cubes": [
						{"origin": [-19, 171, -5], "size": [1, 70, 10], "uv": [0, 0]},
						{"origin": [18, 171, -5], "size": [1, 70, 10], "uv": [0, 0]}
					]
				},
				{
					"name": "bone8",
					"parent": "rocket",
					"pivot": [0, 32, 0]
				},
				{
					"name": "bone9",
					"parent": "bone8",
					"pivot": [0, 67, 0],
					"cubes": [
						{"origin": [-19, 102, -5], "size": [1, 70, 10], "uv": [0, 0]},
						{"origin": [18, 102, -5], "size": [1, 70, 10], "uv": [0, 0]}
					]
				},
				{
					"name": "bone10",
					"parent": "bone8",
					"pivot": [0, 67, 0],
					"rotation": [0, -30, 0],
					"cubes": [
						{"origin": [-19, 102, -5], "size": [1, 70, 10], "uv": [0, 0]},
						{"origin": [18, 102, -5], "size": [1, 70, 10], "uv": [0, 0]}
					]
				},
				{
					"name": "bone11",
					"parent": "bone8",
					"pivot": [0, 67, 0],
					"rotation": [0, -60, 0],
					"cubes": [
						{"origin": [-19, 102, -5], "size": [1, 70, 10], "uv": [0, 0]},
						{"origin": [18, 102, -5], "size": [1, 70, 10], "uv": [0, 0]}
					]
				},
				{
					"name": "bone12",
					"parent": "bone8",
					"pivot": [0, 67, 0],
					"rotation": [0, -90, 0],
					"cubes": [
						{"origin": [-19, 102, -5], "size": [1, 70, 10], "uv": [0, 0]},
						{"origin": [18, 102, -5], "size": [1, 70, 10], "uv": [0, 0]}
					]
				},
				{
					"name": "bone13",
					"parent": "bone8",
					"pivot": [0, 67, 0],
					"rotation": [0, -120, 0],
					"cubes": [
						{"origin": [-19, 102, -5], "size": [1, 70, 10], "uv": [0, 0]},
						{"origin": [18, 102, -5], "size": [1, 70, 10], "uv": [0, 0]}
					]
				},
				{
					"name": "bone14",
					"parent": "bone8",
					"pivot": [0, 67, 0],
					"rotation": [0, -150, 0],
					"cubes": [
						{"origin": [-19, 102, -5], "size": [1, 70, 10], "uv": [0, 0]},
						{"origin": [18, 102, -5], "size": [1, 70, 10], "uv": [0, 0]}
					]
				},
				{
					"name": "bone7",
					"parent": "rocket",
					"pivot": [0, 32, 0]
				},
				{
					"name": "bone",
					"parent": "bone7",
					"pivot": [0, 67, 0],
					"cubes": [
						{"origin": [-19, 32, -5], "size": [1, 70, 10], "uv": [0, 80]},
						{"origin": [18, 32, -5], "size": [1, 70, 10], "uv": [0, 80]}
					]
				},
				{
					"name": "bone2",
					"parent": "bone7",
					"pivot": [0, 67, 0],
					"rotation": [0, -30, 0],
					"cubes": [
						{"origin": [-19, 32, -5], "size": [1, 70, 10], "uv": [0, 80]},
						{"origin": [18, 32, -5], "size": [1, 70, 10], "uv": [0, 80]}
					]
				},
				{
					"name": "bone3",
					"parent": "bone7",
					"pivot": [0, 67, 0],
					"rotation": [0, -60, 0],
					"cubes": [
						{"origin": [-19, 32, -5], "size": [1, 70, 10], "uv": [0, 80]},
						{"origin": [18, 32, -5], "size": [1, 70, 10], "uv": [0, 80]}
					]
				},
				{
					"name": "bone4",
					"parent": "bone7",
					"pivot": [0, 67, 0],
					"rotation": [0, -90, 0],
					"cubes": [
						{"origin": [-19, 32, -5], "size": [1, 70, 10], "uv": [0, 80]},
						{"origin": [18, 32, -5], "size": [1, 70, 10], "uv": [0, 80]}
					]
				},
				{
					"name": "bone5",
					"parent": "bone7",
					"pivot": [0, 67, 0],
					"rotation": [0, -120, 0],
					"cubes": [
						{"origin": [-19, 32, -5], "size": [1, 70, 10], "uv": [0, 80]},
						{"origin": [18, 32, -5], "size": [1, 70, 10], "uv": [0, 80]}
					]
				},
				{
					"name": "bone6",
					"parent": "bone7",
					"pivot": [0, 67, 0],
					"rotation": [0, -150, 0],
					"cubes": [
						{"origin": [-19, 32, -5], "size": [1, 70, 10], "uv": [0, 80]},
						{"origin": [18, 32, -5], "size": [1, 70, 10], "uv": [0, 80]}
					]
				},
				{
					"name": "bone57",
					"parent": "rocket",
					"pivot": [0, 105, 0],
					"cubes": [
						{"origin": [-5, 36, -18], "size": [10, 1, 36], "uv": [24, 0]},
						{"origin": [-5, 36, -18], "size": [10, 1, 36], "pivot": [0, 36.5, 0], "rotation": [0, -30, 0], "uv": [24, 0]},
						{"origin": [-5, 36, -18], "size": [10, 1, 36], "pivot": [0, 36.5, 0], "rotation": [0, -60, 0], "uv": [24, 0]},
						{"origin": [-5, 36, -18], "size": [10, 1, 36], "pivot": [0, 36.5, 0], "rotation": [0, -90, 0], "uv": [24, 0]},
						{"origin": [-5, 36, -18], "size": [10, 1, 36], "pivot": [0, 36.5, 0], "rotation": [0, -120, 0], "uv": [24, 0]},
						{"origin": [-5, 36, -18], "size": [10, 1, 36], "pivot": [0, 36.5, 0], "rotation": [0, -150, 0], "uv": [24, 0]}
					]
				},
				{
					"name": "bone92",
					"parent": "rocket",
					"pivot": [0, 623, 0],
					"cubes": [
						{"origin": [-5, 554, -18], "size": [10, 1, 36], "uv": [24, 0]},
						{"origin": [-5, 554, -18], "size": [10, 1, 36], "pivot": [0, 554.5, 0], "rotation": [0, -30, 0], "uv": [24, 0]},
						{"origin": [-5, 554, -18], "size": [10, 1, 36], "pivot": [0, 554.5, 0], "rotation": [0, -60, 0], "uv": [24, 0]},
						{"origin": [-5, 554, -18], "size": [10, 1, 36], "pivot": [0, 554.5, 0], "rotation": [0, -90, 0], "uv": [24, 0]},
						{"origin": [-5, 554, -18], "size": [10, 1, 36], "pivot": [0, 554.5, 0], "rotation": [0, -120, 0], "uv": [24, 0]},
						{"origin": [-5, 554, -18], "size": [10, 1, 36], "pivot": [0, 554.5, 0], "rotation": [0, -150, 0], "uv": [24, 0]}
					]
				},
				{
					"name": "boosters",
					"parent": "falcon9",
					"pivot": [0, 25, 0]
				},
				{
					"name": "merlin",
					"parent": "boosters",
					"pivot": [0, 25, 0],
					"cubes": [
						{"origin": [-3, 27, -3], "size": [6, 9, 6], "uv": [29, 0]}
					]
				},
				{
					"name": "bone58",
					"parent": "merlin",
					"pivot": [0, 28, 0],
					"cubes": [
						{"origin": [-5, 25, -2], "size": [1, 9, 4], "uv": [23, 11]},
						{"origin": [4, 25, -2], "size": [1, 9, 4], "uv": [23, 11]}
					]
				},
				{
					"name": "bone59",
					"parent": "merlin",
					"pivot": [0, 28, 0],
					"rotation": [0, -45, 0],
					"cubes": [
						{"origin": [-5, 25, -2], "size": [1, 9, 4], "uv": [23, 11]},
						{"origin": [4, 25, -2], "size": [1, 9, 4], "uv": [23, 11]}
					]
				},
				{
					"name": "bone60",
					"parent": "merlin",
					"pivot": [0, 28, 0],
					"rotation": [0, -90, 0],
					"cubes": [
						{"origin": [-5, 25, -2], "size": [1, 9, 4], "uv": [23, 11]},
						{"origin": [4, 25, -2], "size": [1, 9, 4], "uv": [23, 11]}
					]
				},
				{
					"name": "bone61",
					"parent": "merlin",
					"pivot": [0, 28, 0],
					"rotation": [0, -135, 0],
					"cubes": [
						{"origin": [-5, 25, -2], "size": [1, 9, 4], "uv": [23, 11]},
						{"origin": [4, 25, -2], "size": [1, 9, 4], "uv": [23, 11]}
					]
				},
				{
					"name": "merlin2",
					"parent": "boosters",
					"pivot": [0, 25, 0],
					"cubes": [
						{"origin": [-16.5, 27, -3], "size": [6, 9, 6], "uv": [29, 0]}
					]
				},
				{
					"name": "bone62",
					"parent": "merlin2",
					"pivot": [-13.5, 28, 0],
					"cubes": [
						{"origin": [-18.5, 25, -2], "size": [1, 9, 4], "uv": [23, 11]},
						{"origin": [-9.5, 25, -2], "size": [1, 9, 4], "uv": [23, 11]}
					]
				},
				{
					"name": "bone63",
					"parent": "merlin2",
					"pivot": [-13.5, 28, 0],
					"rotation": [0, -45, 0],
					"cubes": [
						{"origin": [-18.5, 25, -2], "size": [1, 9, 4], "uv": [23, 11]},
						{"origin": [-9.5, 25, -2], "size": [1, 9, 4], "uv": [23, 11]}
					]
				},
				{
					"name": "bone64",
					"parent": "merlin2",
					"pivot": [-13.5, 28, 0],
					"rotation": [0, -90, 0],
					"cubes": [
						{"origin": [-18.5, 25, -2], "size": [1, 9, 4], "uv": [23, 11]},
						{"origin": [-9.5, 25, -2], "size": [1, 9, 4], "uv": [23, 11]}
					]
				},
				{
					"name": "bone65",
					"parent": "merlin2",
					"pivot": [-13.5, 28, 0],
					"rotation": [0, -135, 0],
					"cubes": [
						{"origin": [-18.5, 25, -2], "size": [1, 9, 4], "uv": [23, 11]},
						{"origin": [-9.5, 25, -2], "size": [1, 9, 4], "uv": [23, 11]}
					]
				},
				{
					"name": "merlin3",
					"parent": "boosters",
					"pivot": [0, 25, 0],
					"rotation": [0, -45, 0],
					"cubes": [
						{"origin": [-16.5, 27, -3], "size": [6, 9, 6], "uv": [29, 0]}
					]
				},
				{
					"name": "bone66",
					"parent": "merlin3",
					"pivot": [-13.5, 28, 0],
					"cubes": [
						{"origin": [-18.5, 25, -2], "size": [1, 9, 4], "uv": [23, 11]},
						{"origin": [-9.5, 25, -2], "size": [1, 9, 4], "uv": [23, 11]}
					]
				},
				{
					"name": "bone67",
					"parent": "merlin3",
					"pivot": [-13.5, 28, 0],
					"rotation": [0, -45, 0],
					"cubes": [
						{"origin": [-18.5, 25, -2], "size": [1, 9, 4], "uv": [23, 11]},
						{"origin": [-9.5, 25, -2], "size": [1, 9, 4], "uv": [23, 11]}
					]
				},
				{
					"name": "bone68",
					"parent": "merlin3",
					"pivot": [-13.5, 28, 0],
					"rotation": [0, -90, 0],
					"cubes": [
						{"origin": [-18.5, 25, -2], "size": [1, 9, 4], "uv": [23, 11]},
						{"origin": [-9.5, 25, -2], "size": [1, 9, 4], "uv": [23, 11]}
					]
				},
				{
					"name": "bone69",
					"parent": "merlin3",
					"pivot": [-13.5, 28, 0],
					"rotation": [0, -135, 0],
					"cubes": [
						{"origin": [-18.5, 25, -2], "size": [1, 9, 4], "uv": [23, 11]},
						{"origin": [-9.5, 25, -2], "size": [1, 9, 4], "uv": [23, 11]}
					]
				},
				{
					"name": "merlin4",
					"parent": "boosters",
					"pivot": [0, 25, 0],
					"rotation": [0, -90, 0],
					"cubes": [
						{"origin": [-16.5, 27, -3], "size": [6, 9, 6], "uv": [29, 0]}
					]
				},
				{
					"name": "bone70",
					"parent": "merlin4",
					"pivot": [-13.5, 28, 0],
					"cubes": [
						{"origin": [-18.5, 25, -2], "size": [1, 9, 4], "uv": [23, 11]},
						{"origin": [-9.5, 25, -2], "size": [1, 9, 4], "uv": [23, 11]}
					]
				},
				{
					"name": "bone71",
					"parent": "merlin4",
					"pivot": [-13.5, 28, 0],
					"rotation": [0, -45, 0],
					"cubes": [
						{"origin": [-18.5, 25, -2], "size": [1, 9, 4], "uv": [23, 11]},
						{"origin": [-9.5, 25, -2], "size": [1, 9, 4], "uv": [23, 11]}
					]
				},
				{
					"name": "bone72",
					"parent": "merlin4",
					"pivot": [-13.5, 28, 0],
					"rotation": [0, -90, 0],
					"cubes": [
						{"origin": [-18.5, 25, -2], "size": [1, 9, 4], "uv": [23, 11]},
						{"origin": [-9.5, 25, -2], "size": [1, 9, 4], "uv": [23, 11]}
					]
				},
				{
					"name": "bone73",
					"parent": "merlin4",
					"pivot": [-13.5, 28, 0],
					"rotation": [0, -135, 0],
					"cubes": [
						{"origin": [-18.5, 25, -2], "size": [1, 9, 4], "uv": [23, 11]},
						{"origin": [-9.5, 25, -2], "size": [1, 9, 4], "uv": [23, 11]}
					]
				},
				{
					"name": "merlin5",
					"parent": "boosters",
					"pivot": [0, 25, 0],
					"rotation": [0, -135, 0],
					"cubes": [
						{"origin": [-16.5, 27, -3], "size": [6, 9, 6], "uv": [29, 0]}
					]
				},
				{
					"name": "bone74",
					"parent": "merlin5",
					"pivot": [-13.5, 28, 0],
					"cubes": [
						{"origin": [-18.5, 25, -2], "size": [1, 9, 4], "uv": [23, 11]},
						{"origin": [-9.5, 25, -2], "size": [1, 9, 4], "uv": [23, 11]}
					]
				},
				{
					"name": "bone75",
					"parent": "merlin5",
					"pivot": [-13.5, 28, 0],
					"rotation": [0, -45, 0],
					"cubes": [
						{"origin": [-18.5, 25, -2], "size": [1, 9, 4], "uv": [23, 11]},
						{"origin": [-9.5, 25, -2], "size": [1, 9, 4], "uv": [23, 11]}
					]
				},
				{
					"name": "bone97",
					"parent": "merlin5",
					"pivot": [-13.5, 28, 0],
					"rotation": [0, -90, 0],
					"cubes": [
						{"origin": [-18.5, 25, -2], "size": [1, 9, 4], "uv": [23, 11]},
						{"origin": [-9.5, 25, -2], "size": [1, 9, 4], "uv": [23, 11]}
					]
				},
				{
					"name": "bone98",
					"parent": "merlin5",
					"pivot": [-13.5, 28, 0],
					"rotation": [0, -135, 0],
					"cubes": [
						{"origin": [-18.5, 25, -2], "size": [1, 9, 4], "uv": [23, 11]},
						{"origin": [-9.5, 25, -2], "size": [1, 9, 4], "uv": [23, 11]}
					]
				},
				{
					"name": "merlin6",
					"parent": "boosters",
					"pivot": [0, 25, 0],
					"rotation": [0, 180, 0],
					"cubes": [
						{"origin": [-16.5, 27, -3], "size": [6, 9, 6], "uv": [29, 0]}
					]
				},
				{
					"name": "bone99",
					"parent": "merlin6",
					"pivot": [-13.5, 28, 0],
					"cubes": [
						{"origin": [-18.5, 25, -2], "size": [1, 9, 4], "uv": [23, 11]},
						{"origin": [-9.5, 25, -2], "size": [1, 9, 4], "uv": [23, 11]}
					]
				},
				{
					"name": "bone100",
					"parent": "merlin6",
					"pivot": [-13.5, 28, 0],
					"rotation": [0, -45, 0],
					"cubes": [
						{"origin": [-18.5, 25, -2], "size": [1, 9, 4], "uv": [23, 11]},
						{"origin": [-9.5, 25, -2], "size": [1, 9, 4], "uv": [23, 11]}
					]
				},
				{
					"name": "bone101",
					"parent": "merlin6",
					"pivot": [-13.5, 28, 0],
					"rotation": [0, -90, 0],
					"cubes": [
						{"origin": [-18.5, 25, -2], "size": [1, 9, 4], "uv": [23, 11]},
						{"origin": [-9.5, 25, -2], "size": [1, 9, 4], "uv": [23, 11]}
					]
				},
				{
					"name": "bone102",
					"parent": "merlin6",
					"pivot": [-13.5, 28, 0],
					"rotation": [0, -135, 0],
					"cubes": [
						{"origin": [-18.5, 25, -2], "size": [1, 9, 4], "uv": [23, 11]},
						{"origin": [-9.5, 25, -2], "size": [1, 9, 4], "uv": [23, 11]}
					]
				},
				{
					"name": "merlin7",
					"parent": "boosters",
					"pivot": [0, 25, 0],
					"rotation": [0, 135, 0],
					"cubes": [
						{"origin": [-16.5, 27, -3], "size": [6, 9, 6], "uv": [29, 0]}
					]
				},
				{
					"name": "bone103",
					"parent": "merlin7",
					"pivot": [-13.5, 28, 0],
					"cubes": [
						{"origin": [-18.5, 25, -2], "size": [1, 9, 4], "uv": [23, 11]},
						{"origin": [-9.5, 25, -2], "size": [1, 9, 4], "uv": [23, 11]}
					]
				},
				{
					"name": "bone104",
					"parent": "merlin7",
					"pivot": [-13.5, 28, 0],
					"rotation": [0, -45, 0],
					"cubes": [
						{"origin": [-18.5, 25, -2], "size": [1, 9, 4], "uv": [23, 11]},
						{"origin": [-9.5, 25, -2], "size": [1, 9, 4], "uv": [23, 11]}
					]
				},
				{
					"name": "bone105",
					"parent": "merlin7",
					"pivot": [-13.5, 28, 0],
					"rotation": [0, -90, 0],
					"cubes": [
						{"origin": [-18.5, 25, -2], "size": [1, 9, 4], "uv": [23, 11]},
						{"origin": [-9.5, 25, -2], "size": [1, 9, 4], "uv": [23, 11]}
					]
				},
				{
					"name": "bone106",
					"parent": "merlin7",
					"pivot": [-13.5, 28, 0],
					"rotation": [0, -135, 0],
					"cubes": [
						{"origin": [-18.5, 25, -2], "size": [1, 9, 4], "uv": [23, 11]},
						{"origin": [-9.5, 25, -2], "size": [1, 9, 4], "uv": [23, 11]}
					]
				},
				{
					"name": "merlin8",
					"parent": "boosters",
					"pivot": [0, 25, 0],
					"rotation": [0, 90, 0],
					"cubes": [
						{"origin": [-16.5, 27, -3], "size": [6, 9, 6], "uv": [29, 0]}
					]
				},
				{
					"name": "bone107",
					"parent": "merlin8",
					"pivot": [-13.5, 28, 0],
					"cubes": [
						{"origin": [-18.5, 25, -2], "size": [1, 9, 4], "uv": [23, 11]},
						{"origin": [-9.5, 25, -2], "size": [1, 9, 4], "uv": [23, 11]}
					]
				},
				{
					"name": "bone108",
					"parent": "merlin8",
					"pivot": [-13.5, 28, 0],
					"rotation": [0, -45, 0],
					"cubes": [
						{"origin": [-18.5, 25, -2], "size": [1, 9, 4], "uv": [23, 11]},
						{"origin": [-9.5, 25, -2], "size": [1, 9, 4], "uv": [23, 11]}
					]
				},
				{
					"name": "bone109",
					"parent": "merlin8",
					"pivot": [-13.5, 28, 0],
					"rotation": [0, -90, 0],
					"cubes": [
						{"origin": [-18.5, 25, -2], "size": [1, 9, 4], "uv": [23, 11]},
						{"origin": [-9.5, 25, -2], "size": [1, 9, 4], "uv": [23, 11]}
					]
				},
				{
					"name": "bone110",
					"parent": "merlin8",
					"pivot": [-13.5, 28, 0],
					"rotation": [0, -135, 0],
					"cubes": [
						{"origin": [-18.5, 25, -2], "size": [1, 9, 4], "uv": [23, 11]},
						{"origin": [-9.5, 25, -2], "size": [1, 9, 4], "uv": [23, 11]}
					]
				},
				{
					"name": "merlin9",
					"parent": "boosters",
					"pivot": [0, 25, 0],
					"rotation": [0, 45, 0],
					"cubes": [
						{"origin": [-16.5, 27, -3], "size": [6, 9, 6], "uv": [29, 0]}
					]
				},
				{
					"name": "bone111",
					"parent": "merlin9",
					"pivot": [-13.5, 28, 0],
					"cubes": [
						{"origin": [-18.5, 25, -2], "size": [1, 9, 4], "uv": [23, 11]},
						{"origin": [-9.5, 25, -2], "size": [1, 9, 4], "uv": [23, 11]}
					]
				},
				{
					"name": "bone112",
					"parent": "merlin9",
					"pivot": [-13.5, 28, 0],
					"rotation": [0, -45, 0],
					"cubes": [
						{"origin": [-18.5, 25, -2], "size": [1, 9, 4], "uv": [23, 11]},
						{"origin": [-9.5, 25, -2], "size": [1, 9, 4], "uv": [23, 11]}
					]
				},
				{
					"name": "bone113",
					"parent": "merlin9",
					"pivot": [-13.5, 28, 0],
					"rotation": [0, -90, 0],
					"cubes": [
						{"origin": [-18.5, 25, -2], "size": [1, 9, 4], "uv": [23, 11]},
						{"origin": [-9.5, 25, -2], "size": [1, 9, 4], "uv": [23, 11]}
					]
				},
				{
					"name": "bone114",
					"parent": "merlin9",
					"pivot": [-13.5, 28, 0],
					"rotation": [0, -135, 0],
					"cubes": [
						{"origin": [-18.5, 25, -2], "size": [1, 9, 4], "uv": [23, 11]},
						{"origin": [-9.5, 25, -2], "size": [1, 9, 4], "uv": [23, 11]}
					]
				},
				{
					"name": "merlin10",
					"parent": "boosters",
					"pivot": [0, 25, 0],
					"rotation": [0, 45, 0],
					"cubes": [
						{"origin": [-16.5, 27, -3], "size": [6, 9, 6], "uv": [29, 0]}
					]
				},
				{
					"name": "bone115",
					"parent": "merlin10",
					"pivot": [-13.5, 28, 0],
					"cubes": [
						{"origin": [-18.5, 25, -2], "size": [1, 9, 4], "uv": [23, 11]},
						{"origin": [-9.5, 25, -2], "size": [1, 9, 4], "uv": [23, 11]}
					]
				},
				{
					"name": "bone116",
					"parent": "merlin10",
					"pivot": [-13.5, 28, 0],
					"rotation": [0, -45, 0],
					"cubes": [
						{"origin": [-18.5, 25, -2], "size": [1, 9, 4], "uv": [23, 11]},
						{"origin": [-9.5, 25, -2], "size": [1, 9, 4], "uv": [23, 11]}
					]
				},
				{
					"name": "bone117",
					"parent": "merlin10",
					"pivot": [-13.5, 28, 0],
					"rotation": [0, -90, 0],
					"cubes": [
						{"origin": [-18.5, 25, -2], "size": [1, 9, 4], "uv": [23, 11]},
						{"origin": [-9.5, 25, -2], "size": [1, 9, 4], "uv": [23, 11]}
					]
				},
				{
					"name": "bone118",
					"parent": "merlin10",
					"pivot": [-13.5, 28, 0],
					"rotation": [0, -135, 0],
					"cubes": [
						{"origin": [-18.5, 25, -2], "size": [1, 9, 4], "uv": [23, 11]},
						{"origin": [-9.5, 25, -2], "size": [1, 9, 4], "uv": [23, 11]}
					]
				},
				{
					"name": "legs_main",
					"parent": "falcon9",
					"pivot": [0, 25, 0],
					"rotation": [0, -45, 0]
				},
				{
					"name": "lander",
					"parent": "legs_main",
					"pivot": [0, 25, 0]
				},
				{
					"name": "leg",
					"parent": "lander",
					"pivot": [0, 39, -17],
					"rotation": [110, 0, 0],
					"cubes": [
						{"origin": [-6, 36, -20], "size": [1, 110, 5], "pivot": [-5.5, 96, -19.5], "rotation": [0, 0, 5], "uv": [69, 141]},
						{"origin": [5, 36, -20], "size": [1, 110, 5], "pivot": [5.5, 96, -19.5], "rotation": [0, 0, -5], "uv": [69, 141]},
						{"origin": [5.82769, 35.53173, -22], "size": [1, 50, 5], "pivot": [6.32769, 60.53173, -19.5], "rotation": [5, 0, -10], "uv": [69, 141]},
						{"origin": [-6.82769, 35.53173, -22], "size": [1, 50, 5], "pivot": [-6.32769, 60.53173, -19.5], "rotation": [5, 0, 10], "uv": [69, 141]},
						{"origin": [-2, 84, -24], "size": [4, 1, 5], "uv": [66, 250]},
						{"origin": [-1.5, 145, -20], "size": [3, 1, 1], "uv": [66, 250]},
						{"origin": [-1.5, 84.5, -20.5], "size": [3, 61, 1], "pivot": [0, 134.5, -20], "rotation": [-4, 0, 0], "uv": [70, 194]},
						{"origin": [1.01904, 84.25188, -22.21421], "size": [6, 1, 1], "pivot": [4.01904, 84.75188, -21.71421], "rotation": [-0.5, -35, 0], "uv": [70, 194]},
						{"origin": [-6.98096, 84.25188, -22.21421], "size": [6, 1, 1], "pivot": [-3.98096, 84.75188, -21.71421], "rotation": [0.5, 35, 0], "uv": [70, 194]}
					]
				},
				{
					"name": "bone76",
					"parent": "leg",
					"pivot": [-4.66529, 98.25095, -23.0365],
					"cubes": [
						{"origin": [-4.46529, 84.25095, -23.5365], "size": [2, 51, 1], "pivot": [-2.46529, 84.25095, -23.0365], "rotation": [-4, 35, 0], "uv": [70, 194]},
						{"origin": [-5.46529, 84.25095, -23.5365], "size": [1, 37, 1], "pivot": [-2.46529, 84.25095, -23.0365], "rotation": [-4, 35, 0], "uv": [70, 194]},
						{"origin": [-6.46529, 84.25095, -23.5365], "size": [1, 22, 1], "pivot": [-2.46529, 84.25095, -23.0365], "rotation": [-4, 35, 0], "uv": [70, 194]},
						{"origin": [-7.46529, 84.25095, -23.5365], "size": [1, 13, 1], "pivot": [-2.46529, 84.25095, -23.0365], "rotation": [-4, 35, 0], "uv": [70, 194]},
						{"origin": [-2.46529, 84.25095, -23.5365], "size": [1, 17, 1], "pivot": [-2.46529, 84.25095, -23.0365], "rotation": [-4, 35, 0], "uv": [70, 194]}
					]
				},
				{
					"name": "bone77",
					"parent": "leg",
					"pivot": [4.83471, 98.25095, -23.0365],
					"rotation": [0, -70, 0],
					"cubes": [
						{"origin": [3.03471, 84.25095, -23.5365], "size": [2, 51, 1], "pivot": [7.03471, 84.25095, -23.0365], "rotation": [-4, 35, 0], "uv": [70, 194]},
						{"origin": [5.03471, 84.25095, -23.5365], "size": [1, 37, 1], "pivot": [7.03471, 84.25095, -23.0365], "rotation": [-4, 35, 0], "uv": [70, 194]},
						{"origin": [6.03471, 84.25095, -23.5365], "size": [1, 22, 1], "pivot": [7.03471, 84.25095, -23.0365], "rotation": [-4, 35, 0], "uv": [70, 194]},
						{"origin": [7.03471, 84.25095, -23.5365], "size": [1, 13, 1], "pivot": [7.03471, 84.25095, -23.0365], "rotation": [-4, 35, 0], "uv": [70, 194]},
						{"origin": [2.03471, 84.25095, -23.5365], "size": [1, 17, 1], "pivot": [7.03471, 84.25095, -23.0365], "rotation": [-4, 35, 0], "uv": [70, 194]}
					]
				},
				{
					"name": "bone78",
					"parent": "leg",
					"pivot": [7.03471, 84.25095, -23.0365],
					"cubes": [
						{"origin": [7.70304, 43.26141, -19.77877], "size": [1, 41, 1], "pivot": [9.20304, 63.76141, -19.52877], "rotation": [-0.5, -35, -5], "uv": [70, 194]},
						{"origin": [6.70304, 50.26141, -19.77877], "size": [1, 34, 1], "pivot": [9.20304, 63.76141, -19.52877], "rotation": [-0.5, -35, -5], "uv": [70, 194]},
						{"origin": [5.70304, 57.26141, -19.77877], "size": [1, 27, 1], "pivot": [9.20304, 63.76141, -19.52877], "rotation": [-0.5, -35, -5], "uv": [70, 194]},
						{"origin": [4.70304, 65.26141, -19.77877], "size": [1, 19, 1], "pivot": [9.20304, 63.76141, -19.52877], "rotation": [-0.5, -35, -5], "uv": [70, 194]},
						{"origin": [3.70304, 73.26141, -19.77877], "size": [1, 11, 1], "pivot": [9.20304, 63.76141, -19.52877], "rotation": [-0.5, -35, -5], "uv": [70, 194]},
						{"origin": [3.20304, 84.26141, -19.77877], "size": [5.5, 1, 1], "pivot": [9.20304, 63.76141, -19.52877], "rotation": [-0.5, -35, -5], "uv": [70, 194]}
					]
				},
				{
					"name": "bone79",
					"parent": "leg",
					"pivot": [6.66137, 72.34474, -14.27877],
					"rotation": [-5, 35, 0],
					"cubes": [
						{"origin": [-1.67539, 41.29214, -28.27723], "size": [1, 41, 1], "pivot": [9.70304, 62.76141, -14.52877], "rotation": [1.5, 5, 5], "uv": [70, 194]},
						{"origin": [-0.67539, 48.29214, -28.27723], "size": [1, 34, 1], "pivot": [9.70304, 62.76141, -14.52877], "rotation": [1.5, 5, 5], "uv": [70, 194]},
						{"origin": [0.32461, 55.29214, -28.27723], "size": [1, 27, 1], "pivot": [9.70304, 62.76141, -14.52877], "rotation": [1.5, 5, 5], "uv": [70, 194]},
						{"origin": [1.32461, 63.29214, -28.27723], "size": [1, 19, 1], "pivot": [9.70304, 62.76141, -14.52877], "rotation": [1.5, 5, 5], "uv": [70, 194]},
						{"origin": [2.32461, 71.29214, -28.27723], "size": [1, 11, 1], "pivot": [9.70304, 62.76141, -14.52877], "rotation": [1.5, 5, 5], "uv": [70, 194]},
						{"origin": [-1.67539, 82.29214, -28.27723], "size": [5.5, 1, 1], "pivot": [9.70304, 62.76141, -14.52877], "rotation": [1.5, 5, 5], "uv": [70, 194]}
					]
				},
				{
					"name": "bone80",
					"parent": "leg",
					"pivot": [0, 84, -19],
					"cubes": [
						{"origin": [-1, 84.12729, -19.12773], "size": [2, 62, 1], "pivot": [0, 84, -19], "rotation": [-3, 0, 0], "uv": [72, 155]},
						{"origin": [-1, 23.21573, -6.03306], "size": [2, 92, 1], "pivot": [0, 83.21573, -5.53306], "rotation": [22, 0, 0], "uv": [72, 155]},
						{"origin": [1, 84.12729, -19.12773], "size": [1, 57.5, 1], "pivot": [0, 84, -19], "rotation": [-3, 0, 0], "uv": [72, 155]},
						{"origin": [-2, 84.12729, -19.12773], "size": [1, 57.5, 1], "pivot": [0, 84, -19], "rotation": [-3, 0, 0], "uv": [72, 155]},
						{"origin": [2, 84.12729, -19.12773], "size": [1, 46, 1], "pivot": [0, 84, -19], "rotation": [-3, 0, 0], "uv": [72, 155]},
						{"origin": [-3, 84.12729, -19.12773], "size": [1, 46, 1], "pivot": [0, 84, -19], "rotation": [-3, 0, 0], "uv": [72, 155]},
						{"origin": [3, 84.12729, -19.12773], "size": [1, 34.5, 1], "pivot": [0, 84, -19], "rotation": [-3, 0, 0], "uv": [72, 155]},
						{"origin": [-4, 84.12729, -19.12773], "size": [1, 34.5, 1], "pivot": [0, 84, -19], "rotation": [-3, 0, 0], "uv": [72, 155]},
						{"origin": [4, 84.12729, -19.12773], "size": [1, 23, 1], "pivot": [0, 84, -19], "rotation": [-3, 0, 0], "uv": [72, 155]},
						{"origin": [-5, 84.12729, -19.12773], "size": [1, 23, 1], "pivot": [0, 84, -19], "rotation": [-3, 0, 0], "uv": [72, 155]},
						{"origin": [5, 84.12729, -19.12773], "size": [1, 11.5, 1], "pivot": [0, 84, -19], "rotation": [-3, 0, 0], "uv": [72, 155]},
						{"origin": [-6, 84.12729, -19.12773], "size": [1, 11.5, 1], "pivot": [0, 84, -19], "rotation": [-3, 0, 0], "uv": [72, 155]},
						{"origin": [-1, 145.18153, -22.15968], "size": [2, 1, 3], "pivot": [0, 84, -19], "rotation": [-3, 0, 0], "uv": [69, 152]}
					]
				},
				{
					"name": "lander2",
					"parent": "legs_main",
					"pivot": [0, 25, 0],
					"rotation": [0, -90, 0]
				},
				{
					"name": "leg2",
					"parent": "lander2",
					"pivot": [0, 39, -17],
					"rotation": [110, 0, 0],
					"cubes": [
						{"origin": [-6, 36, -20], "size": [1, 110, 5], "pivot": [-5.5, 96, -19.5], "rotation": [0, 0, 5], "uv": [69, 141]},
						{"origin": [5, 36, -20], "size": [1, 110, 5], "pivot": [5.5, 96, -19.5], "rotation": [0, 0, -5], "uv": [69, 141]},
						{"origin": [5.82769, 35.53173, -22], "size": [1, 50, 5], "pivot": [6.32769, 60.53173, -19.5], "rotation": [5, 0, -10], "uv": [69, 141]},
						{"origin": [-6.82769, 35.53173, -22], "size": [1, 50, 5], "pivot": [-6.32769, 60.53173, -19.5], "rotation": [5, 0, 10], "uv": [69, 141]},
						{"origin": [-2, 84, -24], "size": [4, 1, 5], "uv": [66, 250]},
						{"origin": [-1.5, 145, -20], "size": [3, 1, 1], "uv": [66, 250]},
						{"origin": [-1.5, 84.5, -20.5], "size": [3, 61, 1], "pivot": [0, 134.5, -20], "rotation": [-4, 0, 0], "uv": [70, 194]},
						{"origin": [1.01904, 84.25188, -22.21421], "size": [6, 1, 1], "pivot": [4.01904, 84.75188, -21.71421], "rotation": [-0.5, -35, 0], "uv": [70, 194]},
						{"origin": [-6.98096, 84.25188, -22.21421], "size": [6, 1, 1], "pivot": [-3.98096, 84.75188, -21.71421], "rotation": [0.5, 35, 0], "uv": [70, 194]}
					]
				},
				{
					"name": "bone81",
					"parent": "leg2",
					"pivot": [-4.66529, 98.25095, -23.0365],
					"cubes": [
						{"origin": [-4.46529, 84.25095, -23.5365], "size": [2, 51, 1], "pivot": [-2.46529, 84.25095, -23.0365], "rotation": [-4, 35, 0], "uv": [70, 194]},
						{"origin": [-5.46529, 84.25095, -23.5365], "size": [1, 37, 1], "pivot": [-2.46529, 84.25095, -23.0365], "rotation": [-4, 35, 0], "uv": [70, 194]},
						{"origin": [-6.46529, 84.25095, -23.5365], "size": [1, 22, 1], "pivot": [-2.46529, 84.25095, -23.0365], "rotation": [-4, 35, 0], "uv": [70, 194]},
						{"origin": [-7.46529, 84.25095, -23.5365], "size": [1, 13, 1], "pivot": [-2.46529, 84.25095, -23.0365], "rotation": [-4, 35, 0], "uv": [70, 194]},
						{"origin": [-2.46529, 84.25095, -23.5365], "size": [1, 17, 1], "pivot": [-2.46529, 84.25095, -23.0365], "rotation": [-4, 35, 0], "uv": [70, 194]}
					]
				},
				{
					"name": "bone82",
					"parent": "leg2",
					"pivot": [4.83471, 98.25095, -23.0365],
					"rotation": [0, -70, 0],
					"cubes": [
						{"origin": [3.03471, 84.25095, -23.5365], "size": [2, 51, 1], "pivot": [7.03471, 84.25095, -23.0365], "rotation": [-4, 35, 0], "uv": [70, 194]},
						{"origin": [5.03471, 84.25095, -23.5365], "size": [1, 37, 1], "pivot": [7.03471, 84.25095, -23.0365], "rotation": [-4, 35, 0], "uv": [70, 194]},
						{"origin": [6.03471, 84.25095, -23.5365], "size": [1, 22, 1], "pivot": [7.03471, 84.25095, -23.0365], "rotation": [-4, 35, 0], "uv": [70, 194]},
						{"origin": [7.03471, 84.25095, -23.5365], "size": [1, 13, 1], "pivot": [7.03471, 84.25095, -23.0365], "rotation": [-4, 35, 0], "uv": [70, 194]},
						{"origin": [2.03471, 84.25095, -23.5365], "size": [1, 17, 1], "pivot": [7.03471, 84.25095, -23.0365], "rotation": [-4, 35, 0], "uv": [70, 194]}
					]
				},
				{
					"name": "bone83",
					"parent": "leg2",
					"pivot": [7.03471, 84.25095, -23.0365],
					"cubes": [
						{"origin": [7.70304, 43.26141, -19.77877], "size": [1, 41, 1], "pivot": [9.20304, 63.76141, -19.52877], "rotation": [-0.5, -35, -5], "uv": [70, 194]},
						{"origin": [6.70304, 50.26141, -19.77877], "size": [1, 34, 1], "pivot": [9.20304, 63.76141, -19.52877], "rotation": [-0.5, -35, -5], "uv": [70, 194]},
						{"origin": [5.70304, 57.26141, -19.77877], "size": [1, 27, 1], "pivot": [9.20304, 63.76141, -19.52877], "rotation": [-0.5, -35, -5], "uv": [70, 194]},
						{"origin": [4.70304, 65.26141, -19.77877], "size": [1, 19, 1], "pivot": [9.20304, 63.76141, -19.52877], "rotation": [-0.5, -35, -5], "uv": [70, 194]},
						{"origin": [3.70304, 73.26141, -19.77877], "size": [1, 11, 1], "pivot": [9.20304, 63.76141, -19.52877], "rotation": [-0.5, -35, -5], "uv": [70, 194]},
						{"origin": [3.20304, 84.26141, -19.77877], "size": [5.5, 1, 1], "pivot": [9.20304, 63.76141, -19.52877], "rotation": [-0.5, -35, -5], "uv": [70, 194]}
					]
				},
				{
					"name": "bone84",
					"parent": "leg2",
					"pivot": [6.66137, 72.34474, -14.27877],
					"rotation": [-5, 35, 0],
					"cubes": [
						{"origin": [-1.67539, 41.29214, -28.27723], "size": [1, 41, 1], "pivot": [9.70304, 62.76141, -14.52877], "rotation": [1.5, 5, 5], "uv": [70, 194]},
						{"origin": [-0.67539, 48.29214, -28.27723], "size": [1, 34, 1], "pivot": [9.70304, 62.76141, -14.52877], "rotation": [1.5, 5, 5], "uv": [70, 194]},
						{"origin": [0.32461, 55.29214, -28.27723], "size": [1, 27, 1], "pivot": [9.70304, 62.76141, -14.52877], "rotation": [1.5, 5, 5], "uv": [70, 194]},
						{"origin": [1.32461, 63.29214, -28.27723], "size": [1, 19, 1], "pivot": [9.70304, 62.76141, -14.52877], "rotation": [1.5, 5, 5], "uv": [70, 194]},
						{"origin": [2.32461, 71.29214, -28.27723], "size": [1, 11, 1], "pivot": [9.70304, 62.76141, -14.52877], "rotation": [1.5, 5, 5], "uv": [70, 194]},
						{"origin": [-1.67539, 82.29214, -28.27723], "size": [5.5, 1, 1], "pivot": [9.70304, 62.76141, -14.52877], "rotation": [1.5, 5, 5], "uv": [70, 194]}
					]
				},
				{
					"name": "bone85",
					"parent": "leg2",
					"pivot": [0, 84, -19],
					"cubes": [
						{"origin": [-1, 84.12729, -19.12773], "size": [2, 62, 1], "pivot": [0, 84, -19], "rotation": [-3, 0, 0], "uv": [72, 155]},
						{"origin": [-1, 23.21573, -6.03306], "size": [2, 92, 1], "pivot": [0, 83.21573, -5.53306], "rotation": [22, 0, 0], "uv": [72, 155]},
						{"origin": [1, 84.12729, -19.12773], "size": [1, 57.5, 1], "pivot": [0, 84, -19], "rotation": [-3, 0, 0], "uv": [72, 155]},
						{"origin": [-2, 84.12729, -19.12773], "size": [1, 57.5, 1], "pivot": [0, 84, -19], "rotation": [-3, 0, 0], "uv": [72, 155]},
						{"origin": [2, 84.12729, -19.12773], "size": [1, 46, 1], "pivot": [0, 84, -19], "rotation": [-3, 0, 0], "uv": [72, 155]},
						{"origin": [-3, 84.12729, -19.12773], "size": [1, 46, 1], "pivot": [0, 84, -19], "rotation": [-3, 0, 0], "uv": [72, 155]},
						{"origin": [3, 84.12729, -19.12773], "size": [1, 34.5, 1], "pivot": [0, 84, -19], "rotation": [-3, 0, 0], "uv": [72, 155]},
						{"origin": [-4, 84.12729, -19.12773], "size": [1, 34.5, 1], "pivot": [0, 84, -19], "rotation": [-3, 0, 0], "uv": [72, 155]},
						{"origin": [4, 84.12729, -19.12773], "size": [1, 23, 1], "pivot": [0, 84, -19], "rotation": [-3, 0, 0], "uv": [72, 155]},
						{"origin": [-5, 84.12729, -19.12773], "size": [1, 23, 1], "pivot": [0, 84, -19], "rotation": [-3, 0, 0], "uv": [72, 155]},
						{"origin": [5, 84.12729, -19.12773], "size": [1, 11.5, 1], "pivot": [0, 84, -19], "rotation": [-3, 0, 0], "uv": [72, 155]},
						{"origin": [-6, 84.12729, -19.12773], "size": [1, 11.5, 1], "pivot": [0, 84, -19], "rotation": [-3, 0, 0], "uv": [72, 155]},
						{"origin": [-1, 145.18153, -22.15968], "size": [2, 1, 3], "pivot": [0, 84, -19], "rotation": [-3, 0, 0], "uv": [69, 152]}
					]
				},
				{
					"name": "lander3",
					"parent": "legs_main",
					"pivot": [0, 25, 0],
					"rotation": [0, 180, 0]
				},
				{
					"name": "leg3",
					"parent": "lander3",
					"pivot": [0, 39, -17],
					"rotation": [110, 0, 0],
					"cubes": [
						{"origin": [-6, 36, -20], "size": [1, 110, 5], "pivot": [-5.5, 96, -19.5], "rotation": [0, 0, 5], "uv": [69, 141]},
						{"origin": [5, 36, -20], "size": [1, 110, 5], "pivot": [5.5, 96, -19.5], "rotation": [0, 0, -5], "uv": [69, 141]},
						{"origin": [5.82769, 35.53173, -22], "size": [1, 50, 5], "pivot": [6.32769, 60.53173, -19.5], "rotation": [5, 0, -10], "uv": [69, 141]},
						{"origin": [-6.82769, 35.53173, -22], "size": [1, 50, 5], "pivot": [-6.32769, 60.53173, -19.5], "rotation": [5, 0, 10], "uv": [69, 141]},
						{"origin": [-2, 84, -24], "size": [4, 1, 5], "uv": [66, 250]},
						{"origin": [-1.5, 145, -20], "size": [3, 1, 1], "uv": [66, 250]},
						{"origin": [-1.5, 84.5, -20.5], "size": [3, 61, 1], "pivot": [0, 134.5, -20], "rotation": [-4, 0, 0], "uv": [70, 194]},
						{"origin": [1.01904, 84.25188, -22.21421], "size": [6, 1, 1], "pivot": [4.01904, 84.75188, -21.71421], "rotation": [-0.5, -35, 0], "uv": [70, 194]},
						{"origin": [-6.98096, 84.25188, -22.21421], "size": [6, 1, 1], "pivot": [-3.98096, 84.75188, -21.71421], "rotation": [0.5, 35, 0], "uv": [70, 194]}
					]
				},
				{
					"name": "bone86",
					"parent": "leg3",
					"pivot": [-4.66529, 98.25095, -23.0365],
					"cubes": [
						{"origin": [-4.46529, 84.25095, -23.5365], "size": [2, 51, 1], "pivot": [-2.46529, 84.25095, -23.0365], "rotation": [-4, 35, 0], "uv": [70, 194]},
						{"origin": [-5.46529, 84.25095, -23.5365], "size": [1, 37, 1], "pivot": [-2.46529, 84.25095, -23.0365], "rotation": [-4, 35, 0], "uv": [70, 194]},
						{"origin": [-6.46529, 84.25095, -23.5365], "size": [1, 22, 1], "pivot": [-2.46529, 84.25095, -23.0365], "rotation": [-4, 35, 0], "uv": [70, 194]},
						{"origin": [-7.46529, 84.25095, -23.5365], "size": [1, 13, 1], "pivot": [-2.46529, 84.25095, -23.0365], "rotation": [-4, 35, 0], "uv": [70, 194]},
						{"origin": [-2.46529, 84.25095, -23.5365], "size": [1, 17, 1], "pivot": [-2.46529, 84.25095, -23.0365], "rotation": [-4, 35, 0], "uv": [70, 194]}
					]
				},
				{
					"name": "bone87",
					"parent": "leg3",
					"pivot": [4.83471, 98.25095, -23.0365],
					"rotation": [0, -70, 0],
					"cubes": [
						{"origin": [3.03471, 84.25095, -23.5365], "size": [2, 51, 1], "pivot": [7.03471, 84.25095, -23.0365], "rotation": [-4, 35, 0], "uv": [70, 194]},
						{"origin": [5.03471, 84.25095, -23.5365], "size": [1, 37, 1], "pivot": [7.03471, 84.25095, -23.0365], "rotation": [-4, 35, 0], "uv": [70, 194]},
						{"origin": [6.03471, 84.25095, -23.5365], "size": [1, 22, 1], "pivot": [7.03471, 84.25095, -23.0365], "rotation": [-4, 35, 0], "uv": [70, 194]},
						{"origin": [7.03471, 84.25095, -23.5365], "size": [1, 13, 1], "pivot": [7.03471, 84.25095, -23.0365], "rotation": [-4, 35, 0], "uv": [70, 194]},
						{"origin": [2.03471, 84.25095, -23.5365], "size": [1, 17, 1], "pivot": [7.03471, 84.25095, -23.0365], "rotation": [-4, 35, 0], "uv": [70, 194]}
					]
				},
				{
					"name": "bone88",
					"parent": "leg3",
					"pivot": [7.03471, 84.25095, -23.0365],
					"cubes": [
						{"origin": [7.70304, 43.26141, -19.77877], "size": [1, 41, 1], "pivot": [9.20304, 63.76141, -19.52877], "rotation": [-0.5, -35, -5], "uv": [70, 194]},
						{"origin": [6.70304, 50.26141, -19.77877], "size": [1, 34, 1], "pivot": [9.20304, 63.76141, -19.52877], "rotation": [-0.5, -35, -5], "uv": [70, 194]},
						{"origin": [5.70304, 57.26141, -19.77877], "size": [1, 27, 1], "pivot": [9.20304, 63.76141, -19.52877], "rotation": [-0.5, -35, -5], "uv": [70, 194]},
						{"origin": [4.70304, 65.26141, -19.77877], "size": [1, 19, 1], "pivot": [9.20304, 63.76141, -19.52877], "rotation": [-0.5, -35, -5], "uv": [70, 194]},
						{"origin": [3.70304, 73.26141, -19.77877], "size": [1, 11, 1], "pivot": [9.20304, 63.76141, -19.52877], "rotation": [-0.5, -35, -5], "uv": [70, 194]},
						{"origin": [3.20304, 84.26141, -19.77877], "size": [5.5, 1, 1], "pivot": [9.20304, 63.76141, -19.52877], "rotation": [-0.5, -35, -5], "uv": [70, 194]}
					]
				},
				{
					"name": "bone89",
					"parent": "leg3",
					"pivot": [6.66137, 72.34474, -14.27877],
					"rotation": [-5, 35, 0],
					"cubes": [
						{"origin": [-1.67539, 41.29214, -28.27723], "size": [1, 41, 1], "pivot": [9.70304, 62.76141, -14.52877], "rotation": [1.5, 5, 5], "uv": [70, 194]},
						{"origin": [-0.67539, 48.29214, -28.27723], "size": [1, 34, 1], "pivot": [9.70304, 62.76141, -14.52877], "rotation": [1.5, 5, 5], "uv": [70, 194]},
						{"origin": [0.32461, 55.29214, -28.27723], "size": [1, 27, 1], "pivot": [9.70304, 62.76141, -14.52877], "rotation": [1.5, 5, 5], "uv": [70, 194]},
						{"origin": [1.32461, 63.29214, -28.27723], "size": [1, 19, 1], "pivot": [9.70304, 62.76141, -14.52877], "rotation": [1.5, 5, 5], "uv": [70, 194]},
						{"origin": [2.32461, 71.29214, -28.27723], "size": [1, 11, 1], "pivot": [9.70304, 62.76141, -14.52877], "rotation": [1.5, 5, 5], "uv": [70, 194]},
						{"origin": [-1.67539, 82.29214, -28.27723], "size": [5.5, 1, 1], "pivot": [9.70304, 62.76141, -14.52877], "rotation": [1.5, 5, 5], "uv": [70, 194]}
					]
				},
				{
					"name": "bone90",
					"parent": "leg3",
					"pivot": [0, 84, -19],
					"cubes": [
						{"origin": [-1, 84.12729, -19.12773], "size": [2, 62, 1], "pivot": [0, 84, -19], "rotation": [-3, 0, 0], "uv": [72, 155]},
						{"origin": [-1, 23.21573, -6.03306], "size": [2, 92, 1], "pivot": [0, 83.21573, -5.53306], "rotation": [22, 0, 0], "uv": [72, 155]},
						{"origin": [1, 84.12729, -19.12773], "size": [1, 57.5, 1], "pivot": [0, 84, -19], "rotation": [-3, 0, 0], "uv": [72, 155]},
						{"origin": [-2, 84.12729, -19.12773], "size": [1, 57.5, 1], "pivot": [0, 84, -19], "rotation": [-3, 0, 0], "uv": [72, 155]},
						{"origin": [2, 84.12729, -19.12773], "size": [1, 46, 1], "pivot": [0, 84, -19], "rotation": [-3, 0, 0], "uv": [72, 155]},
						{"origin": [-3, 84.12729, -19.12773], "size": [1, 46, 1], "pivot": [0, 84, -19], "rotation": [-3, 0, 0], "uv": [72, 155]},
						{"origin": [3, 84.12729, -19.12773], "size": [1, 34.5, 1], "pivot": [0, 84, -19], "rotation": [-3, 0, 0], "uv": [72, 155]},
						{"origin": [-4, 84.12729, -19.12773], "size": [1, 34.5, 1], "pivot": [0, 84, -19], "rotation": [-3, 0, 0], "uv": [72, 155]},
						{"origin": [4, 84.12729, -19.12773], "size": [1, 23, 1], "pivot": [0, 84, -19], "rotation": [-3, 0, 0], "uv": [72, 155]},
						{"origin": [-5, 84.12729, -19.12773], "size": [1, 23, 1], "pivot": [0, 84, -19], "rotation": [-3, 0, 0], "uv": [72, 155]},
						{"origin": [5, 84.12729, -19.12773], "size": [1, 11.5, 1], "pivot": [0, 84, -19], "rotation": [-3, 0, 0], "uv": [72, 155]},
						{"origin": [-6, 84.12729, -19.12773], "size": [1, 11.5, 1], "pivot": [0, 84, -19], "rotation": [-3, 0, 0], "uv": [72, 155]},
						{"origin": [-1, 145.18153, -22.15968], "size": [2, 1, 3], "pivot": [0, 84, -19], "rotation": [-3, 0, 0], "uv": [69, 152]}
					]
				},
				{
					"name": "lander4",
					"parent": "legs_main",
					"pivot": [0, 25, 0],
					"rotation": [0, 90, 0]
				},
				{
					"name": "leg4",
					"parent": "lander4",
					"pivot": [0, 39, -17],
					"rotation": [110, 0, 0],
					"cubes": [
						{"origin": [-6, 36, -20], "size": [1, 110, 5], "pivot": [-5.5, 96, -19.5], "rotation": [0, 0, 5], "uv": [69, 141]},
						{"origin": [5, 36, -20], "size": [1, 110, 5], "pivot": [5.5, 96, -19.5], "rotation": [0, 0, -5], "uv": [69, 141]},
						{"origin": [5.82769, 35.53173, -22], "size": [1, 50, 5], "pivot": [6.32769, 60.53173, -19.5], "rotation": [5, 0, -10], "uv": [69, 141]},
						{"origin": [-6.82769, 35.53173, -22], "size": [1, 50, 5], "pivot": [-6.32769, 60.53173, -19.5], "rotation": [5, 0, 10], "uv": [69, 141]},
						{"origin": [-2, 84, -24], "size": [4, 1, 5], "uv": [66, 250]},
						{"origin": [-1.5, 145, -20], "size": [3, 1, 1], "uv": [66, 250]},
						{"origin": [-1.5, 84.5, -20.5], "size": [3, 61, 1], "pivot": [0, 134.5, -20], "rotation": [-4, 0, 0], "uv": [70, 194]},
						{"origin": [1.01904, 84.25188, -22.21421], "size": [6, 1, 1], "pivot": [4.01904, 84.75188, -21.71421], "rotation": [-0.5, -35, 0], "uv": [70, 194]},
						{"origin": [-6.98096, 84.25188, -22.21421], "size": [6, 1, 1], "pivot": [-3.98096, 84.75188, -21.71421], "rotation": [0.5, 35, 0], "uv": [70, 194]}
					]
				},
				{
					"name": "bone91",
					"parent": "leg4",
					"pivot": [-4.66529, 98.25095, -23.0365],
					"cubes": [
						{"origin": [-4.46529, 84.25095, -23.5365], "size": [2, 51, 1], "pivot": [-2.46529, 84.25095, -23.0365], "rotation": [-4, 35, 0], "uv": [70, 194]},
						{"origin": [-5.46529, 84.25095, -23.5365], "size": [1, 37, 1], "pivot": [-2.46529, 84.25095, -23.0365], "rotation": [-4, 35, 0], "uv": [70, 194]},
						{"origin": [-6.46529, 84.25095, -23.5365], "size": [1, 22, 1], "pivot": [-2.46529, 84.25095, -23.0365], "rotation": [-4, 35, 0], "uv": [70, 194]},
						{"origin": [-7.46529, 84.25095, -23.5365], "size": [1, 13, 1], "pivot": [-2.46529, 84.25095, -23.0365], "rotation": [-4, 35, 0], "uv": [70, 194]},
						{"origin": [-2.46529, 84.25095, -23.5365], "size": [1, 17, 1], "pivot": [-2.46529, 84.25095, -23.0365], "rotation": [-4, 35, 0], "uv": [70, 194]}
					]
				},
				{
					"name": "bone93",
					"parent": "leg4",
					"pivot": [4.83471, 98.25095, -23.0365],
					"rotation": [0, -70, 0],
					"cubes": [
						{"origin": [3.03471, 84.25095, -23.5365], "size": [2, 51, 1], "pivot": [7.03471, 84.25095, -23.0365], "rotation": [-4, 35, 0], "uv": [70, 194]},
						{"origin": [5.03471, 84.25095, -23.5365], "size": [1, 37, 1], "pivot": [7.03471, 84.25095, -23.0365], "rotation": [-4, 35, 0], "uv": [70, 194]},
						{"origin": [6.03471, 84.25095, -23.5365], "size": [1, 22, 1], "pivot": [7.03471, 84.25095, -23.0365], "rotation": [-4, 35, 0], "uv": [70, 194]},
						{"origin": [7.03471, 84.25095, -23.5365], "size": [1, 13, 1], "pivot": [7.03471, 84.25095, -23.0365], "rotation": [-4, 35, 0], "uv": [70, 194]},
						{"origin": [2.03471, 84.25095, -23.5365], "size": [1, 17, 1], "pivot": [7.03471, 84.25095, -23.0365], "rotation": [-4, 35, 0], "uv": [70, 194]}
					]
				},
				{
					"name": "bone94",
					"parent": "leg4",
					"pivot": [7.03471, 84.25095, -23.0365],
					"cubes": [
						{"origin": [7.70304, 43.26141, -19.77877], "size": [1, 41, 1], "pivot": [9.20304, 63.76141, -19.52877], "rotation": [-0.5, -35, -5], "uv": [70, 194]},
						{"origin": [6.70304, 50.26141, -19.77877], "size": [1, 34, 1], "pivot": [9.20304, 63.76141, -19.52877], "rotation": [-0.5, -35, -5], "uv": [70, 194]},
						{"origin": [5.70304, 57.26141, -19.77877], "size": [1, 27, 1], "pivot": [9.20304, 63.76141, -19.52877], "rotation": [-0.5, -35, -5], "uv": [70, 194]},
						{"origin": [4.70304, 65.26141, -19.77877], "size": [1, 19, 1], "pivot": [9.20304, 63.76141, -19.52877], "rotation": [-0.5, -35, -5], "uv": [70, 194]},
						{"origin": [3.70304, 73.26141, -19.77877], "size": [1, 11, 1], "pivot": [9.20304, 63.76141, -19.52877], "rotation": [-0.5, -35, -5], "uv": [70, 194]},
						{"origin": [3.20304, 84.26141, -19.77877], "size": [5.5, 1, 1], "pivot": [9.20304, 63.76141, -19.52877], "rotation": [-0.5, -35, -5], "uv": [70, 194]}
					]
				},
				{
					"name": "bone95",
					"parent": "leg4",
					"pivot": [6.66137, 72.34474, -14.27877],
					"rotation": [-5, 35, 0],
					"cubes": [
						{"origin": [-1.67539, 41.29214, -28.27723], "size": [1, 41, 1], "pivot": [9.70304, 62.76141, -14.52877], "rotation": [1.5, 5, 5], "uv": [70, 194]},
						{"origin": [-0.67539, 48.29214, -28.27723], "size": [1, 34, 1], "pivot": [9.70304, 62.76141, -14.52877], "rotation": [1.5, 5, 5], "uv": [70, 194]},
						{"origin": [0.32461, 55.29214, -28.27723], "size": [1, 27, 1], "pivot": [9.70304, 62.76141, -14.52877], "rotation": [1.5, 5, 5], "uv": [70, 194]},
						{"origin": [1.32461, 63.29214, -28.27723], "size": [1, 19, 1], "pivot": [9.70304, 62.76141, -14.52877], "rotation": [1.5, 5, 5], "uv": [70, 194]},
						{"origin": [2.32461, 71.29214, -28.27723], "size": [1, 11, 1], "pivot": [9.70304, 62.76141, -14.52877], "rotation": [1.5, 5, 5], "uv": [70, 194]},
						{"origin": [-1.67539, 82.29214, -28.27723], "size": [5.5, 1, 1], "pivot": [9.70304, 62.76141, -14.52877], "rotation": [1.5, 5, 5], "uv": [70, 194]}
					]
				},
				{
					"name": "bone96",
					"parent": "leg4",
					"pivot": [0, 84, -19],
					"cubes": [
						{"origin": [-1, 84.12729, -19.12773], "size": [2, 62, 1], "pivot": [0, 84, -19], "rotation": [-3, 0, 0], "uv": [72, 155]},
						{"origin": [-1, 23.21573, -6.03306], "size": [2, 92, 1], "pivot": [0, 83.21573, -5.53306], "rotation": [22, 0, 0], "uv": [72, 155]},
						{"origin": [1, 84.12729, -19.12773], "size": [1, 57.5, 1], "pivot": [0, 84, -19], "rotation": [-3, 0, 0], "uv": [72, 155]},
						{"origin": [-2, 84.12729, -19.12773], "size": [1, 57.5, 1], "pivot": [0, 84, -19], "rotation": [-3, 0, 0], "uv": [72, 155]},
						{"origin": [2, 84.12729, -19.12773], "size": [1, 46, 1], "pivot": [0, 84, -19], "rotation": [-3, 0, 0], "uv": [72, 155]},
						{"origin": [-3, 84.12729, -19.12773], "size": [1, 46, 1], "pivot": [0, 84, -19], "rotation": [-3, 0, 0], "uv": [72, 155]},
						{"origin": [3, 84.12729, -19.12773], "size": [1, 34.5, 1], "pivot": [0, 84, -19], "rotation": [-3, 0, 0], "uv": [72, 155]},
						{"origin": [-4, 84.12729, -19.12773], "size": [1, 34.5, 1], "pivot": [0, 84, -19], "rotation": [-3, 0, 0], "uv": [72, 155]},
						{"origin": [4, 84.12729, -19.12773], "size": [1, 23, 1], "pivot": [0, 84, -19], "rotation": [-3, 0, 0], "uv": [72, 155]},
						{"origin": [-5, 84.12729, -19.12773], "size": [1, 23, 1], "pivot": [0, 84, -19], "rotation": [-3, 0, 0], "uv": [72, 155]},
						{"origin": [5, 84.12729, -19.12773], "size": [1, 11.5, 1], "pivot": [0, 84, -19], "rotation": [-3, 0, 0], "uv": [72, 155]},
						{"origin": [-6, 84.12729, -19.12773], "size": [1, 11.5, 1], "pivot": [0, 84, -19], "rotation": [-3, 0, 0], "uv": [72, 155]},
						{"origin": [-1, 145.18153, -22.15968], "size": [2, 1, 3], "pivot": [0, 84, -19], "rotation": [-3, 0, 0], "uv": [69, 152]}
					]
				},
				{
					"name": "fins_main",
					"parent": "falcon9",
					"pivot": [0, 25, 0],
					"rotation": [0, -45, 0]
				},
				{
					"name": "fins1_2",
					"parent": "fins_main",
					"pivot": [0, 25, 0]
				},
				{
					"name": "fin",
					"parent": "fins1_2",
					"pivot": [0, 543.5, -19.25],
					"cubes": [
						{"origin": [-4, 543, -32], "size": [8, 1, 12], "uv": [86, 243]},
						{"origin": [-2, 543, -20], "size": [4, 1, 1], "uv": [69, 159]}
					]
				},
				{
					"name": "fin2",
					"parent": "fins1_2",
					"pivot": [-0.70711, 543.5, 19.45711],
					"rotation": [0, 180, 0],
					"cubes": [
						{"origin": [-4.70711, 543, 6.70711], "size": [8, 1, 12], "uv": [86, 243]},
						{"origin": [-2.70711, 543, 18.70711], "size": [4, 1, 1], "uv": [69, 159]}
					]
				},
				{
					"name": "fins3_4",
					"parent": "fins_main",
					"pivot": [0, 25, 0],
					"rotation": [0, -90, 0]
				},
				{
					"name": "fin3",
					"parent": "fins3_4",
					"pivot": [0, 543.5, -19.25],
					"cubes": [
						{"origin": [-4, 543, -32], "size": [8, 1, 12], "uv": [86, 243]},
						{"origin": [-2, 543, -20], "size": [4, 1, 1], "uv": [69, 159]}
					]
				},
				{
					"name": "fin4",
					"parent": "fins3_4",
					"pivot": [-0.70711, 543.5, 19.45711],
					"rotation": [0, 180, 0],
					"cubes": [
						{"origin": [-4.70711, 543, 6.70711], "size": [8, 1, 12], "uv": [86, 243]},
						{"origin": [-2.70711, 543, 18.70711], "size": [4, 1, 1], "uv": [69, 159]}
					]
				}
			]
		}
	]
}