{
	"format_version": "1.12.0",
	"minecraft:geometry": [
		{
			"description": {
				"identifier": "geometry.custom.falcon",
				"texture_width": 256,
				"texture_height": 256,
				"visible_bounds_width": 17,
				"visible_bounds_height": 52,
				"visible_bounds_offset": [0, 0, 0]
			},
			"bones": [
				{
					"name": "falcon9",
					"pivot": [0, 0, 0]
				},
				{
					"name": "rocket",
					"parent": "falcon9",
					"pivot": [0, 76, 0]
				},
				{
					"name": "bone50",
					"parent": "rocket",
					"pivot": [0, 76, 0]
				},
				{
					"name": "bone51",
					"parent": "bone50",
					"pivot": [0, 111, 0],
					"cubes": [
						{"origin": [-19, 496, -5], "size": [1, 70, 10], "uv": [0, 160]},
						{"origin": [18, 496, -5], "size": [1, 70, 10], "uv": [0, 160]}
					]
				},
				{
					"name": "bone52",
					"parent": "bone50",
					"pivot": [0, 111, 0],
					"rotation": [0, -30, 0],
					"cubes": [
						{"origin": [-19, 496, -5], "size": [1, 70, 10], "uv": [0, 160]},
						{"origin": [18, 496, -5], "size": [1, 70, 10], "uv": [0, 160]}
					]
				},
				{
					"name": "bone53",
					"parent": "bone50",
					"pivot": [0, 111, 0],
					"rotation": [0, -60, 0],
					"cubes": [
						{"origin": [-19, 496, -5], "size": [1, 70, 10], "uv": [0, 160]},
						{"origin": [18, 496, -5], "size": [1, 70, 10], "uv": [0, 160]}
					]
				},
				{
					"name": "bone54",
					"parent": "bone50",
					"pivot": [0, 111, 0],
					"rotation": [0, -90, 0],
					"cubes": [
						{"origin": [-19, 496, -5], "size": [1, 70, 10], "uv": [23, 160]},
						{"origin": [18, 496, -5], "size": [1, 70, 10], "uv": [0, 160]}
					]
				},
				{
					"name": "bone55",
					"parent": "bone50",
					"pivot": [0, 111, 0],
					"rotation": [0, -120, 0],
					"cubes": [
						{"origin": [-19, 496, -5], "size": [1, 70, 10], "uv": [0, 160]},
						{"origin": [18, 496, -5], "size": [1, 70, 10], "uv": [0, 160]}
					]
				},
				{
					"name": "bone56",
					"parent": "bone50",
					"pivot": [0, 111, 0],
					"rotation": [0, -150, 0],
					"cubes": [
						{"origin": [-19, 496, -5], "size": [1, 70, 10], "uv": [0, 160]},
						{"origin": [18, 496, -5], "size": [1, 70, 10], "uv": [0, 160]}
					]
				},
				{
					"name": "bone43",
					"parent": "rocket",
					"pivot": [0, 76, 0]
				},
				{
					"name": "bone44",
					"parent": "bone43",
					"pivot": [0, 111, 0],
					"cubes": [
						{"origin": [-19, 426, -5], "size": [1, 70, 10], "uv": [0, 0]},
						{"origin": [18, 426, -5], "size": [1, 70, 10], "uv": [0, 0]}
					]
				},
				{
					"name": "bone45",
					"parent": "bone43",
					"pivot": [0, 111, 0],
					"rotation": [0, -30, 0],
					"cubes": [
						{"origin": [-19, 426, -5], "size": [1, 70, 10], "uv": [0, 0]},
						{"origin": [18, 426, -5], "size": [1, 70, 10], "uv": [0, 0]}
					]
				},
				{
					"name": "bone46",
					"parent": "bone43",
					"pivot": [0, 111, 0],
					"rotation": [0, -60, 0],
					"cubes": [
						{"origin": [-19, 426, -5], "size": [1, 70, 10], "uv": [0, 0]},
						{"origin": [18, 426, -5], "size": [1, 70, 10], "uv": [0, 0]}
					]
				},
				{
					"name": "bone47",
					"parent": "bone43",
					"pivot": [0, 111, 0],
					"rotation": [0, -90, 0],
					"cubes": [
						{"origin": [-19, 426, -5], "size": [1, 70, 10], "uv": [46, 160]},
						{"origin": [18, 426, -5], "size": [1, 70, 10], "uv": [0, 0]}
					]
				},
				{
					"name": "bone48",
					"parent": "bone43",
					"pivot": [0, 111, 0],
					"rotation": [0, -120, 0],
					"cubes": [
						{"origin": [-19, 426, -5], "size": [1, 70, 10], "uv": [0, 0]},
						{"origin": [18, 426, -5], "size": [1, 70, 10], "uv": [0, 0]}
					]
				},
				{
					"name": "bone49",
					"parent": "bone43",
					"pivot": [0, 111, 0],
					"rotation": [0, -150, 0],
					"cubes": [
						{"origin": [-19, 426, -5], "size": [1, 70, 10], "uv": [0, 0]},
						{"origin": [18, 426, -5], "size": [1, 70, 10], "uv": [0, 0]}
					]
				},
				{
					"name": "bone36",
					"parent": "rocket",
					"pivot": [0, 76, 0]
				},
				{
					"name": "bone37",
					"parent": "bone36",
					"pivot": [0, 111, 0],
					"cubes": [
						{"origin": [-19, 356, -5], "size": [1, 70, 10], "uv": [0, 0]},
						{"origin": [18, 356, -5], "size": [1, 70, 10], "uv": [0, 0]}
					]
				},
				{
					"name": "bone38",
					"parent": "bone36",
					"pivot": [0, 111, 0],
					"rotation": [0, -30, 0],
					"cubes": [
						{"origin": [-19, 356, -5], "size": [1, 70, 10], "uv": [0, 0]},
						{"origin": [18, 356, -5], "size": [1, 70, 10], "uv": [0, 0]}
					]
				},
				{
					"name": "bone39",
					"parent": "bone36",
					"pivot": [0, 111, 0],
					"rotation": [0, -60, 0],
					"cubes": [
						{"origin": [-19, 356, -5], "size": [1, 70, 10], "uv": [0, 0]},
						{"origin": [18, 356, -5], "size": [1, 70, 10], "uv": [0, 0]}
					]
				},
				{
					"name": "bone40",
					"parent": "bone36",
					"pivot": [0, 111, 0],
					"rotation": [0, -90, 0],
					"cubes": [
						{"origin": [-19, 356, -5], "size": [1, 70, 10], "uv": [0, 0]},
						{"origin": [18, 356, -5], "size": [1, 70, 10], "uv": [0, 0]}
					]
				},
				{
					"name": "bone41",
					"parent": "bone36",
					"pivot": [0, 111, 0],
					"rotation": [0, -120, 0],
					"cubes": [
						{"origin": [-19, 356, -5], "size": [1, 70, 10], "uv": [0, 0]},
						{"origin": [18, 356, -5], "size": [1, 70, 10], "uv": [0, 0]}
					]
				},
				{
					"name": "bone42",
					"parent": "bone36",
					"pivot": [0, 111, 0],
					"rotation": [0, -150, 0],
					"cubes": [
						{"origin": [-19, 356, -5], "size": [1, 70, 10], "uv": [0, 0]},
						{"origin": [18, 356, -5], "size": [1, 70, 10], "uv": [0, 0]}
					]
				},
				{
					"name": "bone29",
					"parent": "rocket",
					"pivot": [0, 76, 0]
				},
				{
					"name": "bone30",
					"parent": "bone29",
					"pivot": [0, 111, 0],
					"cubes": [
						{"origin": [-19, 286, -5], "size": [1, 70, 10], "uv": [0, 0]},
						{"origin": [18, 286, -5], "size": [1, 70, 10], "uv": [0, 0]}
					]
				},
				{
					"name": "bone31",
					"parent": "bone29",
					"pivot": [0, 111, 0],
					"rotation": [0, -30, 0],
					"cubes": [
						{"origin": [-19, 286, -5], "size": [1, 70, 10], "uv": [0, 0]},
						{"origin": [18, 286, -5], "size": [1, 70, 10], "uv": [0, 0]}
					]
				},
				{
					"name": "bone32",
					"parent": "bone29",
					"pivot": [0, 111, 0],
					"rotation": [0, -60, 0],
					"cubes": [
						{"origin": [-19, 286, -5], "size": [1, 70, 10], "uv": [0, 0]},
						{"origin": [18, 286, -5], "size": [1, 70, 10], "uv": [0, 0]}
					]
				},
				{
					"name": "bone33",
					"parent": "bone29",
					"pivot": [0, 111, 0],
					"rotation": [0, -90, 0],
					"cubes": [
						{"origin": [-19, 286, -5], "size": [1, 70, 10], "uv": [23, 80]},
						{"origin": [18, 286, -5], "size": [1, 70, 10], "uv": [0, 0]}
					]
				},
				{
					"name": "bone34",
					"parent": "bone29",
					"pivot": [0, 111, 0],
					"rotation": [0, -120, 0],
					"cubes": [
						{"origin": [-19, 286, -5], "size": [1, 70, 10], "uv": [0, 0]},
						{"origin": [18, 286, -5], "size": [1, 70, 10], "uv": [0, 0]}
					]
				},
				{
					"name": "bone35",
					"parent": "bone29",
					"pivot": [0, 111, 0],
					"rotation": [0, -150, 0],
					"cubes": [
						{"origin": [-19, 286, -5], "size": [1, 70, 10], "uv": [0, 0]},
						{"origin": [18, 286, -5], "size": [1, 70, 10], "uv": [0, 0]}
					]
				},
				{
					"name": "bone22",
					"parent": "rocket",
					"pivot": [0, 76, 0]
				},
				{
					"name": "bone23",
					"parent": "bone22",
					"pivot": [0, 111, 0],
					"cubes": [
						{"origin": [-19, 216, -5], "size": [1, 70, 10], "uv": [0, 0]},
						{"origin": [18, 216, -5], "size": [1, 70, 10], "uv": [0, 0]}
					]
				},
				{
					"name": "bone24",
					"parent": "bone22",
					"pivot": [0, 111, 0],
					"rotation": [0, -30, 0],
					"cubes": [
						{"origin": [-19, 216, -5], "size": [1, 70, 10], "uv": [0, 0]},
						{"origin": [18, 216, -5], "size": [1, 70, 10], "uv": [0, 0]}
					]
				},
				{
					"name": "bone25",
					"parent": "bone22",
					"pivot": [0, 111, 0],
					"rotation": [0, -60, 0],
					"cubes": [
						{"origin": [-19, 216, -5], "size": [1, 70, 10], "uv": [0, 0]},
						{"origin": [18, 216, -5], "size": [1, 70, 10], "uv": [0, 0]}
					]
				},
				{
					"name": "bone26",
					"parent": "bone22",
					"pivot": [0, 111, 0],
					"rotation": [0, -90, 0],
					"cubes": [
						{"origin": [-19, 216, -5], "size": [1, 70, 10], "uv": [0, 0]},
						{"origin": [18, 216, -5], "size": [1, 70, 10], "uv": [0, 0]}
					]
				},
				{
					"name": "bone27",
					"parent": "bone22",
					"pivot": [0, 111, 0],
					"rotation": [0, -120, 0],
					"cubes": [
						{"origin": [-19, 216, -5], "size": [1, 70, 10], "uv": [0, 0]},
						{"origin": [18, 216, -5], "size": [1, 70, 10], "uv": [0, 0]}
					]
				},
				{
					"name": "bone28",
					"parent": "bone22",
					"pivot": [0, 111, 0],
					"rotation": [0, -150, 0],
					"cubes": [
						{"origin": [-19, 216, -5], "size": [1, 70, 10], "uv": [0, 0]},
						{"origin": [18, 216, -5], "size": [1, 70, 10], "uv": [0, 0]}
					]
				},
				{
					"name": "bone15",
					"parent": "rocket",
					"pivot": [0, 76, 0]
				},
				{
					"name": "bone16",
					"parent": "bone15",
					"pivot": [0, 111, 0],
					"cubes": [
						{"origin": [-19, 146, -5], "size": [1, 70, 10], "uv": [0, 0]},
						{"origin": [18, 146, -5], "size": [1, 70, 10], "uv": [0, 0]}
					]
				},
				{
					"name": "bone17",
					"parent": "bone15",
					"pivot": [0, 111, 0],
					"rotation": [0, -30, 0],
					"cubes": [
						{"origin": [-19, 146, -5], "size": [1, 70, 10], "uv": [0, 0]},
						{"origin": [18, 146, -5], "size": [1, 70, 10], "uv": [0, 0]}
					]
				},
				{
					"name": "bone18",
					"parent": "bone15",
					"pivot": [0, 111, 0],
					"rotation": [0, -60, 0],
					"cubes": [
						{"origin": [-19, 146, -5], "size": [1, 70, 10], "uv": [0, 0]},
						{"origin": [18, 146, -5], "size": [1, 70, 10], "uv": [0, 0]}
					]
				},
				{
					"name": "bone19",
					"parent": "bone15",
					"pivot": [0, 111, 0],
					"rotation": [0, -90, 0],
					"cubes": [
						{"origin": [-19, 146, -5], "size": [1, 70, 10], "uv": [0, 0]},
						{"origin": [18, 146, -5], "size": [1, 70, 10], "uv": [0, 0]}
					]
				},
				{
					"name": "bone20",
					"parent": "bone15",
					"pivot": [0, 111, 0],
					"rotation": [0, -120, 0],
					"cubes": [
						{"origin": [-19, 146, -5], "size": [1, 70, 10], "uv": [0, 0]},
						{"origin": [18, 146, -5], "size": [1, 70, 10], "uv": [0, 0]}
					]
				},
				{
					"name": "bone21",
					"parent": "bone15",
					"pivot": [0, 111, 0],
					"rotation": [0, -150, 0],
					"cubes": [
						{"origin": [-19, 146, -5], "size": [1, 70, 10], "uv": [0, 0]},
						{"origin": [18, 146, -5], "size": [1, 70, 10], "uv": [0, 0]}
					]
				},
				{
					"name": "bone8",
					"parent": "rocket",
					"pivot": [0, 7, 0]
				},
				{
					"name": "bone9",
					"parent": "bone8",
					"pivot": [0, 42, 0],
					"cubes": [
						{"origin": [-19, 77, -5], "size": [1, 70, 10], "uv": [0, 0]},
						{"origin": [18, 77, -5], "size": [1, 70, 10], "uv": [0, 0]}
					]
				},
				{
					"name": "bone10",
					"parent": "bone8",
					"pivot": [0, 42, 0],
					"rotation": [0, -30, 0],
					"cubes": [
						{"origin": [-19, 77, -5], "size": [1, 70, 10], "uv": [0, 0]},
						{"origin": [18, 77, -5], "size": [1, 70, 10], "uv": [0, 0]}
					]
				},
				{
					"name": "bone11",
					"parent": "bone8",
					"pivot": [0, 42, 0],
					"rotation": [0, -60, 0],
					"cubes": [
						{"origin": [-19, 77, -5], "size": [1, 70, 10], "uv": [0, 0]},
						{"origin": [18, 77, -5], "size": [1, 70, 10], "uv": [0, 0]}
					]
				},
				{
					"name": "bone12",
					"parent": "bone8",
					"pivot": [0, 42, 0],
					"rotation": [0, -90, 0],
					"cubes": [
						{"origin": [-19, 77, -5], "size": [1, 70, 10], "uv": [0, 0]},
						{"origin": [18, 77, -5], "size": [1, 70, 10], "uv": [0, 0]}
					]
				},
				{
					"name": "bone13",
					"parent": "bone8",
					"pivot": [0, 42, 0],
					"rotation": [0, -120, 0],
					"cubes": [
						{"origin": [-19, 77, -5], "size": [1, 70, 10], "uv": [0, 0]},
						{"origin": [18, 77, -5], "size": [1, 70, 10], "uv": [0, 0]}
					]
				},
				{
					"name": "bone14",
					"parent": "bone8",
					"pivot": [0, 42, 0],
					"rotation": [0, -150, 0],
					"cubes": [
						{"origin": [-19, 77, -5], "size": [1, 70, 10], "uv": [0, 0]},
						{"origin": [18, 77, -5], "size": [1, 70, 10], "uv": [0, 0]}
					]
				},
				{
					"name": "bone7",
					"parent": "rocket",
					"pivot": [0, 7, 0]
				},
				{
					"name": "bone",
					"parent": "bone7",
					"pivot": [0, 42, 0],
					"cubes": [
						{"origin": [-19, 7, -5], "size": [1, 70, 10], "uv": [0, 80]},
						{"origin": [18, 7, -5], "size": [1, 70, 10], "uv": [0, 80]}
					]
				},
				{
					"name": "bone2",
					"parent": "bone7",
					"pivot": [0, 42, 0],
					"rotation": [0, -30, 0],
					"cubes": [
						{"origin": [-19, 7, -5], "size": [1, 70, 10], "uv": [0, 80]},
						{"origin": [18, 7, -5], "size": [1, 70, 10], "uv": [0, 80]}
					]
				},
				{
					"name": "bone3",
					"parent": "bone7",
					"pivot": [0, 42, 0],
					"rotation": [0, -60, 0],
					"cubes": [
						{"origin": [-19, 7, -5], "size": [1, 70, 10], "uv": [0, 80]},
						{"origin": [18, 7, -5], "size": [1, 70, 10], "uv": [0, 80]}
					]
				},
				{
					"name": "bone4",
					"parent": "bone7",
					"pivot": [0, 42, 0],
					"rotation": [0, -90, 0],
					"cubes": [
						{"origin": [-19, 7, -5], "size": [1, 70, 10], "uv": [0, 80]},
						{"origin": [18, 7, -5], "size": [1, 70, 10], "uv": [0, 80]}
					]
				},
				{
					"name": "bone5",
					"parent": "bone7",
					"pivot": [0, 42, 0],
					"rotation": [0, -120, 0],
					"cubes": [
						{"origin": [-19, 7, -5], "size": [1, 70, 10], "uv": [0, 80]},
						{"origin": [18, 7, -5], "size": [1, 70, 10], "uv": [0, 80]}
					]
				},
				{
					"name": "bone6",
					"parent": "bone7",
					"pivot": [0, 42, 0],
					"rotation": [0, -150, 0],
					"cubes": [
						{"origin": [-19, 7, -5], "size": [1, 70, 10], "uv": [0, 80]},
						{"origin": [18, 7, -5], "size": [1, 70, 10], "uv": [0, 80]}
					]
				},
				{
					"name": "bone57",
					"parent": "rocket",
					"pivot": [0, 80, 0],
					"cubes": [
						{"origin": [-5, 11, -18], "size": [10, 1, 36], "uv": [24, 0]},
						{"origin": [-5, 11, -18], "size": [10, 1, 36], "pivot": [0, 11.5, 0], "rotation": [0, -30, 0], "uv": [24, 0]},
						{"origin": [-5, 11, -18], "size": [10, 1, 36], "pivot": [0, 11.5, 0], "rotation": [0, -60, 0], "uv": [24, 0]},
						{"origin": [-5, 11, -18], "size": [10, 1, 36], "pivot": [0, 11.5, 0], "rotation": [0, -90, 0], "uv": [24, 0]},
						{"origin": [-5, 11, -18], "size": [10, 1, 36], "pivot": [0, 11.5, 0], "rotation": [0, -120, 0], "uv": [24, 0]},
						{"origin": [-5, 11, -18], "size": [10, 1, 36], "pivot": [0, 11.5, 0], "rotation": [0, -150, 0], "uv": [24, 0]}
					]
				},
				{
					"name": "bone92",
					"parent": "rocket",
					"pivot": [0, 559, 0],
					"cubes": [
						{"origin": [-5, 490, -18], "size": [10, 1, 36], "uv": [24, 0]},
						{"origin": [-5, 490, -18], "size": [10, 1, 36], "pivot": [0, 490.5, 0], "rotation": [0, -30, 0], "uv": [24, 0]},
						{"origin": [-5, 490, -18], "size": [10, 1, 36], "pivot": [0, 490.5, 0], "rotation": [0, -60, 0], "uv": [24, 0]},
						{"origin": [-5, 490, -18], "size": [10, 1, 36], "pivot": [0, 490.5, 0], "rotation": [0, -90, 0], "uv": [24, 0]},
						{"origin": [-5, 490, -18], "size": [10, 1, 36], "pivot": [0, 490.5, 0], "rotation": [0, -120, 0], "uv": [24, 0]},
						{"origin": [-5, 490, -18], "size": [10, 1, 36], "pivot": [0, 490.5, 0], "rotation": [0, -150, 0], "uv": [24, 0]}
					]
				},
				{
					"name": "boosters",
					"parent": "falcon9",
					"pivot": [0, 0, 0]
				},
				{
					"name": "merlin",
					"parent": "boosters",
					"pivot": [0, 0, 0],
					"cubes": [
						{"origin": [-3, 2, -3], "size": [6, 9, 6], "uv": [29, 0]}
					]
				},
				{
					"name": "bone58",
					"parent": "merlin",
					"pivot": [0, 3, 0],
					"cubes": [
						{"origin": [-5, 0, -2], "size": [1, 9, 4], "uv": [23, 11]},
						{"origin": [4, 0, -2], "size": [1, 9, 4], "uv": [23, 11]}
					]
				},
				{
					"name": "bone59",
					"parent": "merlin",
					"pivot": [0, 3, 0],
					"rotation": [0, -45, 0],
					"cubes": [
						{"origin": [-5, 0, -2], "size": [1, 9, 4], "uv": [23, 11]},
						{"origin": [4, 0, -2], "size": [1, 9, 4], "uv": [23, 11]}
					]
				},
				{
					"name": "bone60",
					"parent": "merlin",
					"pivot": [0, 3, 0],
					"rotation": [0, -90, 0],
					"cubes": [
						{"origin": [-5, 0, -2], "size": [1, 9, 4], "uv": [23, 11]},
						{"origin": [4, 0, -2], "size": [1, 9, 4], "uv": [23, 11]}
					]
				},
				{
					"name": "bone61",
					"parent": "merlin",
					"pivot": [0, 3, 0],
					"rotation": [0, -135, 0],
					"cubes": [
						{"origin": [-5, 0, -2], "size": [1, 9, 4], "uv": [23, 11]},
						{"origin": [4, 0, -2], "size": [1, 9, 4], "uv": [23, 11]}
					]
				},
				{
					"name": "merlin2",
					"parent": "boosters",
					"pivot": [0, 0, 0],
					"cubes": [
						{"origin": [-16.5, 2, -3], "size": [6, 9, 6], "uv": [29, 0]}
					]
				},
				{
					"name": "bone62",
					"parent": "merlin2",
					"pivot": [-13.5, 3, 0],
					"cubes": [
						{"origin": [-18.5, 0, -2], "size": [1, 9, 4], "uv": [23, 11]},
						{"origin": [-9.5, 0, -2], "size": [1, 9, 4], "uv": [23, 11]}
					]
				},
				{
					"name": "bone63",
					"parent": "merlin2",
					"pivot": [-13.5, 3, 0],
					"rotation": [0, -45, 0],
					"cubes": [
						{"origin": [-18.5, 0, -2], "size": [1, 9, 4], "uv": [23, 11]},
						{"origin": [-9.5, 0, -2], "size": [1, 9, 4], "uv": [23, 11]}
					]
				},
				{
					"name": "bone64",
					"parent": "merlin2",
					"pivot": [-13.5, 3, 0],
					"rotation": [0, -90, 0],
					"cubes": [
						{"origin": [-18.5, 0, -2], "size": [1, 9, 4], "uv": [23, 11]},
						{"origin": [-9.5, 0, -2], "size": [1, 9, 4], "uv": [23, 11]}
					]
				},
				{
					"name": "bone65",
					"parent": "merlin2",
					"pivot": [-13.5, 3, 0],
					"rotation": [0, -135, 0],
					"cubes": [
						{"origin": [-18.5, 0, -2], "size": [1, 9, 4], "uv": [23, 11]},
						{"origin": [-9.5, 0, -2], "size": [1, 9, 4], "uv": [23, 11]}
					]
				},
				{
					"name": "merlin3",
					"parent": "boosters",
					"pivot": [0, 0, 0],
					"rotation": [0, -45, 0],
					"cubes": [
						{"origin": [-16.5, 2, -3], "size": [6, 9, 6], "uv": [29, 0]}
					]
				},
				{
					"name": "bone66",
					"parent": "merlin3",
					"pivot": [-13.5, 3, 0],
					"cubes": [
						{"origin": [-18.5, 0, -2], "size": [1, 9, 4], "uv": [23, 11]},
						{"origin": [-9.5, 0, -2], "size": [1, 9, 4], "uv": [23, 11]}
					]
				},
				{
					"name": "bone67",
					"parent": "merlin3",
					"pivot": [-13.5, 3, 0],
					"rotation": [0, -45, 0],
					"cubes": [
						{"origin": [-18.5, 0, -2], "size": [1, 9, 4], "uv": [23, 11]},
						{"origin": [-9.5, 0, -2], "size": [1, 9, 4], "uv": [23, 11]}
					]
				},
				{
					"name": "bone68",
					"parent": "merlin3",
					"pivot": [-13.5, 3, 0],
					"rotation": [0, -90, 0],
					"cubes": [
						{"origin": [-18.5, 0, -2], "size": [1, 9, 4], "uv": [23, 11]},
						{"origin": [-9.5, 0, -2], "size": [1, 9, 4], "uv": [23, 11]}
					]
				},
				{
					"name": "bone69",
					"parent": "merlin3",
					"pivot": [-13.5, 3, 0],
					"rotation": [0, -135, 0],
					"cubes": [
						{"origin": [-18.5, 0, -2], "size": [1, 9, 4], "uv": [23, 11]},
						{"origin": [-9.5, 0, -2], "size": [1, 9, 4], "uv": [23, 11]}
					]
				},
				{
					"name": "merlin4",
					"parent": "boosters",
					"pivot": [0, 0, 0],
					"rotation": [0, -90, 0],
					"cubes": [
						{"origin": [-16.5, 2, -3], "size": [6, 9, 6], "uv": [29, 0]}
					]
				},
				{
					"name": "bone70",
					"parent": "merlin4",
					"pivot": [-13.5, 3, 0],
					"cubes": [
						{"origin": [-18.5, 0, -2], "size": [1, 9, 4], "uv": [23, 11]},
						{"origin": [-9.5, 0, -2], "size": [1, 9, 4], "uv": [23, 11]}
					]
				},
				{
					"name": "bone71",
					"parent": "merlin4",
					"pivot": [-13.5, 3, 0],
					"rotation": [0, -45, 0],
					"cubes": [
						{"origin": [-18.5, 0, -2], "size": [1, 9, 4], "uv": [23, 11]},
						{"origin": [-9.5, 0, -2], "size": [1, 9, 4], "uv": [23, 11]}
					]
				},
				{
					"name": "bone72",
					"parent": "merlin4",
					"pivot": [-13.5, 3, 0],
					"rotation": [0, -90, 0],
					"cubes": [
						{"origin": [-18.5, 0, -2], "size": [1, 9, 4], "uv": [23, 11]},
						{"origin": [-9.5, 0, -2], "size": [1, 9, 4], "uv": [23, 11]}
					]
				},
				{
					"name": "bone73",
					"parent": "merlin4",
					"pivot": [-13.5, 3, 0],
					"rotation": [0, -135, 0],
					"cubes": [
						{"origin": [-18.5, 0, -2], "size": [1, 9, 4], "uv": [23, 11]},
						{"origin": [-9.5, 0, -2], "size": [1, 9, 4], "uv": [23, 11]}
					]
				},
				{
					"name": "merlin5",
					"parent": "boosters",
					"pivot": [0, 0, 0],
					"rotation": [0, -135, 0],
					"cubes": [
						{"origin": [-16.5, 2, -3], "size": [6, 9, 6], "uv": [29, 0]}
					]
				},
				{
					"name": "bone74",
					"parent": "merlin5",
					"pivot": [-13.5, 3, 0],
					"cubes": [
						{"origin": [-18.5, 0, -2], "size": [1, 9, 4], "uv": [23, 11]},
						{"origin": [-9.5, 0, -2], "size": [1, 9, 4], "uv": [23, 11]}
					]
				},
				{
					"name": "bone75",
					"parent": "merlin5",
					"pivot": [-13.5, 3, 0],
					"rotation": [0, -45, 0],
					"cubes": [
						{"origin": [-18.5, 0, -2], "size": [1, 9, 4], "uv": [23, 11]},
						{"origin": [-9.5, 0, -2], "size": [1, 9, 4], "uv": [23, 11]}
					]
				},
				{
					"name": "bone136",
					"parent": "merlin5",
					"pivot": [-13.5, 3, 0],
					"rotation": [0, -90, 0],
					"cubes": [
						{"origin": [-18.5, 0, -2], "size": [1, 9, 4], "uv": [23, 11]},
						{"origin": [-9.5, 0, -2], "size": [1, 9, 4], "uv": [23, 11]}
					]
				},
				{
					"name": "bone137",
					"parent": "merlin5",
					"pivot": [-13.5, 3, 0],
					"rotation": [0, -135, 0],
					"cubes": [
						{"origin": [-18.5, 0, -2], "size": [1, 9, 4], "uv": [23, 11]},
						{"origin": [-9.5, 0, -2], "size": [1, 9, 4], "uv": [23, 11]}
					]
				},
				{
					"name": "merlin6",
					"parent": "boosters",
					"pivot": [0, 0, 0],
					"rotation": [0, 180, 0],
					"cubes": [
						{"origin": [-16.5, 2, -3], "size": [6, 9, 6], "uv": [29, 0]}
					]
				},
				{
					"name": "bone138",
					"parent": "merlin6",
					"pivot": [-13.5, 3, 0],
					"cubes": [
						{"origin": [-18.5, 0, -2], "size": [1, 9, 4], "uv": [23, 11]},
						{"origin": [-9.5, 0, -2], "size": [1, 9, 4], "uv": [23, 11]}
					]
				},
				{
					"name": "bone139",
					"parent": "merlin6",
					"pivot": [-13.5, 3, 0],
					"rotation": [0, -45, 0],
					"cubes": [
						{"origin": [-18.5, 0, -2], "size": [1, 9, 4], "uv": [23, 11]},
						{"origin": [-9.5, 0, -2], "size": [1, 9, 4], "uv": [23, 11]}
					]
				},
				{
					"name": "bone140",
					"parent": "merlin6",
					"pivot": [-13.5, 3, 0],
					"rotation": [0, -90, 0],
					"cubes": [
						{"origin": [-18.5, 0, -2], "size": [1, 9, 4], "uv": [23, 11]},
						{"origin": [-9.5, 0, -2], "size": [1, 9, 4], "uv": [23, 11]}
					]
				},
				{
					"name": "bone141",
					"parent": "merlin6",
					"pivot": [-13.5, 3, 0],
					"rotation": [0, -135, 0],
					"cubes": [
						{"origin": [-18.5, 0, -2], "size": [1, 9, 4], "uv": [23, 11]},
						{"origin": [-9.5, 0, -2], "size": [1, 9, 4], "uv": [23, 11]}
					]
				},
				{
					"name": "merlin7",
					"parent": "boosters",
					"pivot": [0, 0, 0],
					"rotation": [0, 135, 0],
					"cubes": [
						{"origin": [-16.5, 2, -3], "size": [6, 9, 6], "uv": [29, 0]}
					]
				},
				{
					"name": "bone142",
					"parent": "merlin7",
					"pivot": [-13.5, 3, 0],
					"cubes": [
						{"origin": [-18.5, 0, -2], "size": [1, 9, 4], "uv": [23, 11]},
						{"origin": [-9.5, 0, -2], "size": [1, 9, 4], "uv": [23, 11]}
					]
				},
				{
					"name": "bone143",
					"parent": "merlin7",
					"pivot": [-13.5, 3, 0],
					"rotation": [0, -45, 0],
					"cubes": [
						{"origin": [-18.5, 0, -2], "size": [1, 9, 4], "uv": [23, 11]},
						{"origin": [-9.5, 0, -2], "size": [1, 9, 4], "uv": [23, 11]}
					]
				},
				{
					"name": "bone144",
					"parent": "merlin7",
					"pivot": [-13.5, 3, 0],
					"rotation": [0, -90, 0],
					"cubes": [
						{"origin": [-18.5, 0, -2], "size": [1, 9, 4], "uv": [23, 11]},
						{"origin": [-9.5, 0, -2], "size": [1, 9, 4], "uv": [23, 11]}
					]
				},
				{
					"name": "bone145",
					"parent": "merlin7",
					"pivot": [-13.5, 3, 0],
					"rotation": [0, -135, 0],
					"cubes": [
						{"origin": [-18.5, 0, -2], "size": [1, 9, 4], "uv": [23, 11]},
						{"origin": [-9.5, 0, -2], "size": [1, 9, 4], "uv": [23, 11]}
					]
				},
				{
					"name": "merlin8",
					"parent": "boosters",
					"pivot": [0, 0, 0],
					"rotation": [0, 90, 0],
					"cubes": [
						{"origin": [-16.5, 2, -3], "size": [6, 9, 6], "uv": [29, 0]}
					]
				},
				{
					"name": "bone146",
					"parent": "merlin8",
					"pivot": [-13.5, 3, 0],
					"cubes": [
						{"origin": [-18.5, 0, -2], "size": [1, 9, 4], "uv": [23, 11]},
						{"origin": [-9.5, 0, -2], "size": [1, 9, 4], "uv": [23, 11]}
					]
				},
				{
					"name": "bone147",
					"parent": "merlin8",
					"pivot": [-13.5, 3, 0],
					"rotation": [0, -45, 0],
					"cubes": [
						{"origin": [-18.5, 0, -2], "size": [1, 9, 4], "uv": [23, 11]},
						{"origin": [-9.5, 0, -2], "size": [1, 9, 4], "uv": [23, 11]}
					]
				},
				{
					"name": "bone148",
					"parent": "merlin8",
					"pivot": [-13.5, 3, 0],
					"rotation": [0, -90, 0],
					"cubes": [
						{"origin": [-18.5, 0, -2], "size": [1, 9, 4], "uv": [23, 11]},
						{"origin": [-9.5, 0, -2], "size": [1, 9, 4], "uv": [23, 11]}
					]
				},
				{
					"name": "bone149",
					"parent": "merlin8",
					"pivot": [-13.5, 3, 0],
					"rotation": [0, -135, 0],
					"cubes": [
						{"origin": [-18.5, 0, -2], "size": [1, 9, 4], "uv": [23, 11]},
						{"origin": [-9.5, 0, -2], "size": [1, 9, 4], "uv": [23, 11]}
					]
				},
				{
					"name": "merlin9",
					"parent": "boosters",
					"pivot": [0, 0, 0],
					"rotation": [0, 45, 0],
					"cubes": [
						{"origin": [-16.5, 2, -3], "size": [6, 9, 6], "uv": [29, 0]}
					]
				},
				{
					"name": "bone150",
					"parent": "merlin9",
					"pivot": [-13.5, 3, 0],
					"cubes": [
						{"origin": [-18.5, 0, -2], "size": [1, 9, 4], "uv": [23, 11]},
						{"origin": [-9.5, 0, -2], "size": [1, 9, 4], "uv": [23, 11]}
					]
				},
				{
					"name": "bone151",
					"parent": "merlin9",
					"pivot": [-13.5, 3, 0],
					"rotation": [0, -45, 0],
					"cubes": [
						{"origin": [-18.5, 0, -2], "size": [1, 9, 4], "uv": [23, 11]},
						{"origin": [-9.5, 0, -2], "size": [1, 9, 4], "uv": [23, 11]}
					]
				},
				{
					"name": "bone152",
					"parent": "merlin9",
					"pivot": [-13.5, 3, 0],
					"rotation": [0, -90, 0],
					"cubes": [
						{"origin": [-18.5, 0, -2], "size": [1, 9, 4], "uv": [23, 11]},
						{"origin": [-9.5, 0, -2], "size": [1, 9, 4], "uv": [23, 11]}
					]
				},
				{
					"name": "bone153",
					"parent": "merlin9",
					"pivot": [-13.5, 3, 0],
					"rotation": [0, -135, 0],
					"cubes": [
						{"origin": [-18.5, 0, -2], "size": [1, 9, 4], "uv": [23, 11]},
						{"origin": [-9.5, 0, -2], "size": [1, 9, 4], "uv": [23, 11]}
					]
				},
				{
					"name": "legs_main",
					"parent": "falcon9",
					"pivot": [0, 0, 0],
					"rotation": [0, -45, 0]
				},
				{
					"name": "leg",
					"parent": "legs_main",
					"pivot": [0, 0, 0],
					"cubes": [
						{"origin": [-6, 7, -20], "size": [1, 110, 5], "pivot": [-5.5, 67, -19.5], "rotation": [0, 0, 5], "uv": [69, 141]},
						{"origin": [5, 7, -20], "size": [1, 110, 5], "pivot": [5.5, 67, -19.5], "rotation": [0, 0, -5], "uv": [69, 141]},
						{"origin": [5.82769, 6.53173, -22], "size": [1, 50, 5], "pivot": [6.32769, 31.53173, -19.5], "rotation": [5, 0, -10], "uv": [69, 141]},
						{"origin": [-6.82769, 6.53173, -22], "size": [1, 50, 5], "pivot": [-6.32769, 31.53173, -19.5], "rotation": [5, 0, 10], "uv": [69, 141]},
						{"origin": [-2, 55, -24], "size": [4, 1, 5], "uv": [66, 250]},
						{"origin": [-1.5, 116, -20], "size": [3, 1, 1], "uv": [66, 250]},
						{"origin": [-1.5, 55.5, -20.5], "size": [3, 61, 1], "pivot": [0, 105.5, -20], "rotation": [-4, 0, 0], "uv": [70, 194]},
						{"origin": [1.01904, 55.25188, -22.21421], "size": [6, 1, 1], "pivot": [4.01904, 55.75188, -21.71421], "rotation": [-0.5, -35, 0], "uv": [70, 194]},
						{"origin": [-6.98096, 55.25188, -22.21421], "size": [6, 1, 1], "pivot": [-3.98096, 55.75188, -21.71421], "rotation": [0.5, 35, 0], "uv": [70, 194]}
					]
				},
				{
					"name": "bone76",
					"parent": "leg",
					"pivot": [-4.66529, 69.25095, -23.0365],
					"cubes": [
						{"origin": [-4.46529, 55.25095, -23.5365], "size": [2, 51, 1], "pivot": [-2.46529, 55.25095, -23.0365], "rotation": [-4, 35, 0], "uv": [70, 194]},
						{"origin": [-5.46529, 55.25095, -23.5365], "size": [1, 37, 1], "pivot": [-2.46529, 55.25095, -23.0365], "rotation": [-4, 35, 0], "uv": [70, 194]},
						{"origin": [-6.46529, 55.25095, -23.5365], "size": [1, 22, 1], "pivot": [-2.46529, 55.25095, -23.0365], "rotation": [-4, 35, 0], "uv": [70, 194]},
						{"origin": [-7.46529, 55.25095, -23.5365], "size": [1, 13, 1], "pivot": [-2.46529, 55.25095, -23.0365], "rotation": [-4, 35, 0], "uv": [70, 194]},
						{"origin": [-2.46529, 55.25095, -23.5365], "size": [1, 17, 1], "pivot": [-2.46529, 55.25095, -23.0365], "rotation": [-4, 35, 0], "uv": [70, 194]}
					]
				},
				{
					"name": "bone77",
					"parent": "leg",
					"pivot": [4.83471, 69.25095, -23.0365],
					"rotation": [0, -70, 0],
					"cubes": [
						{"origin": [3.03471, 55.25095, -23.5365], "size": [2, 51, 1], "pivot": [7.03471, 55.25095, -23.0365], "rotation": [-4, 35, 0], "uv": [70, 194]},
						{"origin": [5.03471, 55.25095, -23.5365], "size": [1, 37, 1], "pivot": [7.03471, 55.25095, -23.0365], "rotation": [-4, 35, 0], "uv": [70, 194]},
						{"origin": [6.03471, 55.25095, -23.5365], "size": [1, 22, 1], "pivot": [7.03471, 55.25095, -23.0365], "rotation": [-4, 35, 0], "uv": [70, 194]},
						{"origin": [7.03471, 55.25095, -23.5365], "size": [1, 13, 1], "pivot": [7.03471, 55.25095, -23.0365], "rotation": [-4, 35, 0], "uv": [70, 194]},
						{"origin": [2.03471, 55.25095, -23.5365], "size": [1, 17, 1], "pivot": [7.03471, 55.25095, -23.0365], "rotation": [-4, 35, 0], "uv": [70, 194]}
					]
				},
				{
					"name": "bone78",
					"parent": "leg",
					"pivot": [7.03471, 55.25095, -23.0365],
					"cubes": [
						{"origin": [7.70304, 14.26141, -19.77877], "size": [1, 41, 1], "pivot": [9.20304, 34.76141, -19.52877], "rotation": [-0.5, -35, -5], "uv": [70, 194]},
						{"origin": [6.70304, 21.26141, -19.77877], "size": [1, 34, 1], "pivot": [9.20304, 34.76141, -19.52877], "rotation": [-0.5, -35, -5], "uv": [70, 194]},
						{"origin": [5.70304, 28.26141, -19.77877], "size": [1, 27, 1], "pivot": [9.20304, 34.76141, -19.52877], "rotation": [-0.5, -35, -5], "uv": [70, 194]},
						{"origin": [4.70304, 36.26141, -19.77877], "size": [1, 19, 1], "pivot": [9.20304, 34.76141, -19.52877], "rotation": [-0.5, -35, -5], "uv": [70, 194]},
						{"origin": [3.70304, 44.26141, -19.77877], "size": [1, 11, 1], "pivot": [9.20304, 34.76141, -19.52877], "rotation": [-0.5, -35, -5], "uv": [70, 194]},
						{"origin": [3.20304, 55.26141, -19.77877], "size": [5.5, 1, 1], "pivot": [9.20304, 34.76141, -19.52877], "rotation": [-0.5, -35, -5], "uv": [70, 194]}
					]
				},
				{
					"name": "bone79",
					"parent": "leg",
					"pivot": [6.66137, 43.34474, -14.27877],
					"rotation": [-5, 35, 0],
					"cubes": [
						{"origin": [-1.67539, 12.29214, -28.27723], "size": [1, 41, 1], "pivot": [9.70304, 33.76141, -14.52877], "rotation": [1.5, 5, 5], "uv": [70, 194]},
						{"origin": [-0.67539, 19.29214, -28.27723], "size": [1, 34, 1], "pivot": [9.70304, 33.76141, -14.52877], "rotation": [1.5, 5, 5], "uv": [70, 194]},
						{"origin": [0.32461, 26.29214, -28.27723], "size": [1, 27, 1], "pivot": [9.70304, 33.76141, -14.52877], "rotation": [1.5, 5, 5], "uv": [70, 194]},
						{"origin": [1.32461, 34.29214, -28.27723], "size": [1, 19, 1], "pivot": [9.70304, 33.76141, -14.52877], "rotation": [1.5, 5, 5], "uv": [70, 194]},
						{"origin": [2.32461, 42.29214, -28.27723], "size": [1, 11, 1], "pivot": [9.70304, 33.76141, -14.52877], "rotation": [1.5, 5, 5], "uv": [70, 194]},
						{"origin": [-1.67539, 53.29214, -28.27723], "size": [5.5, 1, 1], "pivot": [9.70304, 33.76141, -14.52877], "rotation": [1.5, 5, 5], "uv": [70, 194]}
					]
				},
				{
					"name": "leg2",
					"parent": "legs_main",
					"pivot": [0, 0, 0],
					"rotation": [0, -90, 0],
					"cubes": [
						{"origin": [-6, 7, -20], "size": [1, 110, 5], "pivot": [-5.5, 67, -19.5], "rotation": [0, 0, 5], "uv": [69, 141]},
						{"origin": [5, 7, -20], "size": [1, 110, 5], "pivot": [5.5, 67, -19.5], "rotation": [0, 0, -5], "uv": [69, 141]},
						{"origin": [5.82769, 6.53173, -22], "size": [1, 50, 5], "pivot": [6.32769, 31.53173, -19.5], "rotation": [5, 0, -10], "uv": [69, 141]},
						{"origin": [-6.82769, 6.53173, -22], "size": [1, 50, 5], "pivot": [-6.32769, 31.53173, -19.5], "rotation": [5, 0, 10], "uv": [69, 141]},
						{"origin": [-2, 55, -24], "size": [4, 1, 5], "uv": [66, 250]},
						{"origin": [-1.5, 116, -20], "size": [3, 1, 1], "uv": [66, 250]},
						{"origin": [-1.5, 55.5, -20.5], "size": [3, 61, 1], "pivot": [0, 105.5, -20], "rotation": [-4, 0, 0], "uv": [70, 194]},
						{"origin": [1.01904, 55.25188, -22.21421], "size": [6, 1, 1], "pivot": [4.01904, 55.75188, -21.71421], "rotation": [-0.5, -35, 0], "uv": [70, 194]},
						{"origin": [-6.98096, 55.25188, -22.21421], "size": [6, 1, 1], "pivot": [-3.98096, 55.75188, -21.71421], "rotation": [0.5, 35, 0], "uv": [70, 194]}
					]
				},
				{
					"name": "bone80",
					"parent": "leg2",
					"pivot": [-4.66529, 69.25095, -23.0365],
					"cubes": [
						{"origin": [-4.46529, 55.25095, -23.5365], "size": [2, 51, 1], "pivot": [-2.46529, 55.25095, -23.0365], "rotation": [-4, 35, 0], "uv": [70, 194]},
						{"origin": [-5.46529, 55.25095, -23.5365], "size": [1, 37, 1], "pivot": [-2.46529, 55.25095, -23.0365], "rotation": [-4, 35, 0], "uv": [70, 194]},
						{"origin": [-6.46529, 55.25095, -23.5365], "size": [1, 22, 1], "pivot": [-2.46529, 55.25095, -23.0365], "rotation": [-4, 35, 0], "uv": [70, 194]},
						{"origin": [-7.46529, 55.25095, -23.5365], "size": [1, 13, 1], "pivot": [-2.46529, 55.25095, -23.0365], "rotation": [-4, 35, 0], "uv": [70, 194]},
						{"origin": [-2.46529, 55.25095, -23.5365], "size": [1, 17, 1], "pivot": [-2.46529, 55.25095, -23.0365], "rotation": [-4, 35, 0], "uv": [70, 194]}
					]
				},
				{
					"name": "bone81",
					"parent": "leg2",
					"pivot": [4.83471, 69.25095, -23.0365],
					"rotation": [0, -70, 0],
					"cubes": [
						{"origin": [3.03471, 55.25095, -23.5365], "size": [2, 51, 1], "pivot": [7.03471, 55.25095, -23.0365], "rotation": [-4, 35, 0], "uv": [70, 194]},
						{"origin": [5.03471, 55.25095, -23.5365], "size": [1, 37, 1], "pivot": [7.03471, 55.25095, -23.0365], "rotation": [-4, 35, 0], "uv": [70, 194]},
						{"origin": [6.03471, 55.25095, -23.5365], "size": [1, 22, 1], "pivot": [7.03471, 55.25095, -23.0365], "rotation": [-4, 35, 0], "uv": [70, 194]},
						{"origin": [7.03471, 55.25095, -23.5365], "size": [1, 13, 1], "pivot": [7.03471, 55.25095, -23.0365], "rotation": [-4, 35, 0], "uv": [70, 194]},
						{"origin": [2.03471, 55.25095, -23.5365], "size": [1, 17, 1], "pivot": [7.03471, 55.25095, -23.0365], "rotation": [-4, 35, 0], "uv": [70, 194]}
					]
				},
				{
					"name": "bone82",
					"parent": "leg2",
					"pivot": [7.03471, 55.25095, -23.0365],
					"cubes": [
						{"origin": [7.70304, 14.26141, -19.77877], "size": [1, 41, 1], "pivot": [9.20304, 34.76141, -19.52877], "rotation": [-0.5, -35, -5], "uv": [70, 194]},
						{"origin": [6.70304, 21.26141, -19.77877], "size": [1, 34, 1], "pivot": [9.20304, 34.76141, -19.52877], "rotation": [-0.5, -35, -5], "uv": [70, 194]},
						{"origin": [5.70304, 28.26141, -19.77877], "size": [1, 27, 1], "pivot": [9.20304, 34.76141, -19.52877], "rotation": [-0.5, -35, -5], "uv": [70, 194]},
						{"origin": [4.70304, 36.26141, -19.77877], "size": [1, 19, 1], "pivot": [9.20304, 34.76141, -19.52877], "rotation": [-0.5, -35, -5], "uv": [70, 194]},
						{"origin": [3.70304, 44.26141, -19.77877], "size": [1, 11, 1], "pivot": [9.20304, 34.76141, -19.52877], "rotation": [-0.5, -35, -5], "uv": [70, 194]},
						{"origin": [3.20304, 55.26141, -19.77877], "size": [5.5, 1, 1], "pivot": [9.20304, 34.76141, -19.52877], "rotation": [-0.5, -35, -5], "uv": [70, 194]}
					]
				},
				{
					"name": "bone83",
					"parent": "leg2",
					"pivot": [6.66137, 43.34474, -14.27877],
					"rotation": [-5, 35, 0],
					"cubes": [
						{"origin": [-1.67539, 12.29214, -28.27723], "size": [1, 41, 1], "pivot": [9.70304, 33.76141, -14.52877], "rotation": [1.5, 5, 5], "uv": [70, 194]},
						{"origin": [-0.67539, 19.29214, -28.27723], "size": [1, 34, 1], "pivot": [9.70304, 33.76141, -14.52877], "rotation": [1.5, 5, 5], "uv": [70, 194]},
						{"origin": [0.32461, 26.29214, -28.27723], "size": [1, 27, 1], "pivot": [9.70304, 33.76141, -14.52877], "rotation": [1.5, 5, 5], "uv": [70, 194]},
						{"origin": [1.32461, 34.29214, -28.27723], "size": [1, 19, 1], "pivot": [9.70304, 33.76141, -14.52877], "rotation": [1.5, 5, 5], "uv": [70, 194]},
						{"origin": [2.32461, 42.29214, -28.27723], "size": [1, 11, 1], "pivot": [9.70304, 33.76141, -14.52877], "rotation": [1.5, 5, 5], "uv": [70, 194]},
						{"origin": [-1.67539, 53.29214, -28.27723], "size": [5.5, 1, 1], "pivot": [9.70304, 33.76141, -14.52877], "rotation": [1.5, 5, 5], "uv": [70, 194]}
					]
				},
				{
					"name": "leg3",
					"parent": "legs_main",
					"pivot": [0, 0, 0],
					"rotation": [0, 180, 0],
					"cubes": [
						{"origin": [-6, 7, -20], "size": [1, 110, 5], "pivot": [-5.5, 67, -19.5], "rotation": [0, 0, 5], "uv": [69, 141]},
						{"origin": [5, 7, -20], "size": [1, 110, 5], "pivot": [5.5, 67, -19.5], "rotation": [0, 0, -5], "uv": [69, 141]},
						{"origin": [5.82769, 6.53173, -22], "size": [1, 50, 5], "pivot": [6.32769, 31.53173, -19.5], "rotation": [5, 0, -10], "uv": [69, 141]},
						{"origin": [-6.82769, 6.53173, -22], "size": [1, 50, 5], "pivot": [-6.32769, 31.53173, -19.5], "rotation": [5, 0, 10], "uv": [69, 141]},
						{"origin": [-2, 55, -24], "size": [4, 1, 5], "uv": [66, 250]},
						{"origin": [-1.5, 116, -20], "size": [3, 1, 1], "uv": [66, 250]},
						{"origin": [-1.5, 55.5, -20.5], "size": [3, 61, 1], "pivot": [0, 105.5, -20], "rotation": [-4, 0, 0], "uv": [70, 194]},
						{"origin": [1.01904, 55.25188, -22.21421], "size": [6, 1, 1], "pivot": [4.01904, 55.75188, -21.71421], "rotation": [-0.5, -35, 0], "uv": [70, 194]},
						{"origin": [-6.98096, 55.25188, -22.21421], "size": [6, 1, 1], "pivot": [-3.98096, 55.75188, -21.71421], "rotation": [0.5, 35, 0], "uv": [70, 194]}
					]
				},
				{
					"name": "bone84",
					"parent": "leg3",
					"pivot": [-4.66529, 69.25095, -23.0365],
					"cubes": [
						{"origin": [-4.46529, 55.25095, -23.5365], "size": [2, 51, 1], "pivot": [-2.46529, 55.25095, -23.0365], "rotation": [-4, 35, 0], "uv": [70, 194]},
						{"origin": [-5.46529, 55.25095, -23.5365], "size": [1, 37, 1], "pivot": [-2.46529, 55.25095, -23.0365], "rotation": [-4, 35, 0], "uv": [70, 194]},
						{"origin": [-6.46529, 55.25095, -23.5365], "size": [1, 22, 1], "pivot": [-2.46529, 55.25095, -23.0365], "rotation": [-4, 35, 0], "uv": [70, 194]},
						{"origin": [-7.46529, 55.25095, -23.5365], "size": [1, 13, 1], "pivot": [-2.46529, 55.25095, -23.0365], "rotation": [-4, 35, 0], "uv": [70, 194]},
						{"origin": [-2.46529, 55.25095, -23.5365], "size": [1, 17, 1], "pivot": [-2.46529, 55.25095, -23.0365], "rotation": [-4, 35, 0], "uv": [70, 194]}
					]
				},
				{
					"name": "bone85",
					"parent": "leg3",
					"pivot": [4.83471, 69.25095, -23.0365],
					"rotation": [0, -70, 0],
					"cubes": [
						{"origin": [3.03471, 55.25095, -23.5365], "size": [2, 51, 1], "pivot": [7.03471, 55.25095, -23.0365], "rotation": [-4, 35, 0], "uv": [70, 194]},
						{"origin": [5.03471, 55.25095, -23.5365], "size": [1, 37, 1], "pivot": [7.03471, 55.25095, -23.0365], "rotation": [-4, 35, 0], "uv": [70, 194]},
						{"origin": [6.03471, 55.25095, -23.5365], "size": [1, 22, 1], "pivot": [7.03471, 55.25095, -23.0365], "rotation": [-4, 35, 0], "uv": [70, 194]},
						{"origin": [7.03471, 55.25095, -23.5365], "size": [1, 13, 1], "pivot": [7.03471, 55.25095, -23.0365], "rotation": [-4, 35, 0], "uv": [70, 194]},
						{"origin": [2.03471, 55.25095, -23.5365], "size": [1, 17, 1], "pivot": [7.03471, 55.25095, -23.0365], "rotation": [-4, 35, 0], "uv": [70, 194]}
					]
				},
				{
					"name": "bone86",
					"parent": "leg3",
					"pivot": [7.03471, 55.25095, -23.0365],
					"cubes": [
						{"origin": [7.70304, 14.26141, -19.77877], "size": [1, 41, 1], "pivot": [9.20304, 34.76141, -19.52877], "rotation": [-0.5, -35, -5], "uv": [70, 194]},
						{"origin": [6.70304, 21.26141, -19.77877], "size": [1, 34, 1], "pivot": [9.20304, 34.76141, -19.52877], "rotation": [-0.5, -35, -5], "uv": [70, 194]},
						{"origin": [5.70304, 28.26141, -19.77877], "size": [1, 27, 1], "pivot": [9.20304, 34.76141, -19.52877], "rotation": [-0.5, -35, -5], "uv": [70, 194]},
						{"origin": [4.70304, 36.26141, -19.77877], "size": [1, 19, 1], "pivot": [9.20304, 34.76141, -19.52877], "rotation": [-0.5, -35, -5], "uv": [70, 194]},
						{"origin": [3.70304, 44.26141, -19.77877], "size": [1, 11, 1], "pivot": [9.20304, 34.76141, -19.52877], "rotation": [-0.5, -35, -5], "uv": [70, 194]},
						{"origin": [3.20304, 55.26141, -19.77877], "size": [5.5, 1, 1], "pivot": [9.20304, 34.76141, -19.52877], "rotation": [-0.5, -35, -5], "uv": [70, 194]}
					]
				},
				{
					"name": "bone87",
					"parent": "leg3",
					"pivot": [6.66137, 43.34474, -14.27877],
					"rotation": [-5, 35, 0],
					"cubes": [
						{"origin": [-1.67539, 12.29214, -28.27723], "size": [1, 41, 1], "pivot": [9.70304, 33.76141, -14.52877], "rotation": [1.5, 5, 5], "uv": [70, 194]},
						{"origin": [-0.67539, 19.29214, -28.27723], "size": [1, 34, 1], "pivot": [9.70304, 33.76141, -14.52877], "rotation": [1.5, 5, 5], "uv": [70, 194]},
						{"origin": [0.32461, 26.29214, -28.27723], "size": [1, 27, 1], "pivot": [9.70304, 33.76141, -14.52877], "rotation": [1.5, 5, 5], "uv": [70, 194]},
						{"origin": [1.32461, 34.29214, -28.27723], "size": [1, 19, 1], "pivot": [9.70304, 33.76141, -14.52877], "rotation": [1.5, 5, 5], "uv": [70, 194]},
						{"origin": [2.32461, 42.29214, -28.27723], "size": [1, 11, 1], "pivot": [9.70304, 33.76141, -14.52877], "rotation": [1.5, 5, 5], "uv": [70, 194]},
						{"origin": [-1.67539, 53.29214, -28.27723], "size": [5.5, 1, 1], "pivot": [9.70304, 33.76141, -14.52877], "rotation": [1.5, 5, 5], "uv": [70, 194]}
					]
				},
				{
					"name": "leg4",
					"parent": "legs_main",
					"pivot": [0, 0, 0],
					"rotation": [0, 90, 0],
					"cubes": [
						{"origin": [-6, 7, -20], "size": [1, 110, 5], "pivot": [-5.5, 67, -19.5], "rotation": [0, 0, 5], "uv": [69, 141]},
						{"origin": [5, 7, -20], "size": [1, 110, 5], "pivot": [5.5, 67, -19.5], "rotation": [0, 0, -5], "uv": [69, 141]},
						{"origin": [5.82769, 6.53173, -22], "size": [1, 50, 5], "pivot": [6.32769, 31.53173, -19.5], "rotation": [5, 0, -10], "uv": [69, 141]},
						{"origin": [-6.82769, 6.53173, -22], "size": [1, 50, 5], "pivot": [-6.32769, 31.53173, -19.5], "rotation": [5, 0, 10], "uv": [69, 141]},
						{"origin": [-2, 55, -24], "size": [4, 1, 5], "uv": [66, 250]},
						{"origin": [-1.5, 116, -20], "size": [3, 1, 1], "uv": [66, 250]},
						{"origin": [-1.5, 55.5, -20.5], "size": [3, 61, 1], "pivot": [0, 105.5, -20], "rotation": [-4, 0, 0], "uv": [70, 194]},
						{"origin": [1.01904, 55.25188, -22.21421], "size": [6, 1, 1], "pivot": [4.01904, 55.75188, -21.71421], "rotation": [-0.5, -35, 0], "uv": [70, 194]},
						{"origin": [-6.98096, 55.25188, -22.21421], "size": [6, 1, 1], "pivot": [-3.98096, 55.75188, -21.71421], "rotation": [0.5, 35, 0], "uv": [70, 194]}
					]
				},
				{
					"name": "bone88",
					"parent": "leg4",
					"pivot": [-4.66529, 69.25095, -23.0365],
					"cubes": [
						{"origin": [-4.46529, 55.25095, -23.5365], "size": [2, 51, 1], "pivot": [-2.46529, 55.25095, -23.0365], "rotation": [-4, 35, 0], "uv": [70, 194]},
						{"origin": [-5.46529, 55.25095, -23.5365], "size": [1, 37, 1], "pivot": [-2.46529, 55.25095, -23.0365], "rotation": [-4, 35, 0], "uv": [70, 194]},
						{"origin": [-6.46529, 55.25095, -23.5365], "size": [1, 22, 1], "pivot": [-2.46529, 55.25095, -23.0365], "rotation": [-4, 35, 0], "uv": [70, 194]},
						{"origin": [-7.46529, 55.25095, -23.5365], "size": [1, 13, 1], "pivot": [-2.46529, 55.25095, -23.0365], "rotation": [-4, 35, 0], "uv": [70, 194]},
						{"origin": [-2.46529, 55.25095, -23.5365], "size": [1, 17, 1], "pivot": [-2.46529, 55.25095, -23.0365], "rotation": [-4, 35, 0], "uv": [70, 194]}
					]
				},
				{
					"name": "bone89",
					"parent": "leg4",
					"pivot": [4.83471, 69.25095, -23.0365],
					"rotation": [0, -70, 0],
					"cubes": [
						{"origin": [3.03471, 55.25095, -23.5365], "size": [2, 51, 1], "pivot": [7.03471, 55.25095, -23.0365], "rotation": [-4, 35, 0], "uv": [70, 194]},
						{"origin": [5.03471, 55.25095, -23.5365], "size": [1, 37, 1], "pivot": [7.03471, 55.25095, -23.0365], "rotation": [-4, 35, 0], "uv": [70, 194]},
						{"origin": [6.03471, 55.25095, -23.5365], "size": [1, 22, 1], "pivot": [7.03471, 55.25095, -23.0365], "rotation": [-4, 35, 0], "uv": [70, 194]},
						{"origin": [7.03471, 55.25095, -23.5365], "size": [1, 13, 1], "pivot": [7.03471, 55.25095, -23.0365], "rotation": [-4, 35, 0], "uv": [70, 194]},
						{"origin": [2.03471, 55.25095, -23.5365], "size": [1, 17, 1], "pivot": [7.03471, 55.25095, -23.0365], "rotation": [-4, 35, 0], "uv": [70, 194]}
					]
				},
				{
					"name": "bone90",
					"parent": "leg4",
					"pivot": [7.03471, 55.25095, -23.0365],
					"cubes": [
						{"origin": [7.70304, 14.26141, -19.77877], "size": [1, 41, 1], "pivot": [9.20304, 34.76141, -19.52877], "rotation": [-0.5, -35, -5], "uv": [70, 194]},
						{"origin": [6.70304, 21.26141, -19.77877], "size": [1, 34, 1], "pivot": [9.20304, 34.76141, -19.52877], "rotation": [-0.5, -35, -5], "uv": [70, 194]},
						{"origin": [5.70304, 28.26141, -19.77877], "size": [1, 27, 1], "pivot": [9.20304, 34.76141, -19.52877], "rotation": [-0.5, -35, -5], "uv": [70, 194]},
						{"origin": [4.70304, 36.26141, -19.77877], "size": [1, 19, 1], "pivot": [9.20304, 34.76141, -19.52877], "rotation": [-0.5, -35, -5], "uv": [70, 194]},
						{"origin": [3.70304, 44.26141, -19.77877], "size": [1, 11, 1], "pivot": [9.20304, 34.76141, -19.52877], "rotation": [-0.5, -35, -5], "uv": [70, 194]},
						{"origin": [3.20304, 55.26141, -19.77877], "size": [5.5, 1, 1], "pivot": [9.20304, 34.76141, -19.52877], "rotation": [-0.5, -35, -5], "uv": [70, 194]}
					]
				},
				{
					"name": "bone91",
					"parent": "leg4",
					"pivot": [6.66137, 43.34474, -14.27877],
					"rotation": [-5, 35, 0],
					"cubes": [
						{"origin": [-1.67539, 12.29214, -28.27723], "size": [1, 41, 1], "pivot": [9.70304, 33.76141, -14.52877], "rotation": [1.5, 5, 5], "uv": [70, 194]},
						{"origin": [-0.67539, 19.29214, -28.27723], "size": [1, 34, 1], "pivot": [9.70304, 33.76141, -14.52877], "rotation": [1.5, 5, 5], "uv": [70, 194]},
						{"origin": [0.32461, 26.29214, -28.27723], "size": [1, 27, 1], "pivot": [9.70304, 33.76141, -14.52877], "rotation": [1.5, 5, 5], "uv": [70, 194]},
						{"origin": [1.32461, 34.29214, -28.27723], "size": [1, 19, 1], "pivot": [9.70304, 33.76141, -14.52877], "rotation": [1.5, 5, 5], "uv": [70, 194]},
						{"origin": [2.32461, 42.29214, -28.27723], "size": [1, 11, 1], "pivot": [9.70304, 33.76141, -14.52877], "rotation": [1.5, 5, 5], "uv": [70, 194]},
						{"origin": [-1.67539, 53.29214, -28.27723], "size": [5.5, 1, 1], "pivot": [9.70304, 33.76141, -14.52877], "rotation": [1.5, 5, 5], "uv": [70, 194]}
					]
				},
				{
					"name": "fins_main",
					"parent": "falcon9",
					"pivot": [0, 0, 0],
					"rotation": [0, -45, 0]
				},
				{
					"name": "fins1_2",
					"parent": "fins_main",
					"pivot": [0, 0, 0]
				},
				{
					"name": "fin",
					"parent": "fins1_2",
					"pivot": [0, 518.5, -19.25],
					"rotation": [90, 0, 0],
					"cubes": [
						{"origin": [-4, 518, -32], "size": [8, 1, 12], "uv": [86, 243]},
						{"origin": [-2, 518, -20], "size": [4, 1, 1], "uv": [69, 159]}
					]
				},
				{
					"name": "fin2",
					"parent": "fins1_2",
					"pivot": [0, 518.5, 19.64087],
					"rotation": [90, 180, 0],
					"cubes": [
						{"origin": [-4, 518, 6.89087], "size": [8, 1, 12], "uv": [86, 243]},
						{"origin": [-2, 518, 18.89087], "size": [4, 1, 1], "uv": [69, 159]}
					]
				},
				{
					"name": "fins3_4",
					"parent": "fins_main",
					"pivot": [0, 0, 0],
					"rotation": [0, -90, 0]
				},
				{
					"name": "fin3",
					"parent": "fins3_4",
					"pivot": [0, 518.5, -19.25],
					"rotation": [90, 0, 0],
					"cubes": [
						{"origin": [-4, 518, -32], "size": [8, 1, 12], "uv": [86, 243]},
						{"origin": [-2, 518, -20], "size": [4, 1, 1], "uv": [69, 159]}
					]
				},
				{
					"name": "fin4",
					"parent": "fins3_4",
					"pivot": [0, 518.5, 19.64087],
					"rotation": [90, 180, 0],
					"cubes": [
						{"origin": [-4, 518, 6.89087], "size": [8, 1, 12], "uv": [86, 243]},
						{"origin": [-2, 518, 18.89087], "size": [4, 1, 1], "uv": [69, 159]}
					]
				},
				{
					"name": "stage2",
					"pivot": [0, 0, 0]
				},
				{
					"name": "bone94",
					"parent": "stage2",
					"pivot": [0, 76, 0]
				},
				{
					"name": "bone95",
					"parent": "bone94",
					"pivot": [0, 111, 0],
					"cubes": [
						{"origin": [-19, 566, -5], "size": [1, 70, 10], "uv": [0, 0]},
						{"origin": [18, 566, -5], "size": [1, 70, 10], "uv": [0, 0]}
					]
				},
				{
					"name": "bone96",
					"parent": "bone94",
					"pivot": [0, 111, 0],
					"rotation": [0, -30, 0],
					"cubes": [
						{"origin": [-19, 566, -5], "size": [1, 70, 10], "uv": [0, 0]},
						{"origin": [18, 566, -5], "size": [1, 70, 10], "uv": [0, 0]}
					]
				},
				{
					"name": "bone97",
					"parent": "bone94",
					"pivot": [0, 111, 0],
					"rotation": [0, -60, 0],
					"cubes": [
						{"origin": [-19, 566, -5], "size": [1, 70, 10], "uv": [0, 0]},
						{"origin": [18, 566, -5], "size": [1, 70, 10], "uv": [0, 0]}
					]
				},
				{
					"name": "bone98",
					"parent": "bone94",
					"pivot": [0, 111, 0],
					"rotation": [0, -90, 0],
					"cubes": [
						{"origin": [-19, 566, -5], "size": [1, 70, 10], "uv": [46, 160]},
						{"origin": [18, 566, -5], "size": [1, 70, 10], "uv": [0, 0]}
					]
				},
				{
					"name": "bone99",
					"parent": "bone94",
					"pivot": [0, 111, 0],
					"rotation": [0, -120, 0],
					"cubes": [
						{"origin": [-19, 566, -5], "size": [1, 70, 10], "uv": [0, 0]},
						{"origin": [18, 566, -5], "size": [1, 70, 10], "uv": [0, 0]}
					]
				},
				{
					"name": "bone100",
					"parent": "bone94",
					"pivot": [0, 111, 0],
					"rotation": [0, -150, 0],
					"cubes": [
						{"origin": [-19, 566, -5], "size": [1, 70, 10], "uv": [0, 0]},
						{"origin": [18, 566, -5], "size": [1, 70, 10], "uv": [0, 0]}
					]
				},
				{
					"name": "fairing",
					"pivot": [0, 0, 0]
				},
				{
					"name": "bone93",
					"parent": "fairing",
					"pivot": [0, 76, 0]
				},
				{
					"name": "bone101",
					"parent": "bone93",
					"pivot": [0, 650, 0],
					"cubes": [
						{"origin": [-23, 635, -5], "size": [1, 30, 10], "pivot": [-22.5, 650, 0], "rotation": [0, 0, -15], "uv": [0, 0]},
						{"origin": [22, 635, -5], "size": [1, 30, 10], "pivot": [22.5, 650, 0], "rotation": [0, 0, 15], "uv": [0, 0]}
					]
				},
				{
					"name": "bone102",
					"parent": "bone93",
					"pivot": [0, 650, 0],
					"rotation": [0, -30, 0],
					"cubes": [
						{"origin": [-23, 635, -5], "size": [1, 30, 10], "pivot": [-22.5, 650, 0], "rotation": [0, 0, -15], "uv": [0, 0]},
						{"origin": [22, 635, -5], "size": [1, 30, 10], "pivot": [22.5, 650, 0], "rotation": [0, 0, 15], "uv": [0, 0]}
					]
				},
				{
					"name": "bone103",
					"parent": "bone93",
					"pivot": [0, 650, 0],
					"rotation": [0, -60, 0],
					"cubes": [
						{"origin": [-23, 635, -5], "size": [1, 30, 10], "pivot": [-22.5, 650, 0], "rotation": [0, 0, -15], "uv": [0, 0]},
						{"origin": [22, 635, -5], "size": [1, 30, 10], "pivot": [22.5, 650, 0], "rotation": [0, 0, 15], "uv": [0, 0]}
					]
				},
				{
					"name": "bone104",
					"parent": "bone93",
					"pivot": [0, 650, 0],
					"rotation": [0, -90, 0],
					"cubes": [
						{"origin": [-23, 635, -5], "size": [1, 30, 10], "pivot": [-22.5, 650, 0], "rotation": [0, 0, -15], "uv": [0, 0]},
						{"origin": [22, 635, -5], "size": [1, 30, 10], "pivot": [22.5, 650, 0], "rotation": [0, 0, 15], "uv": [0, 0]}
					]
				},
				{
					"name": "bone105",
					"parent": "bone93",
					"pivot": [0, 650, 0],
					"rotation": [0, -120, 0],
					"cubes": [
						{"origin": [-23, 635, -5], "size": [1, 30, 10], "pivot": [-22.5, 650, 0], "rotation": [0, 0, -15], "uv": [0, 0]},
						{"origin": [22, 635, -5], "size": [1, 30, 10], "pivot": [22.5, 650, 0], "rotation": [0, 0, 15], "uv": [0, 0]}
					]
				},
				{
					"name": "bone106",
					"parent": "bone93",
					"pivot": [0, 650, 0],
					"rotation": [0, -150, 0],
					"cubes": [
						{"origin": [-23, 635, -5], "size": [1, 30, 10], "pivot": [-22.5, 650, 0], "rotation": [0, 0, -15], "uv": [0, 0]},
						{"origin": [22, 635, -5], "size": [1, 30, 10], "pivot": [22.5, 650, 0], "rotation": [0, 0, 15], "uv": [0, 0]}
					]
				},
				{
					"name": "bone107",
					"parent": "fairing",
					"pivot": [0, 76, 0],
					"rotation": [0, -15, 0]
				},
				{
					"name": "bone108",
					"parent": "bone107",
					"pivot": [0, 650, 0],
					"cubes": [
						{"origin": [-23, 635, -5], "size": [1, 30, 10], "pivot": [-22.5, 650, 0], "rotation": [0, 0, -15], "uv": [0, 0]},
						{"origin": [22, 635, -5], "size": [1, 30, 10], "pivot": [22.5, 650, 0], "rotation": [0, 0, 15], "uv": [0, 0]}
					]
				},
				{
					"name": "bone109",
					"parent": "bone107",
					"pivot": [0, 650, 0],
					"rotation": [0, -30, 0],
					"cubes": [
						{"origin": [-23, 635, -5], "size": [1, 30, 10], "pivot": [-22.5, 650, 0], "rotation": [0, 0, -15], "uv": [0, 0]},
						{"origin": [22, 635, -5], "size": [1, 30, 10], "pivot": [22.5, 650, 0], "rotation": [0, 0, 15], "uv": [0, 0]}
					]
				},
				{
					"name": "bone110",
					"parent": "bone107",
					"pivot": [0, 650, 0],
					"rotation": [0, -60, 0],
					"cubes": [
						{"origin": [-23, 635, -5], "size": [1, 30, 10], "pivot": [-22.5, 650, 0], "rotation": [0, 0, -15], "uv": [0, 0]},
						{"origin": [22, 635, -5], "size": [1, 30, 10], "pivot": [22.5, 650, 0], "rotation": [0, 0, 15], "uv": [0, 0]}
					]
				},
				{
					"name": "bone111",
					"parent": "bone107",
					"pivot": [0, 650, 0],
					"rotation": [0, -90, 0],
					"cubes": [
						{"origin": [-23, 635, -5], "size": [1, 30, 10], "pivot": [-22.5, 650, 0], "rotation": [0, 0, -15], "uv": [0, 0]},
						{"origin": [22, 635, -5], "size": [1, 30, 10], "pivot": [22.5, 650, 0], "rotation": [0, 0, 15], "uv": [0, 0]}
					]
				},
				{
					"name": "bone112",
					"parent": "bone107",
					"pivot": [0, 650, 0],
					"rotation": [0, -120, 0],
					"cubes": [
						{"origin": [-23, 635, -5], "size": [1, 30, 10], "pivot": [-22.5, 650, 0], "rotation": [0, 0, -15], "uv": [0, 0]},
						{"origin": [22, 635, -5], "size": [1, 30, 10], "pivot": [22.5, 650, 0], "rotation": [0, 0, 15], "uv": [0, 0]}
					]
				},
				{
					"name": "bone113",
					"parent": "bone107",
					"pivot": [0, 650, 0],
					"rotation": [0, -150, 0],
					"cubes": [
						{"origin": [-23, 635, -5], "size": [1, 30, 10], "pivot": [-22.5, 650, 0], "rotation": [0, 0, -15], "uv": [0, 0]},
						{"origin": [22, 635, -5], "size": [1, 30, 10], "pivot": [22.5, 650, 0], "rotation": [0, 0, 15], "uv": [0, 0]}
					]
				},
				{
					"name": "bone121",
					"parent": "fairing",
					"pivot": [0, 184.5, 0],
					"rotation": [0, -15, 0]
				},
				{
					"name": "bone122",
					"parent": "bone121",
					"pivot": [0, 758.5, 0],
					"cubes": [
						{"origin": [-23, 743.5, -5], "size": [1, 30, 10], "pivot": [-22.5, 758.5, 0], "rotation": [0, 0, 15], "uv": [0, 0]},
						{"origin": [22, 743.5, -5], "size": [1, 30, 10], "pivot": [22.5, 758.5, 0], "rotation": [0, 0, -15], "uv": [0, 0]}
					]
				},
				{
					"name": "bone123",
					"parent": "bone121",
					"pivot": [0, 758.5, 0],
					"rotation": [0, -30, 0],
					"cubes": [
						{"origin": [-23, 743.5, -5], "size": [1, 30, 10], "pivot": [-22.5, 758.5, 0], "rotation": [0, 0, 15], "uv": [0, 0]},
						{"origin": [22, 743.5, -5], "size": [1, 30, 10], "pivot": [22.5, 758.5, 0], "rotation": [0, 0, -15], "uv": [0, 0]}
					]
				},
				{
					"name": "bone124",
					"parent": "bone121",
					"pivot": [0, 758.5, 0],
					"rotation": [0, -60, 0],
					"cubes": [
						{"origin": [-23, 743.5, -5], "size": [1, 30, 10], "pivot": [-22.5, 758.5, 0], "rotation": [0, 0, 15], "uv": [0, 0]},
						{"origin": [22, 743.5, -5], "size": [1, 30, 10], "pivot": [22.5, 758.5, 0], "rotation": [0, 0, -15], "uv": [0, 0]}
					]
				},
				{
					"name": "bone125",
					"parent": "bone121",
					"pivot": [0, 758.5, 0],
					"rotation": [0, -90, 0],
					"cubes": [
						{"origin": [-23, 743.5, -5], "size": [1, 30, 10], "pivot": [-22.5, 758.5, 0], "rotation": [0, 0, 15], "uv": [0, 0]},
						{"origin": [22, 743.5, -5], "size": [1, 30, 10], "pivot": [22.5, 758.5, 0], "rotation": [0, 0, -15], "uv": [0, 0]}
					]
				},
				{
					"name": "bone126",
					"parent": "bone121",
					"pivot": [0, 758.5, 0],
					"rotation": [0, -120, 0],
					"cubes": [
						{"origin": [-23, 743.5, -5], "size": [1, 30, 10], "pivot": [-22.5, 758.5, 0], "rotation": [0, 0, 15], "uv": [0, 0]},
						{"origin": [22, 743.5, -5], "size": [1, 30, 10], "pivot": [22.5, 758.5, 0], "rotation": [0, 0, -15], "uv": [0, 0]}
					]
				},
				{
					"name": "bone127",
					"parent": "bone121",
					"pivot": [0, 758.5, 0],
					"rotation": [0, -150, 0],
					"cubes": [
						{"origin": [-23, 743.5, -5], "size": [1, 30, 10], "pivot": [-22.5, 758.5, 0], "rotation": [0, 0, 15], "uv": [0, 0]},
						{"origin": [22, 743.5, -5], "size": [1, 30, 10], "pivot": [22.5, 758.5, 0], "rotation": [0, 0, -15], "uv": [0, 0]}
					]
				},
				{
					"name": "bone128",
					"parent": "fairing",
					"pivot": [0, 184.5, 0],
					"rotation": [0, -30, 0]
				},
				{
					"name": "bone129",
					"parent": "bone128",
					"pivot": [0, 758.5, 0],
					"cubes": [
						{"origin": [-23, 743.5, -5], "size": [1, 30, 10], "pivot": [-22.5, 758.5, 0], "rotation": [0, 0, 15], "uv": [0, 0]},
						{"origin": [22, 743.5, -5], "size": [1, 30, 10], "pivot": [22.5, 758.5, 0], "rotation": [0, 0, -15], "uv": [0, 0]}
					]
				},
				{
					"name": "bone130",
					"parent": "bone128",
					"pivot": [0, 758.5, 0],
					"rotation": [0, -30, 0],
					"cubes": [
						{"origin": [-23, 743.5, -5], "size": [1, 30, 10], "pivot": [-22.5, 758.5, 0], "rotation": [0, 0, 15], "uv": [0, 0]},
						{"origin": [22, 743.5, -5], "size": [1, 30, 10], "pivot": [22.5, 758.5, 0], "rotation": [0, 0, -15], "uv": [0, 0]}
					]
				},
				{
					"name": "bone131",
					"parent": "bone128",
					"pivot": [0, 758.5, 0],
					"rotation": [0, -60, 0],
					"cubes": [
						{"origin": [-23, 743.5, -5], "size": [1, 30, 10], "pivot": [-22.5, 758.5, 0], "rotation": [0, 0, 15], "uv": [0, 0]},
						{"origin": [22, 743.5, -5], "size": [1, 30, 10], "pivot": [22.5, 758.5, 0], "rotation": [0, 0, -15], "uv": [0, 0]}
					]
				},
				{
					"name": "bone132",
					"parent": "bone128",
					"pivot": [0, 758.5, 0],
					"rotation": [0, -90, 0],
					"cubes": [
						{"origin": [-23, 743.5, -5], "size": [1, 30, 10], "pivot": [-22.5, 758.5, 0], "rotation": [0, 0, 15], "uv": [0, 0]},
						{"origin": [22, 743.5, -5], "size": [1, 30, 10], "pivot": [22.5, 758.5, 0], "rotation": [0, 0, -15], "uv": [0, 0]}
					]
				},
				{
					"name": "bone133",
					"parent": "bone128",
					"pivot": [0, 758.5, 0],
					"rotation": [0, -120, 0],
					"cubes": [
						{"origin": [-23, 743.5, -5], "size": [1, 30, 10], "pivot": [-22.5, 758.5, 0], "rotation": [0, 0, 15], "uv": [0, 0]},
						{"origin": [22, 743.5, -5], "size": [1, 30, 10], "pivot": [22.5, 758.5, 0], "rotation": [0, 0, -15], "uv": [0, 0]}
					]
				},
				{
					"name": "bone134",
					"parent": "bone128",
					"pivot": [0, 758.5, 0],
					"rotation": [0, -150, 0],
					"cubes": [
						{"origin": [-23, 743.5, -5], "size": [1, 30, 10], "pivot": [-22.5, 758.5, 0], "rotation": [0, 0, 15], "uv": [0, 0]},
						{"origin": [22, 743.5, -5], "size": [1, 30, 10], "pivot": [22.5, 758.5, 0], "rotation": [0, 0, -15], "uv": [0, 0]}
					]
				},
				{
					"name": "bone114",
					"parent": "fairing",
					"pivot": [0, 76, 0],
					"rotation": [0, -15, 0]
				},
				{
					"name": "bone115",
					"parent": "bone114",
					"pivot": [0, 650, 0],
					"cubes": [
						{"origin": [-26.5, 664.25, -7], "size": [1, 80, 14], "uv": [56, 45]},
						{"origin": [25.5, 664.25, -7], "size": [1, 80, 14], "uv": [56, 45]}
					]
				},
				{
					"name": "bone116",
					"parent": "bone114",
					"pivot": [0, 650, 0],
					"rotation": [0, -30, 0],
					"cubes": [
						{"origin": [-26.5, 664.25, -7], "size": [1, 80, 14], "uv": [56, 45]},
						{"origin": [25.5, 664.25, -7], "size": [1, 80, 14], "uv": [56, 45]}
					]
				},
				{
					"name": "bone117",
					"parent": "bone114",
					"pivot": [0, 650, 0],
					"rotation": [0, -60, 0],
					"cubes": [
						{"origin": [-26.5, 664.25, -7], "size": [1, 80, 14], "uv": [56, 45]},
						{"origin": [25.5, 664.25, -7], "size": [1, 80, 14], "uv": [56, 45]}
					]
				},
				{
					"name": "bone118",
					"parent": "bone114",
					"pivot": [0, 650, 0],
					"rotation": [0, -90, 0],
					"cubes": [
						{"origin": [-26.5, 664.25, -7], "size": [1, 80, 14], "uv": [56, 45]},
						{"origin": [25.5, 664.25, -7], "size": [1, 80, 14], "uv": [56, 45]}
					]
				},
				{
					"name": "bone119",
					"parent": "bone114",
					"pivot": [0, 650, 0],
					"rotation": [0, -120, 0],
					"cubes": [
						{"origin": [-26.5, 664.25, -7], "size": [1, 80, 14], "uv": [56, 45]},
						{"origin": [25.5, 664.25, -7], "size": [1, 80, 14], "uv": [56, 45]}
					]
				},
				{
					"name": "bone120",
					"parent": "bone114",
					"pivot": [0, 650, 0],
					"rotation": [0, -150, 0],
					"cubes": [
						{"origin": [-26.5, 664.25, -7], "size": [1, 80, 14], "uv": [56, 45]},
						{"origin": [25.5, 664.25, -7], "size": [1, 80, 14], "uv": [56, 45]}
					]
				},
				{
					"name": "bone135",
					"parent": "fairing",
					"pivot": [0, 841, 0],
					"cubes": [
						{"origin": [-5, 772, -18], "size": [10, 1, 36], "uv": [82, 4]},
						{"origin": [-5, 772, -18], "size": [10, 1, 36], "pivot": [0, 772.5, 0], "rotation": [0, -30, 0], "uv": [82, 4]},
						{"origin": [-5, 772, -18], "size": [10, 1, 36], "pivot": [0, 772.5, 0], "rotation": [0, -60, 0], "uv": [82, 4]},
						{"origin": [-5, 772, -18], "size": [10, 1, 36], "pivot": [0, 772.5, 0], "rotation": [0, -90, 0], "uv": [82, 4]},
						{"origin": [-5, 772, -18], "size": [10, 1, 36], "pivot": [0, 772.5, 0], "rotation": [0, -120, 0], "uv": [82, 4]},
						{"origin": [-5, 772, -18], "size": [10, 1, 36], "pivot": [0, 772.5, 0], "rotation": [0, -150, 0], "uv": [82, 4]}
					]
				}
			]
		}
	]
}