{
	"format_version": "1.12.0",
	"minecraft:geometry": [
		{
			"description": {
				"identifier": "geometry.custom.dragon",
				"texture_width": 256,
				"texture_height": 256,
				"visible_bounds_width": 17,
				"visible_bounds_height": 49,
				"visible_bounds_offset": [0, 0, 0]
			},
			"bones": [
				{
					"name": "falcon9",
					"pivot": [0, 0, 0]
				},
				{
					"name": "rocket",
					"parent": "falcon9",
					"pivot": [0, 76, 0]
				},
				{
					"name": "bone50",
					"parent": "rocket",
					"pivot": [0, 76, 0]
				},
				{
					"name": "bone51",
					"parent": "bone50",
					"pivot": [0, 111, 0],
					"cubes": [
						{"origin": [-19, 496, -5], "size": [1, 70, 10], "uv": [0, 160]},
						{"origin": [18, 496, -5], "size": [1, 70, 10], "uv": [0, 160]}
					]
				},
				{
					"name": "bone52",
					"parent": "bone50",
					"pivot": [0, 111, 0],
					"rotation": [0, -30, 0],
					"cubes": [
						{"origin": [-19, 496, -5], "size": [1, 70, 10], "uv": [0, 160]},
						{"origin": [18, 496, -5], "size": [1, 70, 10], "uv": [0, 160]}
					]
				},
				{
					"name": "bone53",
					"parent": "bone50",
					"pivot": [0, 111, 0],
					"rotation": [0, -60, 0],
					"cubes": [
						{"origin": [-19, 496, -5], "size": [1, 70, 10], "uv": [0, 160]},
						{"origin": [18, 496, -5], "size": [1, 70, 10], "uv": [0, 160]}
					]
				},
				{
					"name": "bone54",
					"parent": "bone50",
					"pivot": [0, 111, 0],
					"rotation": [0, -90, 0],
					"cubes": [
						{"origin": [-19, 496, -5], "size": [1, 70, 10], "uv": [23, 160]},
						{"origin": [18, 496, -5], "size": [1, 70, 10], "uv": [0, 160]}
					]
				},
				{
					"name": "bone55",
					"parent": "bone50",
					"pivot": [0, 111, 0],
					"rotation": [0, -120, 0],
					"cubes": [
						{"origin": [-19, 496, -5], "size": [1, 70, 10], "uv": [0, 160]},
						{"origin": [18, 496, -5], "size": [1, 70, 10], "uv": [0, 160]}
					]
				},
				{
					"name": "bone56",
					"parent": "bone50",
					"pivot": [0, 111, 0],
					"rotation": [0, -150, 0],
					"cubes": [
						{"origin": [-19, 496, -5], "size": [1, 70, 10], "uv": [0, 160]},
						{"origin": [18, 496, -5], "size": [1, 70, 10], "uv": [0, 160]}
					]
				},
				{
					"name": "bone43",
					"parent": "rocket",
					"pivot": [0, 76, 0]
				},
				{
					"name": "bone44",
					"parent": "bone43",
					"pivot": [0, 111, 0],
					"cubes": [
						{"origin": [-19, 426, -5], "size": [1, 70, 10], "uv": [0, 0]},
						{"origin": [18, 426, -5], "size": [1, 70, 10], "uv": [0, 0]}
					]
				},
				{
					"name": "bone45",
					"parent": "bone43",
					"pivot": [0, 111, 0],
					"rotation": [0, -30, 0],
					"cubes": [
						{"origin": [-19, 426, -5], "size": [1, 70, 10], "uv": [0, 0]},
						{"origin": [18, 426, -5], "size": [1, 70, 10], "uv": [0, 0]}
					]
				},
				{
					"name": "bone46",
					"parent": "bone43",
					"pivot": [0, 111, 0],
					"rotation": [0, -60, 0],
					"cubes": [
						{"origin": [-19, 426, -5], "size": [1, 70, 10], "uv": [0, 0]},
						{"origin": [18, 426, -5], "size": [1, 70, 10], "uv": [0, 0]}
					]
				},
				{
					"name": "bone47",
					"parent": "bone43",
					"pivot": [0, 111, 0],
					"rotation": [0, -90, 0],
					"cubes": [
						{"origin": [-19, 426, -5], "size": [1, 70, 10], "uv": [46, 160]},
						{"origin": [18, 426, -5], "size": [1, 70, 10], "uv": [0, 0]}
					]
				},
				{
					"name": "bone48",
					"parent": "bone43",
					"pivot": [0, 111, 0],
					"rotation": [0, -120, 0],
					"cubes": [
						{"origin": [-19, 426, -5], "size": [1, 70, 10], "uv": [0, 0]},
						{"origin": [18, 426, -5], "size": [1, 70, 10], "uv": [0, 0]}
					]
				},
				{
					"name": "bone49",
					"parent": "bone43",
					"pivot": [0, 111, 0],
					"rotation": [0, -150, 0],
					"cubes": [
						{"origin": [-19, 426, -5], "size": [1, 70, 10], "uv": [0, 0]},
						{"origin": [18, 426, -5], "size": [1, 70, 10], "uv": [0, 0]}
					]
				},
				{
					"name": "bone36",
					"parent": "rocket",
					"pivot": [0, 76, 0]
				},
				{
					"name": "bone37",
					"parent": "bone36",
					"pivot": [0, 111, 0],
					"cubes": [
						{"origin": [-19, 356, -5], "size": [1, 70, 10], "uv": [0, 0]},
						{"origin": [18, 356, -5], "size": [1, 70, 10], "uv": [0, 0]}
					]
				},
				{
					"name": "bone38",
					"parent": "bone36",
					"pivot": [0, 111, 0],
					"rotation": [0, -30, 0],
					"cubes": [
						{"origin": [-19, 356, -5], "size": [1, 70, 10], "uv": [0, 0]},
						{"origin": [18, 356, -5], "size": [1, 70, 10], "uv": [0, 0]}
					]
				},
				{
					"name": "bone39",
					"parent": "bone36",
					"pivot": [0, 111, 0],
					"rotation": [0, -60, 0],
					"cubes": [
						{"origin": [-19, 356, -5], "size": [1, 70, 10], "uv": [0, 0]},
						{"origin": [18, 356, -5], "size": [1, 70, 10], "uv": [0, 0]}
					]
				},
				{
					"name": "bone40",
					"parent": "bone36",
					"pivot": [0, 111, 0],
					"rotation": [0, -90, 0],
					"cubes": [
						{"origin": [-19, 356, -5], "size": [1, 70, 10], "uv": [0, 0]},
						{"origin": [18, 356, -5], "size": [1, 70, 10], "uv": [0, 0]}
					]
				},
				{
					"name": "bone41",
					"parent": "bone36",
					"pivot": [0, 111, 0],
					"rotation": [0, -120, 0],
					"cubes": [
						{"origin": [-19, 356, -5], "size": [1, 70, 10], "uv": [0, 0]},
						{"origin": [18, 356, -5], "size": [1, 70, 10], "uv": [0, 0]}
					]
				},
				{
					"name": "bone42",
					"parent": "bone36",
					"pivot": [0, 111, 0],
					"rotation": [0, -150, 0],
					"cubes": [
						{"origin": [-19, 356, -5], "size": [1, 70, 10], "uv": [0, 0]},
						{"origin": [18, 356, -5], "size": [1, 70, 10], "uv": [0, 0]}
					]
				},
				{
					"name": "bone29",
					"parent": "rocket",
					"pivot": [0, 76, 0]
				},
				{
					"name": "bone30",
					"parent": "bone29",
					"pivot": [0, 111, 0],
					"cubes": [
						{"origin": [-19, 286, -5], "size": [1, 70, 10], "uv": [0, 0]},
						{"origin": [18, 286, -5], "size": [1, 70, 10], "uv": [0, 0]}
					]
				},
				{
					"name": "bone31",
					"parent": "bone29",
					"pivot": [0, 111, 0],
					"rotation": [0, -30, 0],
					"cubes": [
						{"origin": [-19, 286, -5], "size": [1, 70, 10], "uv": [0, 0]},
						{"origin": [18, 286, -5], "size": [1, 70, 10], "uv": [0, 0]}
					]
				},
				{
					"name": "bone32",
					"parent": "bone29",
					"pivot": [0, 111, 0],
					"rotation": [0, -60, 0],
					"cubes": [
						{"origin": [-19, 286, -5], "size": [1, 70, 10], "uv": [0, 0]},
						{"origin": [18, 286, -5], "size": [1, 70, 10], "uv": [0, 0]}
					]
				},
				{
					"name": "bone33",
					"parent": "bone29",
					"pivot": [0, 111, 0],
					"rotation": [0, -90, 0],
					"cubes": [
						{"origin": [-19, 286, -5], "size": [1, 70, 10], "uv": [23, 80]},
						{"origin": [18, 286, -5], "size": [1, 70, 10], "uv": [0, 0]}
					]
				},
				{
					"name": "bone34",
					"parent": "bone29",
					"pivot": [0, 111, 0],
					"rotation": [0, -120, 0],
					"cubes": [
						{"origin": [-19, 286, -5], "size": [1, 70, 10], "uv": [0, 0]},
						{"origin": [18, 286, -5], "size": [1, 70, 10], "uv": [0, 0]}
					]
				},
				{
					"name": "bone35",
					"parent": "bone29",
					"pivot": [0, 111, 0],
					"rotation": [0, -150, 0],
					"cubes": [
						{"origin": [-19, 286, -5], "size": [1, 70, 10], "uv": [0, 0]},
						{"origin": [18, 286, -5], "size": [1, 70, 10], "uv": [0, 0]}
					]
				},
				{
					"name": "bone22",
					"parent": "rocket",
					"pivot": [0, 76, 0]
				},
				{
					"name": "bone23",
					"parent": "bone22",
					"pivot": [0, 111, 0],
					"cubes": [
						{"origin": [-19, 216, -5], "size": [1, 70, 10], "uv": [0, 0]},
						{"origin": [18, 216, -5], "size": [1, 70, 10], "uv": [0, 0]}
					]
				},
				{
					"name": "bone24",
					"parent": "bone22",
					"pivot": [0, 111, 0],
					"rotation": [0, -30, 0],
					"cubes": [
						{"origin": [-19, 216, -5], "size": [1, 70, 10], "uv": [0, 0]},
						{"origin": [18, 216, -5], "size": [1, 70, 10], "uv": [0, 0]}
					]
				},
				{
					"name": "bone25",
					"parent": "bone22",
					"pivot": [0, 111, 0],
					"rotation": [0, -60, 0],
					"cubes": [
						{"origin": [-19, 216, -5], "size": [1, 70, 10], "uv": [0, 0]},
						{"origin": [18, 216, -5], "size": [1, 70, 10], "uv": [0, 0]}
					]
				},
				{
					"name": "bone26",
					"parent": "bone22",
					"pivot": [0, 111, 0],
					"rotation": [0, -90, 0],
					"cubes": [
						{"origin": [-19, 216, -5], "size": [1, 70, 10], "uv": [0, 0]},
						{"origin": [18, 216, -5], "size": [1, 70, 10], "uv": [0, 0]}
					]
				},
				{
					"name": "bone27",
					"parent": "bone22",
					"pivot": [0, 111, 0],
					"rotation": [0, -120, 0],
					"cubes": [
						{"origin": [-19, 216, -5], "size": [1, 70, 10], "uv": [0, 0]},
						{"origin": [18, 216, -5], "size": [1, 70, 10], "uv": [0, 0]}
					]
				},
				{
					"name": "bone28",
					"parent": "bone22",
					"pivot": [0, 111, 0],
					"rotation": [0, -150, 0],
					"cubes": [
						{"origin": [-19, 216, -5], "size": [1, 70, 10], "uv": [0, 0]},
						{"origin": [18, 216, -5], "size": [1, 70, 10], "uv": [0, 0]}
					]
				},
				{
					"name": "bone15",
					"parent": "rocket",
					"pivot": [0, 76, 0]
				},
				{
					"name": "bone16",
					"parent": "bone15",
					"pivot": [0, 111, 0],
					"cubes": [
						{"origin": [-19, 146, -5], "size": [1, 70, 10], "uv": [0, 0]},
						{"origin": [18, 146, -5], "size": [1, 70, 10], "uv": [0, 0]}
					]
				},
				{
					"name": "bone17",
					"parent": "bone15",
					"pivot": [0, 111, 0],
					"rotation": [0, -30, 0],
					"cubes": [
						{"origin": [-19, 146, -5], "size": [1, 70, 10], "uv": [0, 0]},
						{"origin": [18, 146, -5], "size": [1, 70, 10], "uv": [0, 0]}
					]
				},
				{
					"name": "bone18",
					"parent": "bone15",
					"pivot": [0, 111, 0],
					"rotation": [0, -60, 0],
					"cubes": [
						{"origin": [-19, 146, -5], "size": [1, 70, 10], "uv": [0, 0]},
						{"origin": [18, 146, -5], "size": [1, 70, 10], "uv": [0, 0]}
					]
				},
				{
					"name": "bone19",
					"parent": "bone15",
					"pivot": [0, 111, 0],
					"rotation": [0, -90, 0],
					"cubes": [
						{"origin": [-19, 146, -5], "size": [1, 70, 10], "uv": [0, 0]},
						{"origin": [18, 146, -5], "size": [1, 70, 10], "uv": [0, 0]}
					]
				},
				{
					"name": "bone20",
					"parent": "bone15",
					"pivot": [0, 111, 0],
					"rotation": [0, -120, 0],
					"cubes": [
						{"origin": [-19, 146, -5], "size": [1, 70, 10], "uv": [0, 0]},
						{"origin": [18, 146, -5], "size": [1, 70, 10], "uv": [0, 0]}
					]
				},
				{
					"name": "bone21",
					"parent": "bone15",
					"pivot": [0, 111, 0],
					"rotation": [0, -150, 0],
					"cubes": [
						{"origin": [-19, 146, -5], "size": [1, 70, 10], "uv": [0, 0]},
						{"origin": [18, 146, -5], "size": [1, 70, 10], "uv": [0, 0]}
					]
				},
				{
					"name": "bone8",
					"parent": "rocket",
					"pivot": [0, 7, 0]
				},
				{
					"name": "bone9",
					"parent": "bone8",
					"pivot": [0, 42, 0],
					"cubes": [
						{"origin": [-19, 77, -5], "size": [1, 70, 10], "uv": [0, 0]},
						{"origin": [18, 77, -5], "size": [1, 70, 10], "uv": [0, 0]}
					]
				},
				{
					"name": "bone10",
					"parent": "bone8",
					"pivot": [0, 42, 0],
					"rotation": [0, -30, 0],
					"cubes": [
						{"origin": [-19, 77, -5], "size": [1, 70, 10], "uv": [0, 0]},
						{"origin": [18, 77, -5], "size": [1, 70, 10], "uv": [0, 0]}
					]
				},
				{
					"name": "bone11",
					"parent": "bone8",
					"pivot": [0, 42, 0],
					"rotation": [0, -60, 0],
					"cubes": [
						{"origin": [-19, 77, -5], "size": [1, 70, 10], "uv": [0, 0]},
						{"origin": [18, 77, -5], "size": [1, 70, 10], "uv": [0, 0]}
					]
				},
				{
					"name": "bone12",
					"parent": "bone8",
					"pivot": [0, 42, 0],
					"rotation": [0, -90, 0],
					"cubes": [
						{"origin": [-19, 77, -5], "size": [1, 70, 10], "uv": [0, 0]},
						{"origin": [18, 77, -5], "size": [1, 70, 10], "uv": [0, 0]}
					]
				},
				{
					"name": "bone13",
					"parent": "bone8",
					"pivot": [0, 42, 0],
					"rotation": [0, -120, 0],
					"cubes": [
						{"origin": [-19, 77, -5], "size": [1, 70, 10], "uv": [0, 0]},
						{"origin": [18, 77, -5], "size": [1, 70, 10], "uv": [0, 0]}
					]
				},
				{
					"name": "bone14",
					"parent": "bone8",
					"pivot": [0, 42, 0],
					"rotation": [0, -150, 0],
					"cubes": [
						{"origin": [-19, 77, -5], "size": [1, 70, 10], "uv": [0, 0]},
						{"origin": [18, 77, -5], "size": [1, 70, 10], "uv": [0, 0]}
					]
				},
				{
					"name": "bone7",
					"parent": "rocket",
					"pivot": [0, 7, 0]
				},
				{
					"name": "bone",
					"parent": "bone7",
					"pivot": [0, 42, 0],
					"cubes": [
						{"origin": [-19, 7, -5], "size": [1, 70, 10], "uv": [0, 80]},
						{"origin": [18, 7, -5], "size": [1, 70, 10], "uv": [0, 80]}
					]
				},
				{
					"name": "bone2",
					"parent": "bone7",
					"pivot": [0, 42, 0],
					"rotation": [0, -30, 0],
					"cubes": [
						{"origin": [-19, 7, -5], "size": [1, 70, 10], "uv": [0, 80]},
						{"origin": [18, 7, -5], "size": [1, 70, 10], "uv": [0, 80]}
					]
				},
				{
					"name": "bone3",
					"parent": "bone7",
					"pivot": [0, 42, 0],
					"rotation": [0, -60, 0],
					"cubes": [
						{"origin": [-19, 7, -5], "size": [1, 70, 10], "uv": [0, 80]},
						{"origin": [18, 7, -5], "size": [1, 70, 10], "uv": [0, 80]}
					]
				},
				{
					"name": "bone4",
					"parent": "bone7",
					"pivot": [0, 42, 0],
					"rotation": [0, -90, 0],
					"cubes": [
						{"origin": [-19, 7, -5], "size": [1, 70, 10], "uv": [0, 80]},
						{"origin": [18, 7, -5], "size": [1, 70, 10], "uv": [0, 80]}
					]
				},
				{
					"name": "bone5",
					"parent": "bone7",
					"pivot": [0, 42, 0],
					"rotation": [0, -120, 0],
					"cubes": [
						{"origin": [-19, 7, -5], "size": [1, 70, 10], "uv": [0, 80]},
						{"origin": [18, 7, -5], "size": [1, 70, 10], "uv": [0, 80]}
					]
				},
				{
					"name": "bone6",
					"parent": "bone7",
					"pivot": [0, 42, 0],
					"rotation": [0, -150, 0],
					"cubes": [
						{"origin": [-19, 7, -5], "size": [1, 70, 10], "uv": [0, 80]},
						{"origin": [18, 7, -5], "size": [1, 70, 10], "uv": [0, 80]}
					]
				},
				{
					"name": "bone57",
					"parent": "rocket",
					"pivot": [0, 80, 0],
					"cubes": [
						{"origin": [-5, 11, -18], "size": [10, 1, 36], "uv": [24, 0]},
						{"origin": [-5, 11, -18], "size": [10, 1, 36], "pivot": [0, 11.5, 0], "rotation": [0, -30, 0], "uv": [24, 0]},
						{"origin": [-5, 11, -18], "size": [10, 1, 36], "pivot": [0, 11.5, 0], "rotation": [0, -60, 0], "uv": [24, 0]},
						{"origin": [-5, 11, -18], "size": [10, 1, 36], "pivot": [0, 11.5, 0], "rotation": [0, -90, 0], "uv": [24, 0]},
						{"origin": [-5, 11, -18], "size": [10, 1, 36], "pivot": [0, 11.5, 0], "rotation": [0, -120, 0], "uv": [24, 0]},
						{"origin": [-5, 11, -18], "size": [10, 1, 36], "pivot": [0, 11.5, 0], "rotation": [0, -150, 0], "uv": [24, 0]}
					]
				},
				{
					"name": "bone92",
					"parent": "rocket",
					"pivot": [0, 559, 0],
					"cubes": [
						{"origin": [-5, 490, -18], "size": [10, 1, 36], "uv": [24, 0]},
						{"origin": [-5, 490, -18], "size": [10, 1, 36], "pivot": [0, 490.5, 0], "rotation": [0, -30, 0], "uv": [24, 0]},
						{"origin": [-5, 490, -18], "size": [10, 1, 36], "pivot": [0, 490.5, 0], "rotation": [0, -60, 0], "uv": [24, 0]},
						{"origin": [-5, 490, -18], "size": [10, 1, 36], "pivot": [0, 490.5, 0], "rotation": [0, -90, 0], "uv": [24, 0]},
						{"origin": [-5, 490, -18], "size": [10, 1, 36], "pivot": [0, 490.5, 0], "rotation": [0, -120, 0], "uv": [24, 0]},
						{"origin": [-5, 490, -18], "size": [10, 1, 36], "pivot": [0, 490.5, 0], "rotation": [0, -150, 0], "uv": [24, 0]}
					]
				},
				{
					"name": "boosters",
					"parent": "falcon9",
					"pivot": [0, 0, 0]
				},
				{
					"name": "merlin",
					"parent": "boosters",
					"pivot": [0, 0, 0],
					"cubes": [
						{"origin": [-3, 2, -3], "size": [6, 9, 6], "uv": [29, 0]}
					]
				},
				{
					"name": "bone58",
					"parent": "merlin",
					"pivot": [0, 3, 0],
					"cubes": [
						{"origin": [-5, 0, -2], "size": [1, 8, 4], "uv": [23, 11]},
						{"origin": [4, 0, -2], "size": [1, 8, 4], "uv": [23, 11]}
					]
				},
				{
					"name": "bone59",
					"parent": "merlin",
					"pivot": [0, 3, 0],
					"rotation": [0, -45, 0],
					"cubes": [
						{"origin": [-5, 0, -2], "size": [1, 8, 4], "uv": [23, 11]},
						{"origin": [4, 0, -2], "size": [1, 8, 4], "uv": [23, 11]}
					]
				},
				{
					"name": "bone60",
					"parent": "merlin",
					"pivot": [0, 3, 0],
					"rotation": [0, -90, 0],
					"cubes": [
						{"origin": [-5, 0, -2], "size": [1, 8, 4], "uv": [23, 11]},
						{"origin": [4, 0, -2], "size": [1, 8, 4], "uv": [23, 11]}
					]
				},
				{
					"name": "bone61",
					"parent": "merlin",
					"pivot": [0, 3, 0],
					"rotation": [0, -135, 0],
					"cubes": [
						{"origin": [-5, 0, -2], "size": [1, 8, 4], "uv": [23, 11]},
						{"origin": [4, 0, -2], "size": [1, 8, 4], "uv": [23, 11]}
					]
				},
				{
					"name": "merlin2",
					"parent": "boosters",
					"pivot": [0, 0, 0],
					"cubes": [
						{"origin": [-3, 2, 10.5], "size": [6, 9, 6], "uv": [29, 0]}
					]
				},
				{
					"name": "bone62",
					"parent": "merlin2",
					"pivot": [0, 3, 13.5],
					"cubes": [
						{"origin": [-5, 0, 11.5], "size": [1, 8, 4], "uv": [23, 11]},
						{"origin": [4, 0, 11.5], "size": [1, 8, 4], "uv": [23, 11]}
					]
				},
				{
					"name": "bone63",
					"parent": "merlin2",
					"pivot": [0, 3, 13.5],
					"rotation": [0, -45, 0],
					"cubes": [
						{"origin": [-5, 0, 11.5], "size": [1, 8, 4], "uv": [23, 11]},
						{"origin": [4, 0, 11.5], "size": [1, 8, 4], "uv": [23, 11]}
					]
				},
				{
					"name": "bone64",
					"parent": "merlin2",
					"pivot": [0, 3, 13.5],
					"rotation": [0, -90, 0],
					"cubes": [
						{"origin": [-5, 0, 11.5], "size": [1, 8, 4], "uv": [23, 11]},
						{"origin": [4, 0, 11.5], "size": [1, 8, 4], "uv": [23, 11]}
					]
				},
				{
					"name": "bone65",
					"parent": "merlin2",
					"pivot": [0, 3, 13.5],
					"rotation": [0, -135, 0],
					"cubes": [
						{"origin": [-5, 0, 11.5], "size": [1, 8, 4], "uv": [23, 11]},
						{"origin": [4, 0, 11.5], "size": [1, 8, 4], "uv": [23, 11]}
					]
				},
				{
					"name": "merlin3",
					"parent": "boosters",
					"pivot": [0, 0, 0],
					"rotation": [0, -45, 0],
					"cubes": [
						{"origin": [-3, 2, 10.5], "size": [6, 9, 6], "uv": [29, 0]}
					]
				},
				{
					"name": "bone66",
					"parent": "merlin3",
					"pivot": [0, 3, 13.5],
					"cubes": [
						{"origin": [-5, 0, 11.5], "size": [1, 8, 4], "uv": [23, 11]},
						{"origin": [4, 0, 11.5], "size": [1, 8, 4], "uv": [23, 11]}
					]
				},
				{
					"name": "bone67",
					"parent": "merlin3",
					"pivot": [0, 3, 13.5],
					"rotation": [0, -45, 0],
					"cubes": [
						{"origin": [-5, 0, 11.5], "size": [1, 8, 4], "uv": [23, 11]},
						{"origin": [4, 0, 11.5], "size": [1, 8, 4], "uv": [23, 11]}
					]
				},
				{
					"name": "bone68",
					"parent": "merlin3",
					"pivot": [0, 3, 13.5],
					"rotation": [0, -90, 0],
					"cubes": [
						{"origin": [-5, 0, 11.5], "size": [1, 8, 4], "uv": [23, 11]},
						{"origin": [4, 0, 11.5], "size": [1, 8, 4], "uv": [23, 11]}
					]
				},
				{
					"name": "bone69",
					"parent": "merlin3",
					"pivot": [0, 3, 13.5],
					"rotation": [0, -135, 0],
					"cubes": [
						{"origin": [-5, 0, 11.5], "size": [1, 8, 4], "uv": [23, 11]},
						{"origin": [4, 0, 11.5], "size": [1, 8, 4], "uv": [23, 11]}
					]
				},
				{
					"name": "merlin4",
					"parent": "boosters",
					"pivot": [0, 0, 0],
					"rotation": [0, -90, 0],
					"cubes": [
						{"origin": [-3, 2, 10.5], "size": [6, 9, 6], "uv": [29, 0]}
					]
				},
				{
					"name": "bone70",
					"parent": "merlin4",
					"pivot": [0, 3, 13.5],
					"cubes": [
						{"origin": [-5, 0, 11.5], "size": [1, 8, 4], "uv": [23, 11]},
						{"origin": [4, 0, 11.5], "size": [1, 8, 4], "uv": [23, 11]}
					]
				},
				{
					"name": "bone71",
					"parent": "merlin4",
					"pivot": [0, 3, 13.5],
					"rotation": [0, -45, 0],
					"cubes": [
						{"origin": [-5, 0, 11.5], "size": [1, 8, 4], "uv": [23, 11]},
						{"origin": [4, 0, 11.5], "size": [1, 8, 4], "uv": [23, 11]}
					]
				},
				{
					"name": "bone72",
					"parent": "merlin4",
					"pivot": [0, 3, 13.5],
					"rotation": [0, -90, 0],
					"cubes": [
						{"origin": [-5, 0, 11.5], "size": [1, 8, 4], "uv": [23, 11]},
						{"origin": [4, 0, 11.5], "size": [1, 8, 4], "uv": [23, 11]}
					]
				},
				{
					"name": "bone73",
					"parent": "merlin4",
					"pivot": [0, 3, 13.5],
					"rotation": [0, -135, 0],
					"cubes": [
						{"origin": [-5, 0, 11.5], "size": [1, 8, 4], "uv": [23, 11]},
						{"origin": [4, 0, 11.5], "size": [1, 8, 4], "uv": [23, 11]}
					]
				},
				{
					"name": "merlin5",
					"parent": "boosters",
					"pivot": [0, 0, 0],
					"rotation": [0, -135, 0],
					"cubes": [
						{"origin": [-3, 2, 10.5], "size": [6, 9, 6], "uv": [29, 0]}
					]
				},
				{
					"name": "bone74",
					"parent": "merlin5",
					"pivot": [0, 3, 13.5],
					"cubes": [
						{"origin": [-5, 0, 11.5], "size": [1, 8, 4], "uv": [23, 11]},
						{"origin": [4, 0, 11.5], "size": [1, 8, 4], "uv": [23, 11]}
					]
				},
				{
					"name": "bone75",
					"parent": "merlin5",
					"pivot": [0, 3, 13.5],
					"rotation": [0, -45, 0],
					"cubes": [
						{"origin": [-5, 0, 11.5], "size": [1, 8, 4], "uv": [23, 11]},
						{"origin": [4, 0, 11.5], "size": [1, 8, 4], "uv": [23, 11]}
					]
				},
				{
					"name": "bone114",
					"parent": "merlin5",
					"pivot": [0, 3, 13.5],
					"rotation": [0, -90, 0],
					"cubes": [
						{"origin": [-5, 0, 11.5], "size": [1, 8, 4], "uv": [23, 11]},
						{"origin": [4, 0, 11.5], "size": [1, 8, 4], "uv": [23, 11]}
					]
				},
				{
					"name": "bone115",
					"parent": "merlin5",
					"pivot": [0, 3, 13.5],
					"rotation": [0, -135, 0],
					"cubes": [
						{"origin": [-5, 0, 11.5], "size": [1, 8, 4], "uv": [23, 11]},
						{"origin": [4, 0, 11.5], "size": [1, 8, 4], "uv": [23, 11]}
					]
				},
				{
					"name": "merlin6",
					"parent": "boosters",
					"pivot": [0, 0, 0],
					"rotation": [0, 180, 0],
					"cubes": [
						{"origin": [-3, 2, 10.5], "size": [6, 9, 6], "uv": [29, 0]}
					]
				},
				{
					"name": "bone116",
					"parent": "merlin6",
					"pivot": [0, 3, 13.5],
					"cubes": [
						{"origin": [-5, 0, 11.5], "size": [1, 8, 4], "uv": [23, 11]},
						{"origin": [4, 0, 11.5], "size": [1, 8, 4], "uv": [23, 11]}
					]
				},
				{
					"name": "bone117",
					"parent": "merlin6",
					"pivot": [0, 3, 13.5],
					"rotation": [0, -45, 0],
					"cubes": [
						{"origin": [-5, 0, 11.5], "size": [1, 8, 4], "uv": [23, 11]},
						{"origin": [4, 0, 11.5], "size": [1, 8, 4], "uv": [23, 11]}
					]
				},
				{
					"name": "bone118",
					"parent": "merlin6",
					"pivot": [0, 3, 13.5],
					"rotation": [0, -90, 0],
					"cubes": [
						{"origin": [-5, 0, 11.5], "size": [1, 8, 4], "uv": [23, 11]},
						{"origin": [4, 0, 11.5], "size": [1, 8, 4], "uv": [23, 11]}
					]
				},
				{
					"name": "bone119",
					"parent": "merlin6",
					"pivot": [0, 3, 13.5],
					"rotation": [0, -135, 0],
					"cubes": [
						{"origin": [-5, 0, 11.5], "size": [1, 8, 4], "uv": [23, 11]},
						{"origin": [4, 0, 11.5], "size": [1, 8, 4], "uv": [23, 11]}
					]
				},
				{
					"name": "merlin7",
					"parent": "boosters",
					"pivot": [0, 0, 0],
					"rotation": [0, 135, 0],
					"cubes": [
						{"origin": [-3, 2, 10.5], "size": [6, 9, 6], "uv": [29, 0]}
					]
				},
				{
					"name": "bone120",
					"parent": "merlin7",
					"pivot": [0, 3, 13.5],
					"cubes": [
						{"origin": [-5, 0, 11.5], "size": [1, 8, 4], "uv": [23, 11]},
						{"origin": [4, 0, 11.5], "size": [1, 8, 4], "uv": [23, 11]}
					]
				},
				{
					"name": "bone121",
					"parent": "merlin7",
					"pivot": [0, 3, 13.5],
					"rotation": [0, -45, 0],
					"cubes": [
						{"origin": [-5, 0, 11.5], "size": [1, 8, 4], "uv": [23, 11]},
						{"origin": [4, 0, 11.5], "size": [1, 8, 4], "uv": [23, 11]}
					]
				},
				{
					"name": "bone122",
					"parent": "merlin7",
					"pivot": [0, 3, 13.5],
					"rotation": [0, -90, 0],
					"cubes": [
						{"origin": [-5, 0, 11.5], "size": [1, 8, 4], "uv": [23, 11]},
						{"origin": [4, 0, 11.5], "size": [1, 8, 4], "uv": [23, 11]}
					]
				},
				{
					"name": "bone123",
					"parent": "merlin7",
					"pivot": [0, 3, 13.5],
					"rotation": [0, -135, 0],
					"cubes": [
						{"origin": [-5, 0, 11.5], "size": [1, 8, 4], "uv": [23, 11]},
						{"origin": [4, 0, 11.5], "size": [1, 8, 4], "uv": [23, 11]}
					]
				},
				{
					"name": "merlin8",
					"parent": "boosters",
					"pivot": [0, 0, 0],
					"rotation": [0, 90, 0],
					"cubes": [
						{"origin": [-3, 2, 10.5], "size": [6, 9, 6], "uv": [29, 0]}
					]
				},
				{
					"name": "bone124",
					"parent": "merlin8",
					"pivot": [0, 3, 13.5],
					"cubes": [
						{"origin": [-5, 0, 11.5], "size": [1, 8, 4], "uv": [23, 11]},
						{"origin": [4, 0, 11.5], "size": [1, 8, 4], "uv": [23, 11]}
					]
				},
				{
					"name": "bone125",
					"parent": "merlin8",
					"pivot": [0, 3, 13.5],
					"rotation": [0, -45, 0],
					"cubes": [
						{"origin": [-5, 0, 11.5], "size": [1, 8, 4], "uv": [23, 11]},
						{"origin": [4, 0, 11.5], "size": [1, 8, 4], "uv": [23, 11]}
					]
				},
				{
					"name": "bone126",
					"parent": "merlin8",
					"pivot": [0, 3, 13.5],
					"rotation": [0, -90, 0],
					"cubes": [
						{"origin": [-5, 0, 11.5], "size": [1, 8, 4], "uv": [23, 11]},
						{"origin": [4, 0, 11.5], "size": [1, 8, 4], "uv": [23, 11]}
					]
				},
				{
					"name": "bone127",
					"parent": "merlin8",
					"pivot": [0, 3, 13.5],
					"rotation": [0, -135, 0],
					"cubes": [
						{"origin": [-5, 0, 11.5], "size": [1, 8, 4], "uv": [23, 11]},
						{"origin": [4, 0, 11.5], "size": [1, 8, 4], "uv": [23, 11]}
					]
				},
				{
					"name": "merlin9",
					"parent": "boosters",
					"pivot": [0, 0, 0],
					"rotation": [0, 45, 0],
					"cubes": [
						{"origin": [-3, 2, 10.5], "size": [6, 9, 6], "uv": [29, 0]}
					]
				},
				{
					"name": "bone129",
					"parent": "merlin9",
					"pivot": [0, 3, 13.5],
					"cubes": [
						{"origin": [-5, 0, 11.5], "size": [1, 8, 4], "uv": [23, 11]},
						{"origin": [4, 0, 11.5], "size": [1, 8, 4], "uv": [23, 11]}
					]
				},
				{
					"name": "bone130",
					"parent": "merlin9",
					"pivot": [0, 3, 13.5],
					"rotation": [0, -45, 0],
					"cubes": [
						{"origin": [-5, 0, 11.5], "size": [1, 8, 4], "uv": [23, 11]},
						{"origin": [4, 0, 11.5], "size": [1, 8, 4], "uv": [23, 11]}
					]
				},
				{
					"name": "bone131",
					"parent": "merlin9",
					"pivot": [0, 3, 13.5],
					"rotation": [0, -90, 0],
					"cubes": [
						{"origin": [-5, 0, 11.5], "size": [1, 8, 4], "uv": [23, 11]},
						{"origin": [4, 0, 11.5], "size": [1, 8, 4], "uv": [23, 11]}
					]
				},
				{
					"name": "bone132",
					"parent": "merlin9",
					"pivot": [0, 3, 13.5],
					"rotation": [0, -135, 0],
					"cubes": [
						{"origin": [-5, 0, 11.5], "size": [1, 8, 4], "uv": [23, 11]},
						{"origin": [4, 0, 11.5], "size": [1, 8, 4], "uv": [23, 11]}
					]
				},
				{
					"name": "legs_main",
					"parent": "falcon9",
					"pivot": [0, 0, 0],
					"rotation": [0, -45, 0]
				},
				{
					"name": "leg",
					"parent": "legs_main",
					"pivot": [0, 0, 0],
					"cubes": [
						{"origin": [-6, 7, -20], "size": [1, 110, 5], "pivot": [-5.5, 67, -19.5], "rotation": [0, 0, 5], "uv": [69, 141]},
						{"origin": [5, 7, -20], "size": [1, 110, 5], "pivot": [5.5, 67, -19.5], "rotation": [0, 0, -5], "uv": [69, 141]},
						{"origin": [5.82769, 6.53173, -22], "size": [1, 50, 5], "pivot": [6.32769, 31.53173, -19.5], "rotation": [5, 0, -10], "uv": [69, 141]},
						{"origin": [-6.82769, 6.53173, -22], "size": [1, 50, 5], "pivot": [-6.32769, 31.53173, -19.5], "rotation": [5, 0, 10], "uv": [69, 141]},
						{"origin": [-2, 55, -24], "size": [4, 1, 5], "uv": [66, 250]},
						{"origin": [-1.5, 116, -20], "size": [3, 1, 1], "uv": [66, 250]},
						{"origin": [-1.5, 55.5, -20.5], "size": [3, 61, 1], "pivot": [0, 105.5, -20], "rotation": [-4, 0, 0], "uv": [70, 194]},
						{"origin": [1.01904, 55.25188, -22.21421], "size": [6, 1, 1], "pivot": [4.01904, 55.75188, -21.71421], "rotation": [-0.5, -35, 0], "uv": [70, 194]},
						{"origin": [-6.98096, 55.25188, -22.21421], "size": [6, 1, 1], "pivot": [-3.98096, 55.75188, -21.71421], "rotation": [0.5, 35, 0], "uv": [70, 194]}
					]
				},
				{
					"name": "bone76",
					"parent": "leg",
					"pivot": [-4.66529, 69.25095, -23.0365],
					"cubes": [
						{"origin": [-4.46529, 55.25095, -23.5365], "size": [2, 51, 1], "pivot": [-2.46529, 55.25095, -23.0365], "rotation": [-4, 35, 0], "uv": [70, 194]},
						{"origin": [-5.46529, 55.25095, -23.5365], "size": [1, 37, 1], "pivot": [-2.46529, 55.25095, -23.0365], "rotation": [-4, 35, 0], "uv": [70, 194]},
						{"origin": [-6.46529, 55.25095, -23.5365], "size": [1, 22, 1], "pivot": [-2.46529, 55.25095, -23.0365], "rotation": [-4, 35, 0], "uv": [70, 194]},
						{"origin": [-7.46529, 55.25095, -23.5365], "size": [1, 13, 1], "pivot": [-2.46529, 55.25095, -23.0365], "rotation": [-4, 35, 0], "uv": [70, 194]},
						{"origin": [-2.46529, 55.25095, -23.5365], "size": [1, 17, 1], "pivot": [-2.46529, 55.25095, -23.0365], "rotation": [-4, 35, 0], "uv": [70, 194]}
					]
				},
				{
					"name": "bone77",
					"parent": "leg",
					"pivot": [4.83471, 69.25095, -23.0365],
					"rotation": [0, -70, 0],
					"cubes": [
						{"origin": [3.03471, 55.25095, -23.5365], "size": [2, 51, 1], "pivot": [7.03471, 55.25095, -23.0365], "rotation": [-4, 35, 0], "uv": [70, 194]},
						{"origin": [5.03471, 55.25095, -23.5365], "size": [1, 37, 1], "pivot": [7.03471, 55.25095, -23.0365], "rotation": [-4, 35, 0], "uv": [70, 194]},
						{"origin": [6.03471, 55.25095, -23.5365], "size": [1, 22, 1], "pivot": [7.03471, 55.25095, -23.0365], "rotation": [-4, 35, 0], "uv": [70, 194]},
						{"origin": [7.03471, 55.25095, -23.5365], "size": [1, 13, 1], "pivot": [7.03471, 55.25095, -23.0365], "rotation": [-4, 35, 0], "uv": [70, 194]},
						{"origin": [2.03471, 55.25095, -23.5365], "size": [1, 17, 1], "pivot": [7.03471, 55.25095, -23.0365], "rotation": [-4, 35, 0], "uv": [70, 194]}
					]
				},
				{
					"name": "bone78",
					"parent": "leg",
					"pivot": [7.03471, 55.25095, -23.0365],
					"cubes": [
						{"origin": [7.70304, 14.26141, -19.77877], "size": [1, 41, 1], "pivot": [9.20304, 34.76141, -19.52877], "rotation": [-0.5, -35, -5], "uv": [70, 194]},
						{"origin": [6.70304, 21.26141, -19.77877], "size": [1, 34, 1], "pivot": [9.20304, 34.76141, -19.52877], "rotation": [-0.5, -35, -5], "uv": [70, 194]},
						{"origin": [5.70304, 28.26141, -19.77877], "size": [1, 27, 1], "pivot": [9.20304, 34.76141, -19.52877], "rotation": [-0.5, -35, -5], "uv": [70, 194]},
						{"origin": [4.70304, 36.26141, -19.77877], "size": [1, 19, 1], "pivot": [9.20304, 34.76141, -19.52877], "rotation": [-0.5, -35, -5], "uv": [70, 194]},
						{"origin": [3.70304, 44.26141, -19.77877], "size": [1, 11, 1], "pivot": [9.20304, 34.76141, -19.52877], "rotation": [-0.5, -35, -5], "uv": [70, 194]},
						{"origin": [3.20304, 55.26141, -19.77877], "size": [5.5, 1, 1], "pivot": [9.20304, 34.76141, -19.52877], "rotation": [-0.5, -35, -5], "uv": [70, 194]}
					]
				},
				{
					"name": "bone79",
					"parent": "leg",
					"pivot": [6.66137, 43.34474, -14.27877],
					"rotation": [-5, 35, 0],
					"cubes": [
						{"origin": [-1.67539, 12.29214, -28.27723], "size": [1, 41, 1], "pivot": [9.70304, 33.76141, -14.52877], "rotation": [1.5, 5, 5], "uv": [70, 194]},
						{"origin": [-0.67539, 19.29214, -28.27723], "size": [1, 34, 1], "pivot": [9.70304, 33.76141, -14.52877], "rotation": [1.5, 5, 5], "uv": [70, 194]},
						{"origin": [0.32461, 26.29214, -28.27723], "size": [1, 27, 1], "pivot": [9.70304, 33.76141, -14.52877], "rotation": [1.5, 5, 5], "uv": [70, 194]},
						{"origin": [1.32461, 34.29214, -28.27723], "size": [1, 19, 1], "pivot": [9.70304, 33.76141, -14.52877], "rotation": [1.5, 5, 5], "uv": [70, 194]},
						{"origin": [2.32461, 42.29214, -28.27723], "size": [1, 11, 1], "pivot": [9.70304, 33.76141, -14.52877], "rotation": [1.5, 5, 5], "uv": [70, 194]},
						{"origin": [-1.67539, 53.29214, -28.27723], "size": [5.5, 1, 1], "pivot": [9.70304, 33.76141, -14.52877], "rotation": [1.5, 5, 5], "uv": [70, 194]}
					]
				},
				{
					"name": "leg2",
					"parent": "legs_main",
					"pivot": [0, 0, 0],
					"rotation": [0, -90, 0],
					"cubes": [
						{"origin": [-6, 7, -20], "size": [1, 110, 5], "pivot": [-5.5, 67, -19.5], "rotation": [0, 0, 5], "uv": [69, 141]},
						{"origin": [5, 7, -20], "size": [1, 110, 5], "pivot": [5.5, 67, -19.5], "rotation": [0, 0, -5], "uv": [69, 141]},
						{"origin": [5.82769, 6.53173, -22], "size": [1, 50, 5], "pivot": [6.32769, 31.53173, -19.5], "rotation": [5, 0, -10], "uv": [69, 141]},
						{"origin": [-6.82769, 6.53173, -22], "size": [1, 50, 5], "pivot": [-6.32769, 31.53173, -19.5], "rotation": [5, 0, 10], "uv": [69, 141]},
						{"origin": [-2, 55, -24], "size": [4, 1, 5], "uv": [66, 250]},
						{"origin": [-1.5, 116, -20], "size": [3, 1, 1], "uv": [66, 250]},
						{"origin": [-1.5, 55.5, -20.5], "size": [3, 61, 1], "pivot": [0, 105.5, -20], "rotation": [-4, 0, 0], "uv": [70, 194]},
						{"origin": [1.01904, 55.25188, -22.21421], "size": [6, 1, 1], "pivot": [4.01904, 55.75188, -21.71421], "rotation": [-0.5, -35, 0], "uv": [70, 194]},
						{"origin": [-6.98096, 55.25188, -22.21421], "size": [6, 1, 1], "pivot": [-3.98096, 55.75188, -21.71421], "rotation": [0.5, 35, 0], "uv": [70, 194]}
					]
				},
				{
					"name": "bone80",
					"parent": "leg2",
					"pivot": [-4.66529, 69.25095, -23.0365],
					"cubes": [
						{"origin": [-4.46529, 55.25095, -23.5365], "size": [2, 51, 1], "pivot": [-2.46529, 55.25095, -23.0365], "rotation": [-4, 35, 0], "uv": [70, 194]},
						{"origin": [-5.46529, 55.25095, -23.5365], "size": [1, 37, 1], "pivot": [-2.46529, 55.25095, -23.0365], "rotation": [-4, 35, 0], "uv": [70, 194]},
						{"origin": [-6.46529, 55.25095, -23.5365], "size": [1, 22, 1], "pivot": [-2.46529, 55.25095, -23.0365], "rotation": [-4, 35, 0], "uv": [70, 194]},
						{"origin": [-7.46529, 55.25095, -23.5365], "size": [1, 13, 1], "pivot": [-2.46529, 55.25095, -23.0365], "rotation": [-4, 35, 0], "uv": [70, 194]},
						{"origin": [-2.46529, 55.25095, -23.5365], "size": [1, 17, 1], "pivot": [-2.46529, 55.25095, -23.0365], "rotation": [-4, 35, 0], "uv": [70, 194]}
					]
				},
				{
					"name": "bone81",
					"parent": "leg2",
					"pivot": [4.83471, 69.25095, -23.0365],
					"rotation": [0, -70, 0],
					"cubes": [
						{"origin": [3.03471, 55.25095, -23.5365], "size": [2, 51, 1], "pivot": [7.03471, 55.25095, -23.0365], "rotation": [-4, 35, 0], "uv": [70, 194]},
						{"origin": [5.03471, 55.25095, -23.5365], "size": [1, 37, 1], "pivot": [7.03471, 55.25095, -23.0365], "rotation": [-4, 35, 0], "uv": [70, 194]},
						{"origin": [6.03471, 55.25095, -23.5365], "size": [1, 22, 1], "pivot": [7.03471, 55.25095, -23.0365], "rotation": [-4, 35, 0], "uv": [70, 194]},
						{"origin": [7.03471, 55.25095, -23.5365], "size": [1, 13, 1], "pivot": [7.03471, 55.25095, -23.0365], "rotation": [-4, 35, 0], "uv": [70, 194]},
						{"origin": [2.03471, 55.25095, -23.5365], "size": [1, 17, 1], "pivot": [7.03471, 55.25095, -23.0365], "rotation": [-4, 35, 0], "uv": [70, 194]}
					]
				},
				{
					"name": "bone82",
					"parent": "leg2",
					"pivot": [7.03471, 55.25095, -23.0365],
					"cubes": [
						{"origin": [7.70304, 14.26141, -19.77877], "size": [1, 41, 1], "pivot": [9.20304, 34.76141, -19.52877], "rotation": [-0.5, -35, -5], "uv": [70, 194]},
						{"origin": [6.70304, 21.26141, -19.77877], "size": [1, 34, 1], "pivot": [9.20304, 34.76141, -19.52877], "rotation": [-0.5, -35, -5], "uv": [70, 194]},
						{"origin": [5.70304, 28.26141, -19.77877], "size": [1, 27, 1], "pivot": [9.20304, 34.76141, -19.52877], "rotation": [-0.5, -35, -5], "uv": [70, 194]},
						{"origin": [4.70304, 36.26141, -19.77877], "size": [1, 19, 1], "pivot": [9.20304, 34.76141, -19.52877], "rotation": [-0.5, -35, -5], "uv": [70, 194]},
						{"origin": [3.70304, 44.26141, -19.77877], "size": [1, 11, 1], "pivot": [9.20304, 34.76141, -19.52877], "rotation": [-0.5, -35, -5], "uv": [70, 194]},
						{"origin": [3.20304, 55.26141, -19.77877], "size": [5.5, 1, 1], "pivot": [9.20304, 34.76141, -19.52877], "rotation": [-0.5, -35, -5], "uv": [70, 194]}
					]
				},
				{
					"name": "bone83",
					"parent": "leg2",
					"pivot": [6.66137, 43.34474, -14.27877],
					"rotation": [-5, 35, 0],
					"cubes": [
						{"origin": [-1.67539, 12.29214, -28.27723], "size": [1, 41, 1], "pivot": [9.70304, 33.76141, -14.52877], "rotation": [1.5, 5, 5], "uv": [70, 194]},
						{"origin": [-0.67539, 19.29214, -28.27723], "size": [1, 34, 1], "pivot": [9.70304, 33.76141, -14.52877], "rotation": [1.5, 5, 5], "uv": [70, 194]},
						{"origin": [0.32461, 26.29214, -28.27723], "size": [1, 27, 1], "pivot": [9.70304, 33.76141, -14.52877], "rotation": [1.5, 5, 5], "uv": [70, 194]},
						{"origin": [1.32461, 34.29214, -28.27723], "size": [1, 19, 1], "pivot": [9.70304, 33.76141, -14.52877], "rotation": [1.5, 5, 5], "uv": [70, 194]},
						{"origin": [2.32461, 42.29214, -28.27723], "size": [1, 11, 1], "pivot": [9.70304, 33.76141, -14.52877], "rotation": [1.5, 5, 5], "uv": [70, 194]},
						{"origin": [-1.67539, 53.29214, -28.27723], "size": [5.5, 1, 1], "pivot": [9.70304, 33.76141, -14.52877], "rotation": [1.5, 5, 5], "uv": [70, 194]}
					]
				},
				{
					"name": "leg3",
					"parent": "legs_main",
					"pivot": [0, 0, 0],
					"rotation": [0, 180, 0],
					"cubes": [
						{"origin": [-6, 7, -20], "size": [1, 110, 5], "pivot": [-5.5, 67, -19.5], "rotation": [0, 0, 5], "uv": [69, 141]},
						{"origin": [5, 7, -20], "size": [1, 110, 5], "pivot": [5.5, 67, -19.5], "rotation": [0, 0, -5], "uv": [69, 141]},
						{"origin": [5.82769, 6.53173, -22], "size": [1, 50, 5], "pivot": [6.32769, 31.53173, -19.5], "rotation": [5, 0, -10], "uv": [69, 141]},
						{"origin": [-6.82769, 6.53173, -22], "size": [1, 50, 5], "pivot": [-6.32769, 31.53173, -19.5], "rotation": [5, 0, 10], "uv": [69, 141]},
						{"origin": [-2, 55, -24], "size": [4, 1, 5], "uv": [66, 250]},
						{"origin": [-1.5, 116, -20], "size": [3, 1, 1], "uv": [66, 250]},
						{"origin": [-1.5, 55.5, -20.5], "size": [3, 61, 1], "pivot": [0, 105.5, -20], "rotation": [-4, 0, 0], "uv": [70, 194]},
						{"origin": [1.01904, 55.25188, -22.21421], "size": [6, 1, 1], "pivot": [4.01904, 55.75188, -21.71421], "rotation": [-0.5, -35, 0], "uv": [70, 194]},
						{"origin": [-6.98096, 55.25188, -22.21421], "size": [6, 1, 1], "pivot": [-3.98096, 55.75188, -21.71421], "rotation": [0.5, 35, 0], "uv": [70, 194]}
					]
				},
				{
					"name": "bone84",
					"parent": "leg3",
					"pivot": [-4.66529, 69.25095, -23.0365],
					"cubes": [
						{"origin": [-4.46529, 55.25095, -23.5365], "size": [2, 51, 1], "pivot": [-2.46529, 55.25095, -23.0365], "rotation": [-4, 35, 0], "uv": [70, 194]},
						{"origin": [-5.46529, 55.25095, -23.5365], "size": [1, 37, 1], "pivot": [-2.46529, 55.25095, -23.0365], "rotation": [-4, 35, 0], "uv": [70, 194]},
						{"origin": [-6.46529, 55.25095, -23.5365], "size": [1, 22, 1], "pivot": [-2.46529, 55.25095, -23.0365], "rotation": [-4, 35, 0], "uv": [70, 194]},
						{"origin": [-7.46529, 55.25095, -23.5365], "size": [1, 13, 1], "pivot": [-2.46529, 55.25095, -23.0365], "rotation": [-4, 35, 0], "uv": [70, 194]},
						{"origin": [-2.46529, 55.25095, -23.5365], "size": [1, 17, 1], "pivot": [-2.46529, 55.25095, -23.0365], "rotation": [-4, 35, 0], "uv": [70, 194]}
					]
				},
				{
					"name": "bone85",
					"parent": "leg3",
					"pivot": [4.83471, 69.25095, -23.0365],
					"rotation": [0, -70, 0],
					"cubes": [
						{"origin": [3.03471, 55.25095, -23.5365], "size": [2, 51, 1], "pivot": [7.03471, 55.25095, -23.0365], "rotation": [-4, 35, 0], "uv": [70, 194]},
						{"origin": [5.03471, 55.25095, -23.5365], "size": [1, 37, 1], "pivot": [7.03471, 55.25095, -23.0365], "rotation": [-4, 35, 0], "uv": [70, 194]},
						{"origin": [6.03471, 55.25095, -23.5365], "size": [1, 22, 1], "pivot": [7.03471, 55.25095, -23.0365], "rotation": [-4, 35, 0], "uv": [70, 194]},
						{"origin": [7.03471, 55.25095, -23.5365], "size": [1, 13, 1], "pivot": [7.03471, 55.25095, -23.0365], "rotation": [-4, 35, 0], "uv": [70, 194]},
						{"origin": [2.03471, 55.25095, -23.5365], "size": [1, 17, 1], "pivot": [7.03471, 55.25095, -23.0365], "rotation": [-4, 35, 0], "uv": [70, 194]}
					]
				},
				{
					"name": "bone86",
					"parent": "leg3",
					"pivot": [7.03471, 55.25095, -23.0365],
					"cubes": [
						{"origin": [7.70304, 14.26141, -19.77877], "size": [1, 41, 1], "pivot": [9.20304, 34.76141, -19.52877], "rotation": [-0.5, -35, -5], "uv": [70, 194]},
						{"origin": [6.70304, 21.26141, -19.77877], "size": [1, 34, 1], "pivot": [9.20304, 34.76141, -19.52877], "rotation": [-0.5, -35, -5], "uv": [70, 194]},
						{"origin": [5.70304, 28.26141, -19.77877], "size": [1, 27, 1], "pivot": [9.20304, 34.76141, -19.52877], "rotation": [-0.5, -35, -5], "uv": [70, 194]},
						{"origin": [4.70304, 36.26141, -19.77877], "size": [1, 19, 1], "pivot": [9.20304, 34.76141, -19.52877], "rotation": [-0.5, -35, -5], "uv": [70, 194]},
						{"origin": [3.70304, 44.26141, -19.77877], "size": [1, 11, 1], "pivot": [9.20304, 34.76141, -19.52877], "rotation": [-0.5, -35, -5], "uv": [70, 194]},
						{"origin": [3.20304, 55.26141, -19.77877], "size": [5.5, 1, 1], "pivot": [9.20304, 34.76141, -19.52877], "rotation": [-0.5, -35, -5], "uv": [70, 194]}
					]
				},
				{
					"name": "bone87",
					"parent": "leg3",
					"pivot": [6.66137, 43.34474, -14.27877],
					"rotation": [-5, 35, 0],
					"cubes": [
						{"origin": [-1.67539, 12.29214, -28.27723], "size": [1, 41, 1], "pivot": [9.70304, 33.76141, -14.52877], "rotation": [1.5, 5, 5], "uv": [70, 194]},
						{"origin": [-0.67539, 19.29214, -28.27723], "size": [1, 34, 1], "pivot": [9.70304, 33.76141, -14.52877], "rotation": [1.5, 5, 5], "uv": [70, 194]},
						{"origin": [0.32461, 26.29214, -28.27723], "size": [1, 27, 1], "pivot": [9.70304, 33.76141, -14.52877], "rotation": [1.5, 5, 5], "uv": [70, 194]},
						{"origin": [1.32461, 34.29214, -28.27723], "size": [1, 19, 1], "pivot": [9.70304, 33.76141, -14.52877], "rotation": [1.5, 5, 5], "uv": [70, 194]},
						{"origin": [2.32461, 42.29214, -28.27723], "size": [1, 11, 1], "pivot": [9.70304, 33.76141, -14.52877], "rotation": [1.5, 5, 5], "uv": [70, 194]},
						{"origin": [-1.67539, 53.29214, -28.27723], "size": [5.5, 1, 1], "pivot": [9.70304, 33.76141, -14.52877], "rotation": [1.5, 5, 5], "uv": [70, 194]}
					]
				},
				{
					"name": "leg4",
					"parent": "legs_main",
					"pivot": [0, 0, 0],
					"rotation": [0, 90, 0],
					"cubes": [
						{"origin": [-6, 7, -20], "size": [1, 110, 5], "pivot": [-5.5, 67, -19.5], "rotation": [0, 0, 5], "uv": [69, 141]},
						{"origin": [5, 7, -20], "size": [1, 110, 5], "pivot": [5.5, 67, -19.5], "rotation": [0, 0, -5], "uv": [69, 141]},
						{"origin": [5.82769, 6.53173, -22], "size": [1, 50, 5], "pivot": [6.32769, 31.53173, -19.5], "rotation": [5, 0, -10], "uv": [69, 141]},
						{"origin": [-6.82769, 6.53173, -22], "size": [1, 50, 5], "pivot": [-6.32769, 31.53173, -19.5], "rotation": [5, 0, 10], "uv": [69, 141]},
						{"origin": [-2, 55, -24], "size": [4, 1, 5], "uv": [66, 250]},
						{"origin": [-1.5, 116, -20], "size": [3, 1, 1], "uv": [66, 250]},
						{"origin": [-1.5, 55.5, -20.5], "size": [3, 61, 1], "pivot": [0, 105.5, -20], "rotation": [-4, 0, 0], "uv": [70, 194]},
						{"origin": [1.01904, 55.25188, -22.21421], "size": [6, 1, 1], "pivot": [4.01904, 55.75188, -21.71421], "rotation": [-0.5, -35, 0], "uv": [70, 194]},
						{"origin": [-6.98096, 55.25188, -22.21421], "size": [6, 1, 1], "pivot": [-3.98096, 55.75188, -21.71421], "rotation": [0.5, 35, 0], "uv": [70, 194]}
					]
				},
				{
					"name": "bone88",
					"parent": "leg4",
					"pivot": [-4.66529, 69.25095, -23.0365],
					"cubes": [
						{"origin": [-4.46529, 55.25095, -23.5365], "size": [2, 51, 1], "pivot": [-2.46529, 55.25095, -23.0365], "rotation": [-4, 35, 0], "uv": [70, 194]},
						{"origin": [-5.46529, 55.25095, -23.5365], "size": [1, 37, 1], "pivot": [-2.46529, 55.25095, -23.0365], "rotation": [-4, 35, 0], "uv": [70, 194]},
						{"origin": [-6.46529, 55.25095, -23.5365], "size": [1, 22, 1], "pivot": [-2.46529, 55.25095, -23.0365], "rotation": [-4, 35, 0], "uv": [70, 194]},
						{"origin": [-7.46529, 55.25095, -23.5365], "size": [1, 13, 1], "pivot": [-2.46529, 55.25095, -23.0365], "rotation": [-4, 35, 0], "uv": [70, 194]},
						{"origin": [-2.46529, 55.25095, -23.5365], "size": [1, 17, 1], "pivot": [-2.46529, 55.25095, -23.0365], "rotation": [-4, 35, 0], "uv": [70, 194]}
					]
				},
				{
					"name": "bone89",
					"parent": "leg4",
					"pivot": [4.83471, 69.25095, -23.0365],
					"rotation": [0, -70, 0],
					"cubes": [
						{"origin": [3.03471, 55.25095, -23.5365], "size": [2, 51, 1], "pivot": [7.03471, 55.25095, -23.0365], "rotation": [-4, 35, 0], "uv": [70, 194]},
						{"origin": [5.03471, 55.25095, -23.5365], "size": [1, 37, 1], "pivot": [7.03471, 55.25095, -23.0365], "rotation": [-4, 35, 0], "uv": [70, 194]},
						{"origin": [6.03471, 55.25095, -23.5365], "size": [1, 22, 1], "pivot": [7.03471, 55.25095, -23.0365], "rotation": [-4, 35, 0], "uv": [70, 194]},
						{"origin": [7.03471, 55.25095, -23.5365], "size": [1, 13, 1], "pivot": [7.03471, 55.25095, -23.0365], "rotation": [-4, 35, 0], "uv": [70, 194]},
						{"origin": [2.03471, 55.25095, -23.5365], "size": [1, 17, 1], "pivot": [7.03471, 55.25095, -23.0365], "rotation": [-4, 35, 0], "uv": [70, 194]}
					]
				},
				{
					"name": "bone90",
					"parent": "leg4",
					"pivot": [7.03471, 55.25095, -23.0365],
					"cubes": [
						{"origin": [7.70304, 14.26141, -19.77877], "size": [1, 41, 1], "pivot": [9.20304, 34.76141, -19.52877], "rotation": [-0.5, -35, -5], "uv": [70, 194]},
						{"origin": [6.70304, 21.26141, -19.77877], "size": [1, 34, 1], "pivot": [9.20304, 34.76141, -19.52877], "rotation": [-0.5, -35, -5], "uv": [70, 194]},
						{"origin": [5.70304, 28.26141, -19.77877], "size": [1, 27, 1], "pivot": [9.20304, 34.76141, -19.52877], "rotation": [-0.5, -35, -5], "uv": [70, 194]},
						{"origin": [4.70304, 36.26141, -19.77877], "size": [1, 19, 1], "pivot": [9.20304, 34.76141, -19.52877], "rotation": [-0.5, -35, -5], "uv": [70, 194]},
						{"origin": [3.70304, 44.26141, -19.77877], "size": [1, 11, 1], "pivot": [9.20304, 34.76141, -19.52877], "rotation": [-0.5, -35, -5], "uv": [70, 194]},
						{"origin": [3.20304, 55.26141, -19.77877], "size": [5.5, 1, 1], "pivot": [9.20304, 34.76141, -19.52877], "rotation": [-0.5, -35, -5], "uv": [70, 194]}
					]
				},
				{
					"name": "bone91",
					"parent": "leg4",
					"pivot": [6.66137, 43.34474, -14.27877],
					"rotation": [-5, 35, 0],
					"cubes": [
						{"origin": [-1.67539, 12.29214, -28.27723], "size": [1, 41, 1], "pivot": [9.70304, 33.76141, -14.52877], "rotation": [1.5, 5, 5], "uv": [70, 194]},
						{"origin": [-0.67539, 19.29214, -28.27723], "size": [1, 34, 1], "pivot": [9.70304, 33.76141, -14.52877], "rotation": [1.5, 5, 5], "uv": [70, 194]},
						{"origin": [0.32461, 26.29214, -28.27723], "size": [1, 27, 1], "pivot": [9.70304, 33.76141, -14.52877], "rotation": [1.5, 5, 5], "uv": [70, 194]},
						{"origin": [1.32461, 34.29214, -28.27723], "size": [1, 19, 1], "pivot": [9.70304, 33.76141, -14.52877], "rotation": [1.5, 5, 5], "uv": [70, 194]},
						{"origin": [2.32461, 42.29214, -28.27723], "size": [1, 11, 1], "pivot": [9.70304, 33.76141, -14.52877], "rotation": [1.5, 5, 5], "uv": [70, 194]},
						{"origin": [-1.67539, 53.29214, -28.27723], "size": [5.5, 1, 1], "pivot": [9.70304, 33.76141, -14.52877], "rotation": [1.5, 5, 5], "uv": [70, 194]}
					]
				},
				{
					"name": "fins_main",
					"parent": "falcon9",
					"pivot": [0, 0, 0],
					"rotation": [0, -45, 0]
				},
				{
					"name": "fins1_2",
					"parent": "fins_main",
					"pivot": [0, 0, 0]
				},
				{
					"name": "fin",
					"parent": "fins1_2",
					"pivot": [0, 518.5, -19.25],
					"rotation": [90, 0, 0],
					"cubes": [
						{"origin": [-4, 518, -32], "size": [8, 1, 12], "uv": [86, 243]},
						{"origin": [-2, 518, -20], "size": [4, 1, 1], "uv": [69, 159]}
					]
				},
				{
					"name": "fin2",
					"parent": "fins1_2",
					"pivot": [0, 518.5, -19.25],
					"rotation": [90, 0, 0],
					"cubes": [
						{"origin": [-3.82322, 480.34656, -32], "size": [8, 1, 12], "pivot": [0, 480.31623, -22.75], "rotation": [0, 0, -180], "uv": [86, 243]},
						{"origin": [-1.82322, 480.34656, -20], "size": [4, 1, 1], "pivot": [0, 480.31623, -22.75], "rotation": [0, 0, -180], "uv": [69, 159]}
					]
				},
				{
					"name": "fins3_4",
					"parent": "fins_main",
					"pivot": [0, 0, 0],
					"rotation": [0, -90, 0]
				},
				{
					"name": "fin3",
					"parent": "fins3_4",
					"pivot": [0, 518.5, -19.25],
					"rotation": [90, 0, 0],
					"cubes": [
						{"origin": [-4, 518, -32], "size": [8, 1, 12], "uv": [86, 243]},
						{"origin": [-2, 518, -20], "size": [4, 1, 1], "uv": [69, 159]}
					]
				},
				{
					"name": "fin4",
					"parent": "fins3_4",
					"pivot": [0, 518.5, -19.25],
					"rotation": [90, 0, 0],
					"cubes": [
						{"origin": [-3.82322, 480.34656, -32], "size": [8, 1, 12], "pivot": [0, 480.31623, -22.75], "rotation": [0, 0, -180], "uv": [86, 243]},
						{"origin": [-1.82322, 480.34656, -20], "size": [4, 1, 1], "pivot": [0, 480.31623, -22.75], "rotation": [0, 0, -180], "uv": [69, 159]}
					]
				},
				{
					"name": "stage2",
					"pivot": [0, 0, 0]
				},
				{
					"name": "bone94",
					"parent": "stage2",
					"pivot": [0, 76, 0]
				},
				{
					"name": "bone95",
					"parent": "bone94",
					"pivot": [0, 111, 0],
					"cubes": [
						{"origin": [-19, 566, -5], "size": [1, 70, 10], "uv": [0, 0]},
						{"origin": [18, 566, -5], "size": [1, 70, 10], "uv": [0, 0]}
					]
				},
				{
					"name": "bone96",
					"parent": "bone94",
					"pivot": [0, 111, 0],
					"rotation": [0, -30, 0],
					"cubes": [
						{"origin": [-19, 566, -5], "size": [1, 70, 10], "uv": [0, 0]},
						{"origin": [18, 566, -5], "size": [1, 70, 10], "uv": [0, 0]}
					]
				},
				{
					"name": "bone97",
					"parent": "bone94",
					"pivot": [0, 111, 0],
					"rotation": [0, -60, 0],
					"cubes": [
						{"origin": [-19, 566, -5], "size": [1, 70, 10], "uv": [0, 0]},
						{"origin": [18, 566, -5], "size": [1, 70, 10], "uv": [0, 0]}
					]
				},
				{
					"name": "bone98",
					"parent": "bone94",
					"pivot": [0, 111, 0],
					"rotation": [0, -90, 0],
					"cubes": [
						{"origin": [-19, 566, -5], "size": [1, 70, 10], "uv": [46, 160]},
						{"origin": [18, 566, -5], "size": [1, 70, 10], "uv": [0, 0]}
					]
				},
				{
					"name": "bone99",
					"parent": "bone94",
					"pivot": [0, 111, 0],
					"rotation": [0, -120, 0],
					"cubes": [
						{"origin": [-19, 566, -5], "size": [1, 70, 10], "uv": [0, 0]},
						{"origin": [18, 566, -5], "size": [1, 70, 10], "uv": [0, 0]}
					]
				},
				{
					"name": "bone100",
					"parent": "bone94",
					"pivot": [0, 111, 0],
					"rotation": [0, -150, 0],
					"cubes": [
						{"origin": [-19, 566, -5], "size": [1, 70, 10], "uv": [0, 0]},
						{"origin": [18, 566, -5], "size": [1, 70, 10], "uv": [0, 0]}
					]
				},
				{
					"name": "fairing",
					"pivot": [0, 0, 0]
				},
				{
					"name": "dragon",
					"pivot": [0, 0, 0]
				},
				{
					"name": "bone143",
					"parent": "dragon",
					"pivot": [0, 653.25, 0],
					"cubes": [
						{"origin": [-0.5, 636, -27], "size": [1, 20, 8], "uv": [150, 45]},
						{"origin": [-0.5, 652.5, -22.5], "size": [1, 16, 8], "pivot": [0, 662.5, -18.5], "rotation": [-30, 0, 0], "uv": [150, 74]},
						{"origin": [-0.5, 652.5, 14.5], "size": [1, 16, 8], "pivot": [0, 662.5, 18.5], "rotation": [30, 0, 0], "uv": [90, 74]},
						{"origin": [-0.5, 636, 19], "size": [1, 20, 8], "uv": [90, 45]}
					]
				},
				{
					"name": "bone144",
					"parent": "dragon",
					"pivot": [0, 653.25, 0],
					"rotation": [0, -90, 0],
					"cubes": [
						{"origin": [-0.5, 636, -27], "size": [1, 20, 8], "uv": [130, 45]},
						{"origin": [-0.5, 652.5, -22.5], "size": [1, 16, 8], "pivot": [0, 662.5, -18.5], "rotation": [-30, 0, 0], "uv": [130, 75]},
						{"origin": [-0.5, 652.5, 14.5], "size": [1, 16, 8], "pivot": [0, 662.5, 18.5], "rotation": [30, 0, 0], "uv": [109, 74]},
						{"origin": [-0.5, 636, 19], "size": [1, 20, 8], "uv": [109, 45]}
					]
				},
				{
					"name": "bone136",
					"parent": "dragon",
					"pivot": [0, 146, 0]
				},
				{
					"name": "bone137",
					"parent": "bone136",
					"pivot": [0, 181, 0],
					"cubes": [
						{"origin": [-19, 636, -5], "size": [1, 35, 10], "uv": [90, 170]},
						{"origin": [18, 636, -5], "size": [1, 35, 10], "uv": [115, 120]}
					]
				},
				{
					"name": "bone138",
					"parent": "bone136",
					"pivot": [0, 181, 0],
					"rotation": [0, -30, 0],
					"cubes": [
						{"origin": [-19, 636, -5], "size": [1, 35, 10], "uv": [90, 170]},
						{"origin": [18, 636, -5], "size": [1, 35, 10], "uv": [115, 120]}
					]
				},
				{
					"name": "bone139",
					"parent": "bone136",
					"pivot": [0, 181, 0],
					"rotation": [0, -60, 0],
					"cubes": [
						{"origin": [-19, 636, -5], "size": [1, 35, 10], "uv": [90, 170]},
						{"origin": [18, 636, -5], "size": [1, 35, 10], "uv": [115, 120]}
					]
				},
				{
					"name": "bone140",
					"parent": "bone136",
					"pivot": [0, 181, 0],
					"rotation": [0, -90, 0],
					"cubes": [
						{"origin": [-19, 636, -5], "size": [1, 35, 10], "uv": [90, 120]},
						{"origin": [18, 636, -5], "size": [1, 35, 10], "uv": [90, 120]}
					]
				},
				{
					"name": "bone141",
					"parent": "bone136",
					"pivot": [0, 181, 0],
					"rotation": [0, -120, 0],
					"cubes": [
						{"origin": [-19, 636, -5], "size": [1, 35, 10], "uv": [115, 120]},
						{"origin": [18, 636, -5], "size": [1, 35, 10], "uv": [90, 170]}
					]
				},
				{
					"name": "bone142",
					"parent": "bone136",
					"pivot": [0, 181, 0],
					"rotation": [0, -150, 0],
					"cubes": [
						{"origin": [-19, 636, -5], "size": [1, 35, 10], "uv": [115, 120]},
						{"origin": [18, 636, -5], "size": [1, 35, 10], "uv": [90, 170]}
					]
				},
				{
					"name": "bone128",
					"parent": "dragon",
					"pivot": [0, 184.5, 0],
					"rotation": [0, -30, 0]
				},
				{
					"name": "bone93",
					"parent": "bone128",
					"pivot": [0, 699.5, 0],
					"cubes": [
						{"origin": [-4, 703, -7], "size": [8, 1, 14], "pivot": [0, 699.5, 0], "rotation": [0, -60, 0], "uv": [106, 26]},
						{"origin": [-4, 703, -7], "size": [8, 1, 14], "pivot": [0, 699.5, 0], "rotation": [0, -120, 0], "uv": [106, 26]},
						{"origin": [-4, 703, -7], "size": [8, 1, 14], "pivot": [0, 699.5, 0], "rotation": [0, 180, 0], "uv": [106, 26]}
					]
				},
				{
					"name": "bone101",
					"parent": "bone128",
					"pivot": [0, 682.5, 0],
					"rotation": [0, 30, 0],
					"cubes": [
						{"origin": [14.6, 670, -5], "size": [1, 25, 10], "pivot": [15.14705, 683.08519, 0], "rotation": [0, 0, -15], "uv": [115, 180]},
						{"origin": [-15.6, 670, -5], "size": [1, 25, 10], "pivot": [-15.85295, 683.08519, 0], "rotation": [0, 0, 15], "uv": [115, 180]}
					]
				},
				{
					"name": "bone102",
					"parent": "bone128",
					"pivot": [0, 682.5, 0],
					"rotation": [0, -30, 0],
					"cubes": [
						{"origin": [14.6, 670, -5], "size": [1, 25, 10], "pivot": [15.14705, 683.08519, 0], "rotation": [0, 0, -15], "uv": [150, 0]},
						{"origin": [-15.6, 670, -5], "size": [1, 25, 10], "pivot": [-15.85295, 683.08519, 0], "rotation": [0, 0, 15], "uv": [150, 0]}
					]
				},
				{
					"name": "bone103",
					"parent": "bone128",
					"pivot": [0, 682.5, 0],
					"rotation": [0, -90, 0],
					"cubes": [
						{"origin": [14.6, 670, -5], "size": [1, 25, 10], "pivot": [15.14705, 683.08519, 0], "rotation": [0, 0, -15], "uv": [150, 0]},
						{"origin": [-15.6, 670, -5], "size": [1, 25, 10], "pivot": [-15.85295, 683.08519, 0], "rotation": [0, 0, 15], "uv": [150, 0]}
					]
				},
				{
					"name": "bone134",
					"parent": "bone128",
					"pivot": [0, 686.5, 0],
					"rotation": [0, -150, 0],
					"cubes": [
						{"origin": [17.7, 694.49103, -4], "size": [1, 10.75, 8], "pivot": [15.14705, 683.08519, 0], "rotation": [0, 0, -30], "uv": [0, 12]},
						{"origin": [-18.7, 694.65128, -4], "size": [1, 11, 8], "pivot": [-15.85295, 683.08519, 0], "rotation": [0, 0, 30], "uv": [0, 12]}
					]
				},
				{
					"name": "bone104",
					"parent": "bone128",
					"pivot": [0, 686.5, 0],
					"rotation": [0, 150, 0],
					"cubes": [
						{"origin": [17.7, 694.49103, -4], "size": [1, 10.75, 8], "pivot": [15.14705, 683.08519, 0], "rotation": [0, 0, -30], "uv": [0, 12]},
						{"origin": [-18.7, 694.65128, -4], "size": [1, 11, 8], "pivot": [-15.85295, 683.08519, 0], "rotation": [0, 0, 30], "uv": [0, 12]}
					]
				},
				{
					"name": "bone105",
					"parent": "bone128",
					"pivot": [0, 686.5, 0],
					"rotation": [0, 90, 0],
					"cubes": [
						{"origin": [17.7, 694.49103, -4], "size": [1, 10.75, 8], "pivot": [15.14705, 683.08519, 0], "rotation": [0, 0, -30], "uv": [0, 12]},
						{"origin": [-18.7, 694.65128, -4], "size": [1, 11, 8], "pivot": [-15.85295, 683.08519, 0], "rotation": [0, 0, 30], "uv": [0, 12]}
					]
				},
				{
					"name": "bone109",
					"pivot": [0, 682.5, 0]
				},
				{
					"name": "bone106",
					"parent": "bone109",
					"pivot": [0, 682.5, 0],
					"rotation": [0, 30, 0],
					"cubes": [
						{"origin": [-14.6, 670, -5], "size": [1, 25, 10], "pivot": [-15.27711, 682.32506, 0], "rotation": [0, 0, 15], "uv": [115, 215]},
						{"origin": [13.6, 670, -5], "size": [1, 25, 10], "pivot": [14.15772, 682.73191, 0], "rotation": [0, 0, -15], "uv": [115, 215]}
					]
				},
				{
					"name": "bone107",
					"parent": "bone109",
					"pivot": [0, 682.5, 0],
					"rotation": [0, -30, 0],
					"cubes": [
						{"origin": [-14.6, 670, -5], "size": [1, 25, 10], "pivot": [-15.27711, 682.32506, 0], "rotation": [0, 0, 15], "uv": [115, 215]},
						{"origin": [13.6, 670, -5], "size": [1, 25, 10], "pivot": [14.15772, 682.73191, 0], "rotation": [0, 0, -15], "uv": [115, 215]}
					]
				},
				{
					"name": "bone108",
					"parent": "bone109",
					"pivot": [0, 682.5, 0],
					"rotation": [0, -90, 0],
					"cubes": [
						{"origin": [-14.6, 670, -5], "size": [1, 25, 10], "pivot": [-15.27711, 682.32506, 0], "rotation": [0, 0, 15], "uv": [0, 12]},
						{"origin": [13.6, 670, -5], "size": [1, 25, 10], "pivot": [14.15772, 682.73191, 0], "rotation": [0, 0, -15], "uv": [0, 12]}
					]
				},
				{
					"name": "bone110",
					"pivot": [0, 682.5, 0]
				},
				{
					"name": "bone111",
					"parent": "bone110",
					"pivot": [0, 700.5, 0],
					"rotation": [0, 30, 0],
					"cubes": [
						{"origin": [-9.35, 696.25, -2.5], "size": [1, 10, 5], "pivot": [-15.27711, 700.32506, 0], "rotation": [0, 0, 30], "uv": [0, 12]},
						{"origin": [8.35, 696, -2.5], "size": [1, 10, 5], "pivot": [14.15772, 700.73191, 0], "rotation": [0, 0, -30], "uv": [0, 12]}
					]
				},
				{
					"name": "bone112",
					"parent": "bone110",
					"pivot": [0, 700.5, 0],
					"rotation": [0, -30, 0],
					"cubes": [
						{"origin": [-9.35, 696.25, -2.5], "size": [1, 10, 5], "pivot": [-15.27711, 700.32506, 0], "rotation": [0, 0, 30], "uv": [0, 12]},
						{"origin": [8.35, 696, -2.5], "size": [1, 10, 5], "pivot": [14.15772, 700.73191, 0], "rotation": [0, 0, -30], "uv": [0, 12]}
					]
				},
				{
					"name": "bone113",
					"parent": "bone110",
					"pivot": [0, 700.5, 0],
					"rotation": [0, -90, 0],
					"cubes": [
						{"origin": [-9.35, 696.25, -2.5], "size": [1, 10, 5], "pivot": [-15.27711, 700.32506, 0], "rotation": [0, 0, 30], "uv": [0, 12]},
						{"origin": [8.35, 696, -2.5], "size": [1, 10, 5], "pivot": [14.15772, 700.73191, 0], "rotation": [0, 0, -30], "uv": [0, 12]}
					]
				}
			]
		}
	]
}