{
  "format_version": "1.10.0",
  "minecraft:client_entity": {
    "description": {
      "identifier": "custom:register",
      "materials": { "default": "vehicle" },
      "textures": {
        "default": "textures/entities/vehicles/register"
      },
      "geometry": {
        "default": "geometry.custom.register"
      },
      "render_controllers": [ "controller.render.vehicle" ],
      "spawn_egg": {
        "texture": "register_egg",
        "texture_index": 0
      }
    }
  }
}
