{
  "resource_pack_name": "Tesla Model S",
  "texture_name": "atlas.items",
  "texture_data": {
        "model_x_egg": {
        "textures": "textures/items/model_x_egg"
        },
        "model_x_black_egg": {
        "textures": "textures/items/model_x_black_egg"
        },
        "model_x_gray_egg": {
        "textures": "textures/items/model_x_gray_egg"
        },
        "model_x_blue_egg": {
        "textures": "textures/items/model_x_blue_egg"
        },
        "model_x_red_egg": {
        "textures": "textures/items/model_x_red_egg"
        }
    }
}
