{
  "resource_pack_name": "IKEA Furniture",
  "texture_name": "atlas.items",
  "texture_data": {
        "karlstad_egg": {
        "textures": "textures/items/karlstad_egg"
        },
        "billy_egg": {
        "textures": "textures/items/billy_egg"
        },
        "applarobench_egg": {
        "textures": "textures/items/applarobench_egg"
        },
        "applarolounge_egg": {
        "textures": "textures/items/applarolounge_egg"
        },
        "applarotable_egg": {
        "textures": "textures/items/applarotable_egg"
        },
        "bekant_egg": {
        "textures": "textures/items/bekant_egg"
        },
        "byas_egg": {
        "textures": "textures/items/byas_egg"
        },
        "ekedalen_egg": {
        "textures": "textures/items/ekedalen_egg"
        },
        "eket_egg": {
        "textures": "textures/items/eket_egg"
        },
        "eketshelf_egg": {
        "textures": "textures/items/eketshelf_egg"
        },
        "fejka_egg": {
        "textures": "textures/items/fejka_egg"
        },
        "fejka2_egg": {
        "textures": "textures/items/fejka2_egg"
        },
        "hemnes_egg": {
        "textures": "textures/items/hemnes_egg"
        },
        "hemnesbed_egg": {
        "textures": "textures/items/hemnesbed_egg"
        },
        "hemnesdaybed_egg": {
        "textures": "textures/items/hemnesdaybed_egg"
        },
        "henriksdal_egg": {
        "textures": "textures/items/henriksdal_egg"
        },
        "henriksdalchair_egg": {
        "textures": "textures/items/henriksdalchair_egg"
        },
        "kallax_egg": {
        "textures": "textures/items/kallax_egg"
        },
        "kivik_egg": {
        "textures": "textures/items/kivik_egg"
        },
        "klippan_egg": {
        "textures": "textures/items/klippan_egg"
        },
        "koppang_egg": {
        "textures": "textures/items/koppang_egg"
        },
        "lack_egg": {
        "textures": "textures/items/lack_egg"
        },
        "laneberg_egg": {
        "textures": "textures/items/laneberg_egg"
        },
        "lappland_egg": {
        "textures": "textures/items/lappland_egg"
        },
        "linnmon_egg": {
        "textures": "textures/items/linnmon_egg"
        },
        "malm_egg": {
        "textures": "textures/items/malm_egg"
        },
        "malmbed_egg": {
        "textures": "textures/items/malmbed_egg"
        },
        "malmdesk_egg": {
        "textures": "textures/items/malmdesk_egg"
        },
        "malmdesk2_egg": {
        "textures": "textures/items/malmdesk2_egg"
        },
        "markus_egg": {
        "textures": "textures/items/markus_egg"
        },
        "martin_egg": {
        "textures": "textures/items/martin_egg"
        },
        "micke_egg": {
        "textures": "textures/items/micke_egg"
        },
        "millberget_egg": {
        "textures": "textures/items/millberget_egg"
        },
        "neiden_egg": {
        "textures": "textures/items/neiden_egg"
        },
        "nilsolle_egg": {
        "textures": "textures/items/nilsolle_egg"
        },
        "nordviken_egg": {
        "textures": "textures/items/nordviken_egg"
        },
        "nordvikenchair_egg": {
        "textures": "textures/items/nordvikenchair_egg"
        },
        "norraker_egg": {
        "textures": "textures/items/norraker_egg"
        },
        "norrakerstool_egg": {
        "textures": "textures/items/norrakerstool_egg"
        },
        "norrakertable_egg": {
        "textures": "textures/items/norrakertable_egg"
        },
        "rakkestad_egg": {
        "textures": "textures/items/rakkestad_egg"
        },
        "songesand_egg": {
        "textures": "textures/items/songesand_egg"
        },
        "songesandbed_egg": {
        "textures": "textures/items/songesandbed_egg"
        },
        "stefan_egg": {
        "textures": "textures/items/stefan_egg"
        },
        "stensele_egg": {
        "textures": "textures/items/stensele_egg"
        },
        "stuva_egg": {
        "textures": "textures/items/stuva_egg"
        },
        "tarendo_egg": {
        "textures": "textures/items/tarendo_egg"
        },
        "vadholma_egg": {
        "textures": "textures/items/vadholma_egg"
        },
        "vittsjo_egg": {
        "textures": "textures/items/vittsjo_egg"
        },
        "vittsjotv_egg": {
        "textures": "textures/items/vittsjotv_egg"
        }
    }
}
