{
  "resource_pack_name": "Falcon Rockets",
  "texture_name": "atlas.items",
  "texture_data": {
		"falcon_egg": {
		"textures": "textures/items/falcon_egg"
		},
        "falcon_heavy_egg": {
        "textures": "textures/items/falcon_heavy_egg"
        },
        "crew_dragon_egg": {
        "textures": "textures/items/crew_dragon_egg"
        },
        "falcon_landed_egg": {
        "textures": "textures/items/falcon_landed_egg"
        },
        "model_x_nasa_egg": {
        "textures": "textures/items/model_x_nasa_egg"
        }
    }
}
