{
	"format_version": "1.8.0",
	"minecraft:entity": {
		"description": {
			"identifier": "custom:semi_small",
			"is_spawnable": true,
			"is_summonable": true,
			"is_experimental": false
		},
		"component_groups": {},
		"components": {
			"minecraft:type_family": {
				"family": [
					"vehicles"
				]
            },
			"minecraft:collision_box": {
				"width": 1.58,
				"height": 2
			},
			"minecraft:scale": {
				"value": 1.6
			},
			"minecraft:push_through": {
				"value": 1
			},
			"minecraft:health": {
				"value": {
					"range_min": 20,
					"range_max": 20
				}
			},
			"minecraft:navigation.walk": {
				"can_float": false
			},
			"minecraft:jump.static": {},
			"minecraft:rideable": {
				"priority": 0,
				"seat_count": 2,
				"crouching_skip_interact": true,
				"family_types": [
					"player"
				],
				"interact_text": "Get in",
				"seats": [
					{
						"position": [
                            0,
                            1.2,
                            0.6
						]
					},
					{
						"position": [
							0,
                            1.2,
                            -0.6
						]
					}
				]
			},
			"minecraft:input_ground_controlled": {},
			"minecraft:nameable": {},
			"minecraft:movement": {
				"value": 0.4
            },
			"minecraft:fall_damage": {
				"value": 0
			},
			"minecraft:is_stackable": {},
			"minecraft:knockback_resistance": {
				"value": 1
			},
			"minecraft:physics": {},
			"minecraft:can_climb": {},
			"minecraft:inventory": {
				"container_type": "container",
				"inventory_size": 54
			},
			"minecraft:movement.basic": {}
		},
		"minecraft:movement.basic": {}
	},
	"events": {}
}
