{
	"format_version": "1.12.0",
	"minecraft:geometry": [
		{
			"description": {
				"identifier": "geometry.custom.model_s_black",
				"texture_width": 256,
				"texture_height": 256,
				"visible_bounds_width": 10,
				"visible_bounds_height": 4,
				"visible_bounds_offset": [0, 0, 0]
			},
			"bones": [
				{
					"name": "body_main",
					"pivot": [0, 1, 0],
					"rotation": [1, 0, 0]
				},
				{
					"name": "bottom",
					"parent": "body_main",
					"pivot": [0, 1, 0],
					"cubes": [
						{"origin": [-18, 4, -19], "size": [36, 1, 40], "uv": [0, 6]},
						{"origin": [-10, 4, -35], "size": [20, 1, 16], "pivot": [0, 4, -19], "rotation": [-4, 0, 0], "uv": [112, 0]},
						{"origin": [-12, 4, 21], "size": [24, 1, 16], "uv": [0, 47]},
						{"origin": [-12, 4, 37], "size": [24, 1, 5], "pivot": [0, 4, 37], "rotation": [5, 0, 0], "uv": [61, 0]},
						{"origin": [12, 4.5, 39], "size": [6, 1, 3], "pivot": [12, 4.5, 42], "rotation": [0, 30, 0], "uv": [0, 17]},
						{"origin": [-18, 4.5, 39], "size": [6, 1, 3], "pivot": [-12, 4.5, 42], "rotation": [0, -30, 0], "uv": [0, 17]},
						{"origin": [17.25, 4.5, 33], "size": [3, 1, 6], "pivot": [17.25, 4.5, 39], "rotation": [0, 80, 0], "uv": [17, 6]},
						{"origin": [-20.25, 4.5, 33], "size": [3, 1, 6], "pivot": [-17.25, 4.5, 39], "rotation": [0, -80, 0], "uv": [17, 6]},
						{"origin": [-8, 5, -41], "size": [16, 1, 7], "uv": [112, 17]},
						{"origin": [7, 5, -41], "size": [11, 1, 2], "pivot": [8, 6, -41], "rotation": [0, -25, 0], "uv": [16, 0]},
						{"origin": [6.1, 5, -41.40457], "size": [1, 1, 1], "pivot": [7.1, 5.5, -41.40457], "rotation": [0, 30, 0], "uv": [4, 148]},
						{"origin": [-5.3, 5, -34.77957], "size": [1, 1, 1], "pivot": [6.1, 5.5, -41.40457], "rotation": [0, -30, 0], "uv": [4, 148]},
						{"origin": [8, 5, -36.75], "size": [9, 1, 2], "uv": [16, 3]},
						{"origin": [-17, 5, -36.75], "size": [9, 1, 2], "uv": [16, 3]},
						{"origin": [-12.5, 5, -38.75], "size": [4.5, 1, 2], "uv": [0, 14]},
						{"origin": [8, 5, -38.75], "size": [4.5, 1, 2], "uv": [0, 14]},
						{"origin": [-18, 5, -41], "size": [11, 1, 2], "pivot": [-8, 6, -41], "rotation": [0, 25, 0], "uv": [16, 0]}
					]
				},
				{
					"name": "face",
					"parent": "body_main",
					"pivot": [0, 1, 0],
					"cubes": [
						{"origin": [-8, 6, -40], "size": [16, 3, 1], "uv": [0, 21]},
						{"origin": [7, 6, -40.5], "size": [1, 4, 1], "pivot": [7, 6, -40.5], "rotation": [0, 0, 15], "uv": [12, 10]},
						{"origin": [-8, 6, -40.5], "size": [1, 4, 1], "pivot": [-7, 6, -40.5], "rotation": [0, 0, -15], "uv": [12, 10]},
						{"origin": [-8.75, 9, -40.75], "size": [17.5, 4, 1], "uv": [0, 25]},
						{"origin": [-6.75, 13, -40.25], "size": [13.5, 1, 1], "uv": [0, 30]},
						{"origin": [-8.75, 13, -40.75], "size": [9, 1, 1], "pivot": [-6.75, 13, -40.25], "rotation": [0, 0, -5], "uv": [0, 32]},
						{"origin": [-8.75, 13.05, -40.75], "size": [8.9, 1, 6], "pivot": [-5.75, 14.05, -40.75], "rotation": [15, 0, -5], "uv": [0, 64]},
						{"origin": [-8.75, 14.55, -35], "size": [8.9, 1, 9], "pivot": [-5.75, 15.55, -35], "rotation": [10, 0, -5], "uv": [112, 25]},
						{"origin": [-8.75, 16.05, -26.25], "size": [8.9, 1, 9], "pivot": [-5.75, 17.05, -26.25], "rotation": [5, 0, -5], "uv": [112, 25]},
						{"origin": [-0.25, 13, -40.75], "size": [9, 1, 1], "pivot": [6.75, 13, -40.25], "rotation": [0, 0, 5], "uv": [0, 32]},
						{"origin": [-0.15, 13.05, -40.75], "size": [8.9, 1, 6], "pivot": [5.75, 14.05, -40.75], "rotation": [15, 0, 5], "uv": [0, 64]},
						{"origin": [-0.15, 14.55, -35], "size": [8.9, 1, 9], "pivot": [5.75, 15.55, -35], "rotation": [10, 0, 5], "uv": [112, 25]},
						{"origin": [-0.15, 16.05, -26.25], "size": [8.9, 1, 9], "pivot": [5.75, 17.05, -26.25], "rotation": [5, 0, 5], "uv": [112, 25]},
						{"origin": [8.75, 13.5, -40.75], "size": [9, 3, 1], "pivot": [8.75, 13.5, -40.75], "rotation": [-70, -25, -0.5], "uv": [20, 37]},
						{"origin": [8.75, 13.5, -38.5], "size": [8.5, 3, 1], "pivot": [8.75, 13.5, -37.5], "rotation": [-75, -20, -0.5], "uv": [20, 41]},
						{"origin": [-17.25, 13.5, -38.5], "size": [8.5, 3, 1], "pivot": [-8.75, 13.5, -37.5], "rotation": [-75, 20, 0.5], "uv": [0, 38]},
						{"origin": [8.75, 14.25, -35.5], "size": [8.25, 7, 1], "pivot": [8.75, 14.25, -34.5], "rotation": [-80, -10, 1], "uv": [137, 25]},
						{"origin": [16.75, 17.25, -35.5], "size": [1, 4, 1], "pivot": [8.75, 14.25, -34.5], "rotation": [-80, -10, 1], "uv": [124, 9]},
						{"origin": [-17, 14.25, -35.5], "size": [8.25, 7, 1], "pivot": [-8.75, 14.25, -34.5], "rotation": [-80, 10, -1], "uv": [157, 24]},
						{"origin": [-14.75, 21.25, -35.5], "size": [6, 1, 1], "pivot": [-8.75, 14.25, -34.5], "rotation": [-80, 10, -1], "uv": [151, 17]},
						{"origin": [-17.75, 17.25, -35.5], "size": [1, 4, 1], "pivot": [-8.75, 14.25, -34.5], "rotation": [-80, 10, -1], "uv": [124, 9]},
						{"origin": [-16.75, 20.75, -35.5], "size": [2, 1, 1], "pivot": [-8.75, 14.25, -34.5], "rotation": [-80, 10, -1], "uv": [151, 19]},
						{"origin": [14.75, 20.75, -35.5], "size": [2, 1, 1], "pivot": [8.75, 14.25, -34.5], "rotation": [-80, -10, 1], "uv": [151, 19]},
						{"origin": [8.75, 21.25, -35.5], "size": [6, 1, 1], "pivot": [8.75, 14.25, -34.5], "rotation": [-80, -10, 1], "uv": [151, 17]},
						{"origin": [8.5, 15.5, -27.25], "size": [9, 9, 1], "pivot": [8.5, 15.75, -26.25], "rotation": [-85, 0, 3], "uv": [112, 35]},
						{"origin": [-17.5, 15.5, -27.25], "size": [9, 9, 1], "pivot": [-8.5, 15.75, -26.25], "rotation": [-85, 0, -3], "uv": [132, 35]},
						{"origin": [8.75, 9, -40.75], "size": [9, 4.5, 1], "pivot": [8.75, 8, -40.75], "rotation": [0, -25, 0], "uv": [20, 32]},
						{"origin": [-17.75, 9, -40.75], "size": [9, 4.5, 1], "pivot": [-8.75, 8, -40.75], "rotation": [0, 25, 0], "uv": [20, 32]},
						{"origin": [-17.75, 13.5, -40.75], "size": [9, 3, 1], "pivot": [-8.75, 13.5, -40.75], "rotation": [-70, 25, 0.5], "uv": [0, 34]},
						{"origin": [-16, 6, -36.75], "size": [1, 3, 1], "pivot": [-16, 6, -36.75], "rotation": [0, 25, 0], "uv": [0, 7]},
						{"origin": [-15, 6, -36.75], "size": [3, 3, 1], "pivot": [-15, 6, -36.75], "rotation": [0, 25, 0], "uv": [8, 47]},
						{"origin": [-14, 6.25, -38], "size": [6, 1, 1], "inflate": -0.3, "pivot": [-13, 6.25, -39.25], "rotation": [0, 25, 0], "uv": [0, 55]},
						{"origin": [-14, 7.5, -38], "size": [6, 1, 1], "inflate": -0.3, "pivot": [-13, 7.5, -39], "rotation": [0, 25, 0], "uv": [0, 55]},
						{"origin": [-12.25, 6, -37.25], "size": [5, 3, 1], "pivot": [-12.25, 6, -37.25], "rotation": [0, 25, 0], "uv": [0, 51]},
						{"origin": [-12.25, 9, -38.25], "size": [5, 1, 1], "pivot": [-12.25, 6, -37.25], "rotation": [0, 25, 0], "uv": [0, 51]},
						{"origin": [15, 6, -36.75], "size": [1, 3, 1], "pivot": [16, 6, -36.75], "rotation": [0, -25, 0], "uv": [0, 7]},
						{"origin": [12, 6, -36.75], "size": [3, 3, 1], "pivot": [15, 6, -36.75], "rotation": [0, -25, 0], "uv": [0, 47]},
						{"origin": [7, 6, -37.25], "size": [5, 3, 1], "pivot": [12, 6, -37.25], "rotation": [0, -25, 0], "uv": [0, 51]},
						{"origin": [7, 9, -38.25], "size": [5, 1, 1], "pivot": [12, 9, -37.25], "rotation": [0, -25, 0], "uv": [0, 51]},
						{"origin": [7, 6.25, -38], "size": [6, 1, 1], "inflate": -0.3, "pivot": [13, 6.25, -38], "rotation": [0, -25, 0], "uv": [0, 55]},
						{"origin": [7, 7.5, -38], "size": [6, 1, 1], "inflate": -0.3, "pivot": [13, 7.5, -38], "rotation": [0, -25, 0], "uv": [0, 55]}
					]
				},
				{
					"name": "face_left",
					"parent": "face",
					"pivot": [17, 9, -34.75],
					"rotation": [0, 3, 0],
					"cubes": [
						{"origin": [16, 12.5, -33.75], "size": [1, 4.75, 1], "pivot": [16.5, 12.5, -32.75], "rotation": [-60, 0, 0], "uv": [114, 0]},
						{"origin": [16, 6, -36.75], "size": [1, 7.5, 2], "uv": [33, 11]},
						{"origin": [16, 5, -19], "size": [1, 7.5, 2], "uv": [122, 0]},
						{"origin": [16, 12.25, -36.75], "size": [1, 1.5, 4], "pivot": [16.5, 13.5, -36.75], "rotation": [20, 0, 0], "uv": [114, 8]},
						{"origin": [16, 14, -33], "size": [1, 1, 7], "pivot": [16.5, 14.75, -33], "rotation": [11, 0, 0], "uv": [148, 26]},
						{"origin": [16, 13, -34], "size": [1, 1, 3], "pivot": [16.5, 13.75, -35], "rotation": [11, 0, 0], "uv": [112, 25]},
						{"origin": [16, 14, -24], "size": [1, 1, 1], "pivot": [16.5, 14.75, -27], "rotation": [11, 0, 0], "uv": [112, 13]},
						{"origin": [16, 9, -19], "size": [1, 7.75, 2], "pivot": [16.5, 9, -19], "rotation": [35, 0, 0], "uv": [122, 0]},
						{"origin": [16, 14, -22.5], "size": [1, 4.75, 1], "pivot": [16.5, 14, -22.5], "rotation": [75, 0, 0], "uv": [118, 0]},
						{"origin": [16, 9, -36.75], "size": [1, 4.5, 2], "pivot": [16.5, 9, -34.75], "rotation": [-30, 0, 0], "uv": [112, 6]}
					]
				},
				{
					"name": "face_right",
					"parent": "face",
					"pivot": [-17, 9, -34.75],
					"rotation": [0, -3, 0],
					"cubes": [
						{"origin": [-17, 12.5, -33.75], "size": [1, 4.75, 1], "pivot": [-16.5, 12.5, -32.75], "rotation": [-60, 0, 0], "uv": [114, 0]},
						{"origin": [-17, 6, -36.75], "size": [1, 7.5, 2], "uv": [33, 11]},
						{"origin": [-17, 5, -19], "size": [1, 7.5, 2], "uv": [122, 0]},
						{"origin": [-17, 12.25, -36.75], "size": [1, 1.5, 4], "pivot": [-16.5, 13.5, -36.75], "rotation": [20, 0, 0], "uv": [114, 8]},
						{"origin": [-17, 14, -33], "size": [1, 1, 7], "pivot": [-16.5, 14.75, -33], "rotation": [11, 0, 0], "uv": [148, 26]},
						{"origin": [-17, 13, -34], "size": [1, 1, 3], "pivot": [-16.5, 13.75, -35], "rotation": [11, 0, 0], "uv": [112, 25]},
						{"origin": [-17, 14, -24], "size": [1, 1, 1], "pivot": [-16.5, 14.75, -27], "rotation": [11, 0, 0], "uv": [112, 13]},
						{"origin": [-17, 9, -19], "size": [1, 7.75, 2], "pivot": [-16.5, 9, -19], "rotation": [35, 0, 0], "uv": [122, 0]},
						{"origin": [-17, 14, -22.5], "size": [1, 4.75, 1], "pivot": [-16.5, 14, -22.5], "rotation": [75, 0, 0], "uv": [118, 0]},
						{"origin": [-17, 9, -36.75], "size": [1, 4.5, 2], "pivot": [-16.5, 9, -34.75], "rotation": [-30, 0, 0], "uv": [112, 6]}
					]
				},
				{
					"name": "left_side",
					"parent": "body_main",
					"pivot": [0, 1, 0],
					"cubes": [
						{"origin": [17, 4.25, -17], "size": [1, 3, 38], "pivot": [18, 4.25, -17], "rotation": [1, 0, 0], "uv": [152, 0]},
						{"origin": [16, 6.25, -17], "size": [2, 1, 38], "pivot": [18, 7.25, -17], "rotation": [1, -0.4, 20], "uv": [152, 0]},
						{"origin": [16.5, 7.25, -17], "size": [1, 8, 36], "pivot": [17.5, 7.25, -17], "rotation": [1, -1, 2], "uv": [0, 64]},
						{"origin": [18.7, 14.36311, -20.78682], "size": [1, 1, 2], "pivot": [18.24924, 15.30265, -15.01668], "rotation": [0, 20, 30], "uv": [6, 148]},
						{"origin": [17, 5, 12], "size": [1, 12, 9], "pivot": [18, 5, 21], "rotation": [0, 5, -4], "uv": [16, 71]},
						{"origin": [16.75, 15.25, -17.5], "size": [1, 2, 38], "pivot": [17.75, 15.25, -17.5], "rotation": [1, -0.8, -10], "uv": [43, 47]},
						{"origin": [16.7, 12.25, -21.25], "size": [1, 4.25, 4.25], "pivot": [17.75, 13.5, -21.25], "rotation": [0, 3, 0], "uv": [38, 64]}
					]
				},
				{
					"name": "mirror_left",
					"parent": "left_side",
					"pivot": [18.2, 16.81045, -16.75237],
					"cubes": [
						{"origin": [16.88295, 16.81917, -15.93534], "size": [2, 2, 3], "inflate": -0.2, "pivot": [18.2, 16.81045, -16.75237], "rotation": [0, 60, 0], "uv": [14, 149]},
						{"origin": [17.88295, 16.31917, -18.43534], "size": [1, 1, 3], "inflate": -0.2, "pivot": [18.2, 16.81045, -16.75237], "rotation": [0, 60, 0], "uv": [9, 148]},
						{"origin": [16.88295, 16.31917, -15.93534], "size": [2, 1, 3], "inflate": -0.2, "pivot": [18.2, 16.81045, -16.75237], "rotation": [0, 60, 0], "uv": [0, 151]}
					]
				},
				{
					"name": "bone",
					"parent": "left_side",
					"pivot": [0, -0.9997, -0.0349],
					"cubes": [
						{"origin": [16.75, 5.5003, 35.9651], "size": [1, 10, 3], "pivot": [17.75, 3.5003, 35.9651], "rotation": [0, -10, 0], "uv": [0, 83]},
						{"origin": [16.75, 6.5003, 19.9651], "size": [1, 9, 1], "uv": [28, 64]},
						{"origin": [16.75, 5.5003, 35.9651], "size": [1, 10, 1], "uv": [8, 83]}
					]
				},
				{
					"name": "bone5",
					"parent": "bone",
					"pivot": [17.75, 10.5003, 20.9651],
					"cubes": [
						{"origin": [16.75, 13.2503, 19.9651], "size": [1, 8, 1], "pivot": [17.75, 13.2503, 20.9651], "rotation": [-85, 0, 0], "uv": [12, 83]},
						{"origin": [16.75, 14.5003, 19.9651], "size": [1, 15, 1.25], "pivot": [17.75, 14.5003, 20.9651], "rotation": [-90, 0, 0], "uv": [38, 72]},
						{"origin": [16.75, 15.4827, 19.9824], "size": [1, 3, 19], "pivot": [17.75, 15.5, 20], "rotation": [0, -2, -15], "uv": [67, 89]},
						{"origin": [16.75, 12.0003, 19.9651], "size": [1, 2, 1], "pivot": [17.75, 12.0003, 20.9651], "rotation": [-40, 0, 0], "uv": [24, 64]},
						{"origin": [16.75, 10.5003, 19.9651], "size": [1, 4, 1], "pivot": [17.75, 10.5003, 20.9651], "rotation": [-40, 0, 0], "uv": [32, 70]}
					]
				},
				{
					"name": "bone6",
					"parent": "bone",
					"pivot": [17.25, 10.5003, 35.9651],
					"rotation": [0, 180, 0],
					"cubes": [
						{"origin": [16.75, 13.2503, 34.9651], "size": [1, 8, 1], "pivot": [17.75, 13.2503, 35.9651], "rotation": [-85, 0, 0], "uv": [16, 71]},
						{"origin": [16.75, 12.0003, 34.9651], "size": [1, 2, 1], "pivot": [17.75, 12.0003, 35.9651], "rotation": [-40, 0, 0], "uv": [24, 64]},
						{"origin": [16.75, 10.5003, 34.9651], "size": [1, 4, 1], "pivot": [17.75, 10.5003, 35.9651], "rotation": [-40, 0, 0], "uv": [32, 70]}
					]
				},
				{
					"name": "bone3",
					"parent": "bone",
					"pivot": [17.75, 13.5003, 33.4151],
					"cubes": [
						{"origin": [16.75, 9.5003, 34.9651], "size": [1, 5, 1], "pivot": [17.75, 10.5003, 35.9651], "rotation": [40, 0, 0], "uv": [0, 57]},
						{"origin": [16.75, 13.5003, 32.4151], "size": [1, 5, 1], "pivot": [17.75, 13.5003, 33.4151], "rotation": [75, 0, 0], "uv": [32, 64]}
					]
				},
				{
					"name": "bone4",
					"parent": "bone",
					"pivot": [16.75, 13.5003, 23.4151],
					"rotation": [0, 180, 0],
					"cubes": [
						{"origin": [15.75, 9.5003, 24.9651], "size": [1, 5, 1], "pivot": [16.75, 10.5003, 25.9651], "rotation": [40, 0, 0], "uv": [0, 57]},
						{"origin": [15.75, 13.5003, 22.4151], "size": [1, 5, 1], "pivot": [16.75, 13.5003, 23.4151], "rotation": [75, 0, 0], "uv": [32, 64]}
					]
				},
				{
					"name": "right_side",
					"parent": "body_main",
					"pivot": [-34, 1, 0],
					"cubes": [
						{"origin": [-18, 4.25, -17], "size": [1, 3, 38], "pivot": [-18, 4.25, -17], "rotation": [1, 0, 0], "uv": [152, 0]},
						{"origin": [-18, 6.25, -17], "size": [2, 1, 38], "pivot": [-18, 7.25, -17], "rotation": [1, 0.4, -20], "uv": [152, 0]},
						{"origin": [-17.5, 7.25, -17], "size": [1, 8, 36], "pivot": [-17.5, 7.25, -17], "rotation": [1, 1, -2], "uv": [0, 64]},
						{"origin": [-18, 5, 12], "size": [1, 12, 9], "pivot": [-18, 5, 21], "rotation": [0, -5, 4], "uv": [16, 71]},
						{"origin": [-17.75, 15.25, -17.5], "size": [1, 2, 38], "pivot": [-17.75, 15.25, -17.5], "rotation": [1, 0.8, 10], "uv": [43, 47]},
						{"origin": [-17.65, 12.25, -21.25], "size": [1, 4.25, 4.25], "pivot": [-16.5, 13.5, -21.25], "rotation": [0, -3, 0], "uv": [38, 64]},
						{"origin": [-19.65, 14.36311, -20.78682], "size": [1, 1, 2], "pivot": [-18.25076, 15.30265, -15.01668], "rotation": [0, -20, -30], "uv": [0, 148]}
					]
				},
				{
					"name": "mirror_right",
					"parent": "right_side",
					"pivot": [-18.45039, 17.15687, -15.51864],
					"cubes": [
						{"origin": [-18.61705, 16.82353, -16.1853], "size": [2, 2, 3], "inflate": -0.2, "pivot": [-18.3, 16.81481, -17.00233], "rotation": [0, -60, 0], "uv": [7, 152]},
						{"origin": [-18.61705, 16.32353, -18.6853], "size": [1, 1, 3], "inflate": -0.2, "pivot": [-18.3, 16.81481, -17.00233], "rotation": [0, -60, 0], "uv": [9, 148]},
						{"origin": [-18.61705, 16.32353, -16.1853], "size": [2, 1, 3], "inflate": -0.2, "pivot": [-18.3, 16.81481, -17.00233], "rotation": [0, -60, 0], "uv": [0, 151]}
					]
				},
				{
					"name": "bone7",
					"parent": "right_side",
					"pivot": [-34.5, -0.9997, -0.0349],
					"cubes": [
						{"origin": [-17.75, 5.5003, 35.9651], "size": [1, 10, 3], "pivot": [-17.75, 3.5003, 35.9651], "rotation": [0, 10, 0], "uv": [0, 83]},
						{"origin": [-17.75, 6.5003, 19.9651], "size": [1, 9, 1], "uv": [28, 64]},
						{"origin": [-17.75, 5.5003, 35.9651], "size": [1, 10, 1], "uv": [8, 83]}
					]
				},
				{
					"name": "bone8",
					"parent": "bone7",
					"pivot": [-16.75, 10.5003, 20.9651],
					"cubes": [
						{"origin": [-17.75, 13.2503, 19.9651], "size": [1, 8, 1], "pivot": [-16.75, 13.2503, 20.9651], "rotation": [-85, 0, 0], "uv": [12, 83]},
						{"origin": [-17.75, 14.5003, 19.9651], "size": [1, 15, 1.25], "pivot": [-16.75, 14.5003, 20.9651], "rotation": [-90, 0, 0], "uv": [38, 72]},
						{"origin": [-17.75, 12.0003, 19.9651], "size": [1, 2, 1], "pivot": [-16.75, 12.0003, 20.9651], "rotation": [-40, 0, 0], "uv": [24, 64]},
						{"origin": [-17.75, 10.5003, 19.9651], "size": [1, 4, 1], "pivot": [-16.75, 10.5003, 20.9651], "rotation": [-40, 0, 0], "uv": [32, 70]},
						{"origin": [-17.75, 15.4827, 19.9824], "size": [1, 3, 19], "pivot": [-17.75, 15.4827, 19.9824], "rotation": [0, 2, 15], "uv": [67, 89]}
					]
				},
				{
					"name": "bone9",
					"parent": "bone7",
					"pivot": [-17.25, 10.5003, 35.9651],
					"rotation": [0, 180, 0],
					"cubes": [
						{"origin": [-17.75, 13.2503, 34.9651], "size": [1, 8, 1], "pivot": [-16.75, 13.2503, 35.9651], "rotation": [-85, 0, 0], "uv": [16, 71]},
						{"origin": [-17.75, 12.0003, 34.9651], "size": [1, 2, 1], "pivot": [-16.75, 12.0003, 35.9651], "rotation": [-40, 0, 0], "uv": [24, 64]},
						{"origin": [-17.75, 10.5003, 34.9651], "size": [1, 4, 1], "pivot": [-16.75, 10.5003, 35.9651], "rotation": [-40, 0, 0], "uv": [32, 70]}
					]
				},
				{
					"name": "bone10",
					"parent": "bone7",
					"pivot": [-16.75, 13.5003, 33.4151],
					"cubes": [
						{"origin": [-17.75, 9.5003, 34.9651], "size": [1, 5, 1], "pivot": [-16.75, 10.5003, 35.9651], "rotation": [40, 0, 0], "uv": [0, 57]},
						{"origin": [-17.75, 13.5003, 32.4151], "size": [1, 5, 1], "pivot": [-16.75, 13.5003, 33.4151], "rotation": [75, 0, 0], "uv": [32, 64]}
					]
				},
				{
					"name": "bone12",
					"parent": "bone7",
					"pivot": [-17.75, 13.5003, 23.4151],
					"rotation": [0, 180, 0],
					"cubes": [
						{"origin": [-18.75, 9.5003, 24.9651], "size": [1, 5, 1], "pivot": [-17.75, 10.5003, 25.9651], "rotation": [40, 0, 0], "uv": [0, 57]},
						{"origin": [-18.75, 13.5003, 22.4151], "size": [1, 5, 1], "pivot": [-17.75, 13.5003, 23.4151], "rotation": [75, 0, 0], "uv": [32, 64]}
					]
				},
				{
					"name": "interior",
					"parent": "body_main",
					"pivot": [0, 1, 0],
					"cubes": [
						{"origin": [9, 6, -36], "size": [7, 8, 1], "uv": [0, 71]},
						{"origin": [10, 5, -19], "size": [7, 11, 1], "uv": [0, 71]},
						{"origin": [-17, 16, -17.5], "size": [34, 2, 5], "pivot": [13.5, 18, -16.5], "rotation": [-7, 0, 0], "uv": [103, 47]},
						{"origin": [2.5, 16.5, -12.5], "size": [14, 1, 3], "pivot": [13, 17.5, -12.5], "rotation": [-65, 0, 0], "uv": [0, 121]},
						{"origin": [8.5, 17.5, -11.5], "size": [2, 2, 1], "pivot": [13, 17.5, -12.5], "rotation": [-65, 0, 0], "uv": [0, 116]},
						{"origin": [-16.5, 16.5, -12.5], "size": [14, 1, 3], "pivot": [-6, 17.5, -12.5], "rotation": [-65, 0, 0], "uv": [0, 121]},
						{"origin": [-16.5, 13.75, -11.25], "size": [14, 1, 6], "pivot": [-6, 14.75, -11.25], "rotation": [-145, 0, 0], "uv": [0, 125]},
						{"origin": [2.5, 13.75, -11.25], "size": [14, 1, 6], "pivot": [13, 14.75, -11.25], "rotation": [-145, 0, 0], "uv": [0, 125]},
						{"origin": [-16.5, 4.75, -17.25], "size": [33, 11, 1], "uv": [188, 41]},
						{"origin": [-2.5, 16.5, -12.75], "size": [5, 1, 7], "pivot": [-1, 17.5, -12.75], "rotation": [-65, 0, 0], "uv": [83, 77]},
						{"origin": [-2.5, 14.5, -12.75], "size": [5, 1, 9], "inflate": -0.1, "pivot": [-1, 15.5, -12.75], "rotation": [-65, 0, 0], "uv": [213, 9]},
						{"origin": [-2.5, 5, -16.25], "size": [5, 3, 18], "uv": [204, 0]},
						{"origin": [-2.5, 7.75, -7.25], "size": [5, 1, 9], "inflate": -0.25, "uv": [41, 108]},
						{"origin": [-17, 5, 20], "size": [34, 13, 1], "uv": [138, 65]},
						{"origin": [-12, 5, 20], "size": [1, 11, 15], "uv": [106, 58]},
						{"origin": [11, 5, 20], "size": [1, 11, 15], "uv": [106, 58]},
						{"origin": [-17.75152, 5.49992, 36.00859], "size": [6, 10, 1], "pivot": [-17.75, 10.5, 36], "rotation": [0, 10, 0], "uv": [0, 71]},
						{"origin": [11.75152, 5.49992, 36.00859], "size": [6, 10, 1], "pivot": [17.75, 10.5, 36], "rotation": [0, -10, 0], "uv": [0, 71]},
						{"origin": [-17, 5, -19], "size": [7, 11, 1], "uv": [0, 71]},
						{"origin": [-16, 6, -36], "size": [7, 8, 1], "uv": [0, 71]},
						{"origin": [-10, 6, -36], "size": [1, 8, 18], "pivot": [-10, 6, -36], "rotation": [-4, 0, 0], "uv": [83, 47]},
						{"origin": [9, 6, -36], "size": [1, 8, 18], "pivot": [9, 6, -36], "rotation": [-4, 0, 0], "uv": [83, 47]},
						{"origin": [-10, 10, -35], "size": [1, 4, 17], "pivot": [-10, 6, -36], "rotation": [9, 0, 0], "uv": [84, 52]},
						{"origin": [9, 10, -35], "size": [1, 4, 17], "pivot": [9, 6, -36], "rotation": [9, 0, 0], "uv": [84, 52]}
					]
				},
				{
					"name": "steer_wheel",
					"parent": "interior",
					"pivot": [9.5, 16.74606, -10.29803],
					"rotation": [-65, 0, 0],
					"cubes": [
						{"origin": [7, 16.74606, -11.29803], "size": [5, 1, 1], "inflate": -0.1, "uv": [0, 119]},
						{"origin": [8, 16.74606, -13.29803], "size": [3, 1, 1], "uv": [11, 118]},
						{"origin": [8.5, 16.74606, -13.54803], "size": [2, 1, 1], "pivot": [9.5, 17.24606, -10.29803], "rotation": [0, -45, 0], "uv": [22, 116]},
						{"origin": [8.5, 16.74606, -13.54803], "size": [2, 1, 1], "pivot": [9.5, 17.24606, -10.29803], "rotation": [0, -135, 0], "uv": [22, 116]},
						{"origin": [8.5, 16.74606, -13.54803], "size": [2, 1, 1], "pivot": [9.5, 17.24606, -10.29803], "rotation": [0, 135, 0], "uv": [22, 116]},
						{"origin": [8.5, 16.74606, -13.54803], "size": [2, 1, 1], "pivot": [9.5, 17.24606, -10.29803], "rotation": [0, 45, 0], "uv": [22, 116]},
						{"origin": [8, 16.74606, -8.29803], "size": [3, 1, 1], "uv": [12, 116]},
						{"origin": [11.5, 16.74606, -11.79803], "size": [1, 1, 3], "uv": [17, 117]},
						{"origin": [6.5, 16.74606, -11.79803], "size": [1, 1, 3], "uv": [17, 117]},
						{"origin": [8.5, 16.74606, -10.54803], "size": [2, 1, 1], "inflate": -0.1, "uv": [6, 116]}
					]
				},
				{
					"name": "seat1",
					"parent": "interior",
					"pivot": [5, 10.2204, -0.94661],
					"cubes": [
						{"origin": [14, 7.2204, -0.94661], "size": [1, 9, 2], "pivot": [15, 10.2204, -0.94661], "rotation": [-10, 0, 0], "uv": [181, 23]},
						{"origin": [4, 6, -9.75], "size": [10, 2, 9], "uv": [42, 74]},
						{"origin": [6, 5, -7.75], "size": [6, 1, 8], "uv": [194, 0]},
						{"origin": [4, 6, -0.75], "size": [10, 14, 2], "pivot": [9, 8, -0.75], "rotation": [-10, 0, 0], "uv": [0, 132]},
						{"origin": [12, 19.4704, 1.30339], "size": [2, 3, 2], "pivot": [14, 19.4704, 1.30339], "rotation": [0, 0, -30], "uv": [155, 19]},
						{"origin": [4, 19.4704, 1.30339], "size": [2, 3, 2], "pivot": [4, 19.4704, 1.30339], "rotation": [0, 0, 30], "uv": [155, 19]},
						{"origin": [5.5, 19.4704, 1.30339], "size": [7, 2.75, 2], "uv": [152, 34]},
						{"origin": [6.5, 20.2204, 1.05339], "size": [5, 4, 2], "uv": [163, 18]},
						{"origin": [3, 7.2204, -0.94661], "size": [1, 9, 2], "pivot": [4, 10.2204, -0.94661], "rotation": [-10, 0, 0], "uv": [175, 23]}
					]
				},
				{
					"name": "seat2",
					"parent": "interior",
					"pivot": [-13, 10.2204, -0.94661],
					"cubes": [
						{"origin": [-4, 7.2204, -0.94661], "size": [1, 9, 2], "pivot": [-3, 10.2204, -0.94661], "rotation": [-10, 0, 0], "uv": [181, 23]},
						{"origin": [-14, 6, -9.75], "size": [10, 2, 9], "uv": [42, 74]},
						{"origin": [-12, 5, -7.75], "size": [6, 1, 8], "uv": [194, 0]},
						{"origin": [-14, 6, -0.75], "size": [10, 14, 2], "pivot": [-9, 8, -0.75], "rotation": [-10, 0, 0], "uv": [0, 132]},
						{"origin": [-6, 19.4704, 1.30339], "size": [2, 3, 2], "pivot": [-4, 19.4704, 1.30339], "rotation": [0, 0, -30], "uv": [155, 19]},
						{"origin": [-14, 19.4704, 1.30339], "size": [2, 3, 2], "pivot": [-14, 19.4704, 1.30339], "rotation": [0, 0, 30], "uv": [155, 19]},
						{"origin": [-12.5, 19.4704, 1.30339], "size": [7, 2.75, 2], "uv": [152, 34]},
						{"origin": [-11.5, 20.2204, 1.05339], "size": [5, 4, 2], "uv": [163, 18]},
						{"origin": [-15, 7.2204, -0.94661], "size": [1, 9, 2], "pivot": [-14, 10.2204, -0.94661], "rotation": [-10, 0, 0], "uv": [175, 23]}
					]
				},
				{
					"name": "backseat",
					"parent": "interior",
					"pivot": [-12, 9.94116, 15.05095],
					"cubes": [
						{"origin": [13, 6.94116, 15.05095], "size": [1, 9, 2], "pivot": [-2, 9.94116, 15.05095], "rotation": [-10, 0, 0], "uv": [181, 23]},
						{"origin": [-13, 5.72076, 6.24756], "size": [26, 2, 9], "uv": [123, 54]},
						{"origin": [-11, 4.72076, 8.24756], "size": [22, 1, 8], "uv": [184, 53]},
						{"origin": [-13, 5.72076, 15.24756], "size": [26, 14, 2], "pivot": [-8, 7.72076, 15.24756], "rotation": [-10, 0, 0], "uv": [194, 21]},
						{"origin": [-14, 6.94116, 15.05095], "size": [1, 9, 2], "pivot": [-13, 9.94116, 15.05095], "rotation": [-10, 0, 0], "uv": [175, 23]}
					]
				},
				{
					"name": "bone13",
					"parent": "backseat",
					"pivot": [-3, 19.19116, 17.30095],
					"cubes": [
						{"origin": [-10.5, 18.94131, 17.0335], "size": [5, 4, 2], "uv": [163, 18]},
						{"origin": [-2, 18.94131, 17.0335], "size": [4, 2, 2], "uv": [177, 17]},
						{"origin": [-11.5, 19.19116, 17.30095], "size": [7, 2.75, 2], "uv": [152, 34]},
						{"origin": [-13, 19.19116, 17.30095], "size": [2, 3, 2], "pivot": [-13, 19.19116, 17.30095], "rotation": [0, 0, 30], "uv": [155, 19]},
						{"origin": [-5, 19.19116, 17.30095], "size": [2, 3, 2], "pivot": [-3, 19.19116, 17.30095], "rotation": [0, 0, -30], "uv": [155, 19]}
					]
				},
				{
					"name": "bone14",
					"parent": "backseat",
					"pivot": [13, 19.19116, 17.30095],
					"cubes": [
						{"origin": [5.5, 18.94131, 17.0335], "size": [5, 4, 2], "uv": [163, 18]},
						{"origin": [4.5, 19.19116, 17.30095], "size": [7, 2.75, 2], "uv": [152, 34]},
						{"origin": [3, 19.19116, 17.30095], "size": [2, 3, 2], "pivot": [3, 19.19116, 17.30095], "rotation": [0, 0, 30], "uv": [155, 19]},
						{"origin": [11, 19.19116, 17.30095], "size": [2, 3, 2], "pivot": [13, 19.19116, 17.30095], "rotation": [0, 0, -30], "uv": [155, 19]}
					]
				},
				{
					"name": "tail",
					"parent": "body_main",
					"pivot": [0, 1, 0],
					"cubes": [
						{"origin": [-12, 4.5, 41], "size": [24, 4, 1], "pivot": [0, 4.5, 42], "rotation": [-20, 0, 0], "uv": [0, 108]},
						{"origin": [11, 4.5, 41], "size": [7, 4, 1], "pivot": [12, 4.5, 42], "rotation": [-15, 30, 0], "uv": [15, 14]},
						{"origin": [11.5, 8.25, 41.75], "size": [7, 10, 1], "pivot": [12.5, 8.25, 42.75], "rotation": [7, 30, 0], "uv": [83, 47]},
						{"origin": [-18.5, 8.25, 41.75], "size": [7, 10, 1], "pivot": [-12.5, 8.25, 42.75], "rotation": [7, -30, 0], "uv": [64, 47]},
						{"origin": [-11.5, 10.25, 41.75], "size": [23, 8, 1], "pivot": [0, 10.25, 42.75], "rotation": [6, 0, 0], "uv": [38, 88]},
						{"origin": [-8.5, 15.22826, 41.49821], "size": [17, 1, 1], "uv": [38, 97]},
						{"origin": [-10.5, 17.71915, 40.04177], "size": [21, 1, 3], "inflate": -0.3, "pivot": [0, 18.21915, 41.29177], "rotation": [10, 0, 0], "uv": [95, 103]},
						{"origin": [-12.5, 14.19779, 41.74635], "size": [4, 3, 1], "uv": [74, 99]},
						{"origin": [-16.5, 14.19779, 41.74635], "size": [4, 3, 1], "pivot": [-12.5, 15.69779, 42.74635], "rotation": [0, -30, 0], "uv": [88, 94]},
						{"origin": [8.5, 14.19779, 41.74635], "size": [4, 3, 1], "uv": [74, 103]},
						{"origin": [12.5, 14.19779, 41.74635], "size": [4, 3, 1], "pivot": [12.5, 15.69779, 42.74635], "rotation": [0, 30, 0], "uv": [88, 102]},
						{"origin": [-18, 4.5, 41], "size": [7, 4, 1], "pivot": [-12, 4.5, 42], "rotation": [-15, -30, 0], "uv": [11, 95]},
						{"origin": [-12, 8.25, 42.35], "size": [24, 2, 1], "uv": [0, 113]}
					]
				},
				{
					"name": "roof",
					"parent": "body_main",
					"pivot": [0, 1, 0],
					"cubes": [
						{"origin": [-11, 17.04935, 15.28624], "size": [22, 1, 26], "pivot": [0, 18, 41.25], "rotation": [-20, 0, 0], "uv": [0, 132]},
						{"origin": [-11, 17.04935, 20.28624], "size": [22, 1, 8], "pivot": [0, 18.04935, 20.28624], "rotation": [40, 0, 0], "uv": [61, 111]},
						{"origin": [11.59501, 14.96853, 24.36633], "size": [1, 10, 1], "pivot": [12.73071, 21.65285, 24.01153], "rotation": [-40, 0, -45], "uv": [42, 72]},
						{"origin": [-14.08208, 14.90246, 23.08368], "size": [1, 10, 1], "pivot": [-13.58208, 19.90246, 23.58368], "rotation": [-40, 0, 45], "uv": [46, 72]},
						{"origin": [-11, 27.06029, 2.83121], "size": [22, 1, 14], "pivot": [0, 27.06151, 3.86609], "rotation": [-5, 0, 0], "uv": [88, 87]},
						{"origin": [11.10737, 25.29434, -9.67492], "size": [2, 1, 13], "pivot": [10.5049, 25.82651, -3.85971], "rotation": [15, -17, 0], "uv": [195, 66]},
						{"origin": [12.00634, 15.07595, 4.2349], "size": [1, 14, 2], "pivot": [13.0871, 22.94917, 2.56192], "rotation": [-14, 0, -27], "uv": [168, 0]},
						{"origin": [-10.1545, 3.62282, 7.09049], "size": [1, 14, 2], "pivot": [13.0871, 22.94917, 2.56192], "rotation": [-14, 0, 27], "uv": [174, 0]},
						{"origin": [-13.11349, 25.1709, -8.77828], "size": [2, 1, 13], "pivot": [-13.56979, 25.83524, -3.4226], "rotation": [15, 17, 0], "uv": [146, 79]},
						{"origin": [11.04112, 27.21132, -21.10754], "size": [2, 1, 14], "pivot": [14.2389, 24.3072, -2.34453], "rotation": [35, -15, 0], "uv": [212, 62]},
						{"origin": [-13.19089, 27.21132, -22.2452], "size": [2, 1, 14], "pivot": [-9.99311, 24.3072, -3.48219], "rotation": [35, 15, 0], "uv": [162, 79]}
					]
				},
				{
					"name": "bone15",
					"parent": "roof",
					"pivot": [0, 18.04935, 20.28624],
					"cubes": [
						{"origin": [11, 17.04935, 20.28624], "size": [1, 1, 6.25], "pivot": [0, 18.04935, 20.28624], "rotation": [40, 0, 0], "uv": [69, 111]},
						{"origin": [12, 17.04935, 20.28624], "size": [1, 1, 5], "pivot": [0, 18.04935, 20.28624], "rotation": [40, 0, 0], "uv": [69, 111]},
						{"origin": [13, 17.04935, 20.28624], "size": [1, 1, 3.25], "pivot": [0, 18.04935, 20.28624], "rotation": [40, 0, 0], "uv": [69, 111]},
						{"origin": [14, 17.04935, 20.28624], "size": [1, 1, 1.75], "pivot": [0, 18.04935, 20.28624], "rotation": [40, 0, 0], "uv": [69, 111]}
					]
				},
				{
					"name": "bone16",
					"parent": "roof",
					"pivot": [-26, 18.04935, 20.28624],
					"cubes": [
						{"origin": [-12, 17.04935, 20.28624], "size": [1, 1, 6.25], "pivot": [-26, 18.04935, 20.28624], "rotation": [40, 0, 0], "uv": [69, 111]},
						{"origin": [-13, 17.04935, 20.28624], "size": [1, 1, 5], "pivot": [-26, 18.04935, 20.28624], "rotation": [40, 0, 0], "uv": [69, 111]},
						{"origin": [-14, 17.04935, 20.28624], "size": [1, 1, 3.25], "pivot": [-26, 18.04935, 20.28624], "rotation": [40, 0, 0], "uv": [69, 111]},
						{"origin": [-15, 17.04935, 20.28624], "size": [1, 1, 1.75], "pivot": [-26, 18.04935, 20.28624], "rotation": [40, 0, 0], "uv": [69, 111]}
					]
				},
				{
					"name": "bone17",
					"parent": "roof",
					"pivot": [15.60572, 18.53952, 21.8674],
					"cubes": [
						{"origin": [12.94455, 16.46876, 26.37085], "size": [1, 8, 2], "pivot": [13.50719, 19.93, 25.1166], "rotation": [0, 0, -60], "uv": [83, 73]},
						{"origin": [10.81981, 17.24289, 32.846], "size": [6, 1, 8], "pivot": [10.81981, 17.78652, 40.84638], "rotation": [-14, 15, 25], "uv": [40, 123]},
						{"origin": [8.32888, 17.25598, 35.42867], "size": [6, 1, 4], "pivot": [12.81981, 17.77779, 34.84631], "rotation": [0, 30, 0], "uv": [45, 118]},
						{"origin": [14.07888, 17.26034, 31.17871], "size": [2, 1, 7], "uv": [60, 120]},
						{"origin": [10.01078, 17.91431, 28.4352], "size": [7, 1, 5], "pivot": [15.57318, 19.71281, 30.23282], "rotation": [-15, 0, 28], "uv": [48, 64]},
						{"origin": [12.97478, 16.48622, 25.37116], "size": [1, 6, 1], "pivot": [13.50719, 19.93, 25.1166], "rotation": [0, 0, -60], "uv": [88, 87]},
						{"origin": [12.98989, 16.49494, 24.37131], "size": [1, 5, 1], "pivot": [13.50719, 19.93, 25.1166], "rotation": [0, 0, -60], "uv": [88, 87]},
						{"origin": [13.00501, 16.50367, 23.37146], "size": [1, 4, 1], "pivot": [13.50719, 19.93, 25.1166], "rotation": [0, 0, -60], "uv": [88, 87]},
						{"origin": [14.43946, 17.3969, 22.36725], "size": [1, 3, 1], "pivot": [15.17435, 18.98239, 22.87161], "rotation": [0, 0, -65], "uv": [88, 87]},
						{"origin": [14.86427, 17.47483, 21.36304], "size": [1, 2, 1], "pivot": [15.60572, 18.53952, 21.8674], "rotation": [0, 0, -75], "uv": [88, 87]}
					]
				},
				{
					"name": "bone18",
					"parent": "roof",
					"pivot": [-9.89428, 18.53952, 21.8674],
					"cubes": [
						{"origin": [-12.99071, 16.14513, 26.37085], "size": [1, 8, 2], "pivot": [-12.49071, 20.14513, 27.37085], "rotation": [0, 0, 60], "uv": [83, 73]},
						{"origin": [-13.00583, 16.15386, 25.371], "size": [1, 6, 1], "pivot": [-12.49071, 20.14513, 27.37085], "rotation": [0, 0, 60], "uv": [92, 87]},
						{"origin": [-13.02094, 16.16258, 24.37116], "size": [1, 5, 1], "pivot": [-12.49071, 20.14513, 27.37085], "rotation": [0, 0, 60], "uv": [92, 87]},
						{"origin": [-13.03606, 16.17131, 23.37131], "size": [1, 4, 1], "pivot": [-12.49071, 20.14513, 27.37085], "rotation": [0, 0, 60], "uv": [92, 87]},
						{"origin": [-14.92924, 17.3593, 22.3671], "size": [1, 3, 1], "pivot": [-14.65578, 18.96494, 22.87146], "rotation": [0, 0, 65], "uv": [92, 87]},
						{"origin": [-15.1059, 17.603, 21.36289], "size": [1, 2, 1], "pivot": [-15.08879, 18.73239, 21.87161], "rotation": [0, 0, 75], "uv": [92, 87]},
						{"origin": [-16.43104, 18.17651, 33.09672], "size": [6, 1, 8], "pivot": [-8.68019, 17.78652, 40.84638], "rotation": [-14, -15, -25], "uv": [40, 123]},
						{"origin": [-15.68019, 17.25598, 35.82817], "size": [6, 1, 4], "pivot": [-12.68019, 17.75598, 37.82817], "rotation": [0, -30, 0], "uv": [45, 118]},
						{"origin": [-15.92112, 17.26034, 31.17871], "size": [2, 1, 7], "uv": [60, 120]},
						{"origin": [-17.06231, 17.68569, 28.49495], "size": [7, 1, 5], "pivot": [-15.92682, 19.71281, 30.23282], "rotation": [-15, 0, -28], "uv": [48, 64]}
					]
				},
				{
					"name": "brakes_right",
					"pivot": [-15, 1, -26],
					"rotation": [0, 180, 0]
				},
				{
					"name": "brakes4",
					"parent": "brakes_right",
					"pivot": [-14.5, 7, -25],
					"rotation": [180, 0, 0],
					"cubes": [
						{"origin": [-15, 6.75, -21.75], "size": [1, 3, 1], "pivot": [-13.5, 6.75, -21.25], "rotation": [20, 0, 0], "uv": [7, 0]},
						{"origin": [-15, 7.25, -21.75], "size": [1, 3, 1], "pivot": [-13.5, 7.25, -21.25], "rotation": [160, 0, 0], "uv": [7, 0]}
					]
				},
				{
					"name": "bone48",
					"parent": "brakes_right",
					"pivot": [-14, 1, -72],
					"cubes": [
						{"origin": [-15.5, 5.5, -28.5], "size": [1, 3, 7], "uv": [7, 0]},
						{"origin": [-15.5, 5.5, -28.5], "size": [1, 3, 7], "pivot": [-14.5, 7, -25], "rotation": [-45, 0, 0], "uv": [7, 0]},
						{"origin": [-15.5, 5.5, -28.5], "size": [1, 3, 7], "pivot": [-14.5, 7, -25], "rotation": [-90, 0, 0], "uv": [7, 0]},
						{"origin": [-15.5, 5.5, -28.5], "size": [1, 3, 7], "pivot": [-14.5, 7, -25], "rotation": [-135, 0, 0], "uv": [7, 0]}
					]
				},
				{
					"name": "brakes_left",
					"pivot": [15, 1, -24]
				},
				{
					"name": "brakes",
					"parent": "brakes_left",
					"pivot": [15.5, 7.25, -20.25],
					"cubes": [
						{"origin": [15, 6.75, -23.75], "size": [1, 3, 1], "pivot": [16, 6.75, -23.25], "rotation": [20, 0, 0], "uv": [7, 0]},
						{"origin": [15, 7.25, -23.75], "size": [1, 3, 1], "pivot": [16, 7.25, -23.25], "rotation": [160, 0, 0], "uv": [7, 0]}
					]
				},
				{
					"name": "bone11",
					"parent": "brakes_left",
					"pivot": [15, 1, -24],
					"cubes": [
						{"origin": [14.5, 5.5, -30.5], "size": [1, 3, 7], "uv": [7, 0]},
						{"origin": [14.5, 5.5, -30.5], "size": [1, 3, 7], "pivot": [15, 7, -27], "rotation": [-45, 0, 0], "uv": [7, 0]},
						{"origin": [14.5, 5.5, -30.5], "size": [1, 3, 7], "pivot": [15, 7, -27], "rotation": [-90, 0, 0], "uv": [7, 0]},
						{"origin": [14.5, 5.5, -30.5], "size": [1, 3, 7], "pivot": [15, 7, -27], "rotation": [-135, 0, 0], "uv": [7, 0]}
					]
				},
				{
					"name": "wheel_left",
					"pivot": [15.25, 7, -27],
					"rotation": [-15, 0, 0]
				},
				{
					"name": "bone57",
					"parent": "wheel_left",
					"pivot": [14.75, 1, -27]
				},
				{
					"name": "wheel19",
					"parent": "bone57",
					"pivot": [14.75, 7, -27],
					"cubes": [
						{"origin": [13.25, 0.5, -29.75], "size": [4, 1.25, 5.5], "uv": [43, 0]},
						{"origin": [13.25, 12.25, -29.75], "size": [4, 1.25, 5.5], "uv": [43, 0]}
					]
				},
				{
					"name": "wheel20",
					"parent": "bone57",
					"pivot": [14.75, 7, -27],
					"rotation": [-45, 0, 0],
					"cubes": [
						{"origin": [13.25, 0.5, -29.75], "size": [4, 1.25, 5.5], "uv": [43, 0]},
						{"origin": [13.25, 12.25, -29.75], "size": [4, 1.25, 5.5], "uv": [43, 0]}
					]
				},
				{
					"name": "wheel21",
					"parent": "bone57",
					"pivot": [14.75, 7, -27],
					"rotation": [-90, 0, 0],
					"cubes": [
						{"origin": [13.25, 0.5, -29.75], "size": [4, 1.25, 5.5], "uv": [43, 0]},
						{"origin": [13.25, 12.25, -29.75], "size": [4, 1.25, 5.5], "uv": [43, 0]}
					]
				},
				{
					"name": "wheel22",
					"parent": "bone57",
					"pivot": [14.75, 7, -27],
					"rotation": [-135, 0, 0],
					"cubes": [
						{"origin": [13.25, 0.5, -29.75], "size": [4, 1.25, 5.5], "uv": [43, 0]},
						{"origin": [13.25, 12.25, -29.75], "size": [4, 1.25, 5.5], "uv": [43, 0]}
					]
				},
				{
					"name": "bone58",
					"parent": "wheel_left",
					"pivot": [17, 7, -27],
					"cubes": [
						{"origin": [15.9, 6.375, -27.625], "size": [1, 1.25, 1.25], "uv": [0, 0]}
					]
				},
				{
					"name": "bone59",
					"parent": "bone58",
					"pivot": [17, 7, -27],
					"cubes": [
						{"origin": [16.15, 6.5, -26.5], "size": [1, 1, 5.25], "uv": [0, 8]}
					]
				},
				{
					"name": "bone19",
					"parent": "bone58",
					"pivot": [17, 7, -27],
					"rotation": [-36, 0, 0],
					"cubes": [
						{"origin": [16.15, 6.5, -26.5], "size": [1, 1, 5.25], "uv": [0, 8]}
					]
				},
				{
					"name": "bone20",
					"parent": "bone58",
					"pivot": [17, 7, -27],
					"rotation": [-72, 0, 0],
					"cubes": [
						{"origin": [16.15, 6.5, -26.5], "size": [1, 1, 5.25], "uv": [0, 8]}
					]
				},
				{
					"name": "bone21",
					"parent": "bone58",
					"pivot": [17, 7, -27],
					"rotation": [-108, 0, 0],
					"cubes": [
						{"origin": [16.15, 6.5, -26.5], "size": [1, 1, 5.25], "uv": [0, 8]}
					]
				},
				{
					"name": "bone22",
					"parent": "bone58",
					"pivot": [17, 7, -27],
					"rotation": [-144, 0, 0],
					"cubes": [
						{"origin": [16.15, 6.5, -26.5], "size": [1, 1, 5.25], "uv": [0, 8]}
					]
				},
				{
					"name": "bone23",
					"parent": "bone58",
					"pivot": [17, 7, -27],
					"rotation": [180, 0, 0],
					"cubes": [
						{"origin": [16.15, 6.5, -26.5], "size": [1, 1, 5.25], "uv": [0, 8]}
					]
				},
				{
					"name": "bone24",
					"parent": "bone58",
					"pivot": [17, 7, -27],
					"rotation": [144, 0, 0],
					"cubes": [
						{"origin": [16.15, 6.5, -26.5], "size": [1, 1, 5.25], "uv": [0, 8]}
					]
				},
				{
					"name": "bone25",
					"parent": "bone58",
					"pivot": [17, 7, -27],
					"rotation": [108, 0, 0],
					"cubes": [
						{"origin": [16.15, 6.5, -26.5], "size": [1, 1, 5.25], "uv": [0, 8]}
					]
				},
				{
					"name": "bone26",
					"parent": "bone58",
					"pivot": [17, 7, -27],
					"rotation": [72, 0, 0],
					"cubes": [
						{"origin": [16.15, 6.5, -26.5], "size": [1, 1, 5.25], "uv": [0, 8]}
					]
				},
				{
					"name": "bone27",
					"parent": "bone58",
					"pivot": [17, 7, -27],
					"rotation": [36, 0, 0],
					"cubes": [
						{"origin": [16.15, 6.5, -26.5], "size": [1, 1, 5.25], "uv": [0, 8]}
					]
				},
				{
					"name": "bone66",
					"parent": "wheel_left",
					"pivot": [17.25, 7, -27],
					"rotation": [-45, 180, 0]
				},
				{
					"name": "bone67",
					"parent": "bone66",
					"pivot": [18.25, 7, -27]
				},
				{
					"name": "bone68",
					"parent": "bone66",
					"pivot": [18.25, 7, -27],
					"rotation": [-51, 0, 0]
				},
				{
					"name": "bone69",
					"parent": "bone66",
					"pivot": [18.25, 7, -27],
					"rotation": [-102, 0, 0]
				},
				{
					"name": "bone70",
					"parent": "bone66",
					"pivot": [18.25, 7, -27],
					"rotation": [-154, 0, 0]
				},
				{
					"name": "bone71",
					"parent": "bone66",
					"pivot": [18.25, 7, -27],
					"rotation": [154, 0, 0]
				},
				{
					"name": "bone72",
					"parent": "bone66",
					"pivot": [18.25, 7, -27],
					"rotation": [102, 0, 0]
				},
				{
					"name": "bone73",
					"parent": "bone66",
					"pivot": [18.25, 7, -27],
					"rotation": [51, 0, 0]
				},
				{
					"name": "brakes_back2",
					"pivot": [15, 1, 31.5]
				},
				{
					"name": "brakes5",
					"parent": "brakes_back2",
					"pivot": [15.5, 7.25, 35.25],
					"cubes": [
						{"origin": [15, 6.75, 31.75], "size": [1, 3, 1], "pivot": [16, 6.75, 32.25], "rotation": [20, 0, 0], "uv": [7, 0]},
						{"origin": [15, 7.25, 31.75], "size": [1, 3, 1], "pivot": [16, 7.25, 32.25], "rotation": [160, 0, 0], "uv": [7, 0]}
					]
				},
				{
					"name": "bone78",
					"parent": "brakes_back2",
					"pivot": [15, 1, 31.5],
					"cubes": [
						{"origin": [14.5, 5.5, 25], "size": [1, 3, 7], "uv": [7, 0]},
						{"origin": [14.5, 5.5, 25], "size": [1, 3, 7], "pivot": [15, 7, 28.5], "rotation": [-45, 0, 0], "uv": [7, 0]},
						{"origin": [14.5, 5.5, 25], "size": [1, 3, 7], "pivot": [15, 7, 28.5], "rotation": [-90, 0, 0], "uv": [7, 0]},
						{"origin": [14.5, 5.5, 25], "size": [1, 3, 7], "pivot": [15, 7, 28.5], "rotation": [-135, 0, 0], "uv": [7, 0]}
					]
				},
				{
					"name": "wheel_right",
					"pivot": [-15.25, 7, -27],
					"rotation": [15, 180, 0]
				},
				{
					"name": "bone96",
					"parent": "wheel_right",
					"pivot": [-15.75, 1, -27]
				},
				{
					"name": "wheel31",
					"parent": "bone96",
					"pivot": [-15.75, 7, -27],
					"cubes": [
						{"origin": [-17.25, 0.5, -29.75], "size": [4, 1.25, 5.5], "uv": [43, 0]},
						{"origin": [-17.25, 12.25, -29.75], "size": [4, 1.25, 5.5], "uv": [43, 0]}
					]
				},
				{
					"name": "wheel32",
					"parent": "bone96",
					"pivot": [-15.75, 7, -27],
					"rotation": [-45, 0, 0],
					"cubes": [
						{"origin": [-17.25, 0.5, -29.75], "size": [4, 1.25, 5.5], "uv": [43, 0]},
						{"origin": [-17.25, 12.25, -29.75], "size": [4, 1.25, 5.5], "uv": [43, 0]}
					]
				},
				{
					"name": "wheel33",
					"parent": "bone96",
					"pivot": [-15.75, 7, -27],
					"rotation": [-90, 0, 0],
					"cubes": [
						{"origin": [-17.25, 0.5, -29.75], "size": [4, 1.25, 5.5], "uv": [43, 0]},
						{"origin": [-17.25, 12.25, -29.75], "size": [4, 1.25, 5.5], "uv": [43, 0]}
					]
				},
				{
					"name": "wheel34",
					"parent": "bone96",
					"pivot": [-15.75, 7, -27],
					"rotation": [-135, 0, 0],
					"cubes": [
						{"origin": [-17.25, 0.5, -29.75], "size": [4, 1.25, 5.5], "uv": [43, 0]},
						{"origin": [-17.25, 12.25, -29.75], "size": [4, 1.25, 5.5], "uv": [43, 0]}
					]
				},
				{
					"name": "bone97",
					"parent": "wheel_right",
					"pivot": [-13.5, 1, -27],
					"cubes": [
						{"origin": [-14.6, 6.375, -27.625], "size": [1, 1.25, 1.25], "uv": [0, 0]}
					]
				},
				{
					"name": "bone98",
					"parent": "bone97",
					"pivot": [-13.5, 7, -27],
					"cubes": [
						{"origin": [-14.35, 6.5, -26.5], "size": [1, 1, 5.25], "uv": [0, 8]}
					]
				},
				{
					"name": "bone49",
					"parent": "bone97",
					"pivot": [-13.5, 7, -27],
					"rotation": [-36, 0, 0],
					"cubes": [
						{"origin": [-14.35, 6.5, -26.5], "size": [1, 1, 5.25], "uv": [0, 8]}
					]
				},
				{
					"name": "bone50",
					"parent": "bone97",
					"pivot": [-13.5, 7, -27],
					"rotation": [-72, 0, 0],
					"cubes": [
						{"origin": [-14.35, 6.5, -26.5], "size": [1, 1, 5.25], "uv": [0, 8]}
					]
				},
				{
					"name": "bone51",
					"parent": "bone97",
					"pivot": [-13.5, 7, -27],
					"rotation": [-108, 0, 0],
					"cubes": [
						{"origin": [-14.35, 6.5, -26.5], "size": [1, 1, 5.25], "uv": [0, 8]}
					]
				},
				{
					"name": "bone56",
					"parent": "bone97",
					"pivot": [-13.5, 7, -27],
					"rotation": [-144, 0, 0],
					"cubes": [
						{"origin": [-14.35, 6.5, -26.5], "size": [1, 1, 5.25], "uv": [0, 8]}
					]
				},
				{
					"name": "bone60",
					"parent": "bone97",
					"pivot": [-13.5, 7, -27],
					"rotation": [180, 0, 0],
					"cubes": [
						{"origin": [-14.35, 6.5, -26.5], "size": [1, 1, 5.25], "uv": [0, 8]}
					]
				},
				{
					"name": "bone61",
					"parent": "bone97",
					"pivot": [-13.5, 7, -27],
					"rotation": [144, 0, 0],
					"cubes": [
						{"origin": [-14.35, 6.5, -26.5], "size": [1, 1, 5.25], "uv": [0, 8]}
					]
				},
				{
					"name": "bone62",
					"parent": "bone97",
					"pivot": [-13.5, 7, -27],
					"rotation": [108, 0, 0],
					"cubes": [
						{"origin": [-14.35, 6.5, -26.5], "size": [1, 1, 5.25], "uv": [0, 8]}
					]
				},
				{
					"name": "bone63",
					"parent": "bone97",
					"pivot": [-13.5, 7, -27],
					"rotation": [72, 0, 0],
					"cubes": [
						{"origin": [-14.35, 6.5, -26.5], "size": [1, 1, 5.25], "uv": [0, 8]}
					]
				},
				{
					"name": "bone64",
					"parent": "bone97",
					"pivot": [-13.5, 7, -27],
					"rotation": [36, 0, 0],
					"cubes": [
						{"origin": [-14.35, 6.5, -26.5], "size": [1, 1, 5.25], "uv": [0, 8]}
					]
				},
				{
					"name": "bone105",
					"parent": "wheel_right",
					"pivot": [-14.75, 7, -27],
					"rotation": [-20, 0, 0]
				},
				{
					"name": "bone106",
					"parent": "bone105",
					"pivot": [-13.75, 7, -27]
				},
				{
					"name": "bone107",
					"parent": "bone105",
					"pivot": [-13.75, 7, -27],
					"rotation": [-51, 0, 0]
				},
				{
					"name": "bone108",
					"parent": "bone105",
					"pivot": [-13.75, 7, -27],
					"rotation": [-102, 0, 0]
				},
				{
					"name": "bone109",
					"parent": "bone105",
					"pivot": [-13.75, 7, -27],
					"rotation": [-154, 0, 0]
				},
				{
					"name": "bone110",
					"parent": "bone105",
					"pivot": [-13.75, 7, -27],
					"rotation": [154, 0, 0]
				},
				{
					"name": "bone111",
					"parent": "bone105",
					"pivot": [-13.75, 7, -27],
					"rotation": [102, 0, 0]
				},
				{
					"name": "bone112",
					"parent": "bone105",
					"pivot": [-13.75, 7, -27],
					"rotation": [51, 0, 0]
				},
				{
					"name": "backwheels",
					"pivot": [0, 7, 28.5]
				},
				{
					"name": "wheel_back1",
					"parent": "backwheels",
					"pivot": [15.25, 7, 28.5],
					"rotation": [-15, 0, 0]
				},
				{
					"name": "bone2",
					"parent": "wheel_back1",
					"pivot": [14.75, 1, 28.5]
				},
				{
					"name": "wheel23",
					"parent": "bone2",
					"pivot": [14.75, 7, 28.5],
					"cubes": [
						{"origin": [13.25, 0.5, 25.75], "size": [4, 1.25, 5.5], "uv": [43, 0]},
						{"origin": [13.25, 12.25, 25.75], "size": [4, 1.25, 5.5], "uv": [43, 0]}
					]
				},
				{
					"name": "wheel24",
					"parent": "bone2",
					"pivot": [14.75, 7, 28.5],
					"rotation": [-45, 0, 0],
					"cubes": [
						{"origin": [13.25, 0.5, 25.75], "size": [4, 1.25, 5.5], "uv": [43, 0]},
						{"origin": [13.25, 12.25, 25.75], "size": [4, 1.25, 5.5], "uv": [43, 0]}
					]
				},
				{
					"name": "wheel25",
					"parent": "bone2",
					"pivot": [14.75, 7, 28.5],
					"rotation": [-90, 0, 0],
					"cubes": [
						{"origin": [13.25, 0.5, 25.75], "size": [4, 1.25, 5.5], "uv": [43, 0]},
						{"origin": [13.25, 12.25, 25.75], "size": [4, 1.25, 5.5], "uv": [43, 0]}
					]
				},
				{
					"name": "wheel26",
					"parent": "bone2",
					"pivot": [14.75, 7, 28.5],
					"rotation": [-135, 0, 0],
					"cubes": [
						{"origin": [13.25, 0.5, 25.75], "size": [4, 1.25, 5.5], "uv": [43, 0]},
						{"origin": [13.25, 12.25, 25.75], "size": [4, 1.25, 5.5], "uv": [43, 0]}
					]
				},
				{
					"name": "bone43",
					"parent": "wheel_back1",
					"pivot": [17, 1, 28.5],
					"cubes": [
						{"origin": [15.9, 6.375, 27.875], "size": [1, 1.25, 1.25], "uv": [0, 0]}
					]
				},
				{
					"name": "bone44",
					"parent": "bone43",
					"pivot": [17, 7, 28.5],
					"cubes": [
						{"origin": [16.15, 6.5, 29], "size": [1, 1, 5.25], "uv": [0, 8]}
					]
				},
				{
					"name": "bone28",
					"parent": "bone43",
					"pivot": [17, 7, 28.5],
					"rotation": [-36, 0, 0],
					"cubes": [
						{"origin": [16.15, 6.5, 29], "size": [1, 1, 5.25], "uv": [0, 8]}
					]
				},
				{
					"name": "bone29",
					"parent": "bone43",
					"pivot": [17, 7, 28.5],
					"rotation": [-72, 0, 0],
					"cubes": [
						{"origin": [16.15, 6.5, 29], "size": [1, 1, 5.25], "uv": [0, 8]}
					]
				},
				{
					"name": "bone30",
					"parent": "bone43",
					"pivot": [17, 7, 28.5],
					"rotation": [-108, 0, 0],
					"cubes": [
						{"origin": [16.15, 6.5, 29], "size": [1, 1, 5.25], "uv": [0, 8]}
					]
				},
				{
					"name": "bone31",
					"parent": "bone43",
					"pivot": [17, 7, 28.5],
					"rotation": [-144, 0, 0],
					"cubes": [
						{"origin": [16.15, 6.5, 29], "size": [1, 1, 5.25], "uv": [0, 8]}
					]
				},
				{
					"name": "bone32",
					"parent": "bone43",
					"pivot": [17, 7, 28.5],
					"rotation": [180, 0, 0],
					"cubes": [
						{"origin": [16.15, 6.5, 29], "size": [1, 1, 5.25], "uv": [0, 8]}
					]
				},
				{
					"name": "bone33",
					"parent": "bone43",
					"pivot": [17, 7, 28.5],
					"rotation": [144, 0, 0],
					"cubes": [
						{"origin": [16.15, 6.5, 29], "size": [1, 1, 5.25], "uv": [0, 8]}
					]
				},
				{
					"name": "bone34",
					"parent": "bone43",
					"pivot": [17, 7, 28.5],
					"rotation": [108, 0, 0],
					"cubes": [
						{"origin": [16.15, 6.5, 29], "size": [1, 1, 5.25], "uv": [0, 8]}
					]
				},
				{
					"name": "bone35",
					"parent": "bone43",
					"pivot": [17, 7, 28.5],
					"rotation": [72, 0, 0],
					"cubes": [
						{"origin": [16.15, 6.5, 29], "size": [1, 1, 5.25], "uv": [0, 8]}
					]
				},
				{
					"name": "bone36",
					"parent": "bone43",
					"pivot": [17, 7, 28.5],
					"rotation": [36, 0, 0],
					"cubes": [
						{"origin": [16.15, 6.5, 29], "size": [1, 1, 5.25], "uv": [0, 8]}
					]
				},
				{
					"name": "bone52",
					"parent": "wheel_back1",
					"pivot": [17.25, 7, 28.5],
					"rotation": [-45, 180, 0]
				},
				{
					"name": "bone53",
					"parent": "bone52",
					"pivot": [18.25, 7, 28.5]
				},
				{
					"name": "bone54",
					"parent": "bone52",
					"pivot": [18.25, 7, 28.5],
					"rotation": [-51, 0, 0]
				},
				{
					"name": "bone55",
					"parent": "bone52",
					"pivot": [18.25, 7, 28.5],
					"rotation": [-102, 0, 0]
				},
				{
					"name": "bone74",
					"parent": "bone52",
					"pivot": [18.25, 7, 28.5],
					"rotation": [-154, 0, 0]
				},
				{
					"name": "bone75",
					"parent": "bone52",
					"pivot": [18.25, 7, 28.5],
					"rotation": [154, 0, 0]
				},
				{
					"name": "bone76",
					"parent": "bone52",
					"pivot": [18.25, 7, 28.5],
					"rotation": [102, 0, 0]
				},
				{
					"name": "bone77",
					"parent": "bone52",
					"pivot": [18.25, 7, 28.5],
					"rotation": [51, 0, 0]
				},
				{
					"name": "wheel_back2",
					"parent": "backwheels",
					"pivot": [-15.25, 7, 28.5],
					"rotation": [15, 180, 0]
				},
				{
					"name": "bone79",
					"parent": "wheel_back2",
					"pivot": [-15.75, 1, 28.5]
				},
				{
					"name": "wheel27",
					"parent": "bone79",
					"pivot": [-15.75, 7, 28.5],
					"cubes": [
						{"origin": [-17.25, 0.5, 25.75], "size": [4, 1.25, 5.5], "uv": [43, 0]},
						{"origin": [-17.25, 12.25, 25.75], "size": [4, 1.25, 5.5], "uv": [43, 0]}
					]
				},
				{
					"name": "wheel28",
					"parent": "bone79",
					"pivot": [-15.75, 7, 28.5],
					"rotation": [-45, 0, 0],
					"cubes": [
						{"origin": [-17.25, 0.5, 25.75], "size": [4, 1.25, 5.5], "uv": [43, 0]},
						{"origin": [-17.25, 12.25, 25.75], "size": [4, 1.25, 5.5], "uv": [43, 0]}
					]
				},
				{
					"name": "wheel29",
					"parent": "bone79",
					"pivot": [-15.75, 7, 28.5],
					"rotation": [-90, 0, 0],
					"cubes": [
						{"origin": [-17.25, 0.5, 25.75], "size": [4, 1.25, 5.5], "uv": [43, 0]},
						{"origin": [-17.25, 12.25, 25.75], "size": [4, 1.25, 5.5], "uv": [43, 0]}
					]
				},
				{
					"name": "wheel30",
					"parent": "bone79",
					"pivot": [-15.75, 7, 28.5],
					"rotation": [-135, 0, 0],
					"cubes": [
						{"origin": [-17.25, 0.5, 25.75], "size": [4, 1.25, 5.5], "uv": [43, 0]},
						{"origin": [-17.25, 12.25, 25.75], "size": [4, 1.25, 5.5], "uv": [43, 0]}
					]
				},
				{
					"name": "bone80",
					"parent": "wheel_back2",
					"pivot": [-13.5, 1, 28.5],
					"cubes": [
						{"origin": [-14.6, 6.375, 27.875], "size": [1, 1.25, 1.25], "uv": [0, 0]}
					]
				},
				{
					"name": "bone81",
					"parent": "bone80",
					"pivot": [-13.5, 7, 28.5],
					"cubes": [
						{"origin": [-14.35, 6.5, 29], "size": [1, 1, 5.25], "uv": [0, 8]}
					]
				},
				{
					"name": "bone37",
					"parent": "bone80",
					"pivot": [-13.5, 7, 28.5],
					"rotation": [-36, 0, 0],
					"cubes": [
						{"origin": [-14.35, 6.5, 29], "size": [1, 1, 5.25], "uv": [0, 8]}
					]
				},
				{
					"name": "bone38",
					"parent": "bone80",
					"pivot": [-13.5, 7, 28.5],
					"rotation": [-72, 0, 0],
					"cubes": [
						{"origin": [-14.35, 6.5, 29], "size": [1, 1, 5.25], "uv": [0, 8]}
					]
				},
				{
					"name": "bone39",
					"parent": "bone80",
					"pivot": [-13.5, 7, 28.5],
					"rotation": [-108, 0, 0],
					"cubes": [
						{"origin": [-14.35, 6.5, 29], "size": [1, 1, 5.25], "uv": [0, 8]}
					]
				},
				{
					"name": "bone40",
					"parent": "bone80",
					"pivot": [-13.5, 7, 28.5],
					"rotation": [-144, 0, 0],
					"cubes": [
						{"origin": [-14.35, 6.5, 29], "size": [1, 1, 5.25], "uv": [0, 8]}
					]
				},
				{
					"name": "bone41",
					"parent": "bone80",
					"pivot": [-13.5, 7, 28.5],
					"rotation": [180, 0, 0],
					"cubes": [
						{"origin": [-14.35, 6.5, 29], "size": [1, 1, 5.25], "uv": [0, 8]}
					]
				},
				{
					"name": "bone42",
					"parent": "bone80",
					"pivot": [-13.5, 7, 28.5],
					"rotation": [144, 0, 0],
					"cubes": [
						{"origin": [-14.35, 6.5, 29], "size": [1, 1, 5.25], "uv": [0, 8]}
					]
				},
				{
					"name": "bone45",
					"parent": "bone80",
					"pivot": [-13.5, 7, 28.5],
					"rotation": [108, 0, 0],
					"cubes": [
						{"origin": [-14.35, 6.5, 29], "size": [1, 1, 5.25], "uv": [0, 8]}
					]
				},
				{
					"name": "bone46",
					"parent": "bone80",
					"pivot": [-13.5, 7, 28.5],
					"rotation": [72, 0, 0],
					"cubes": [
						{"origin": [-14.35, 6.5, 29], "size": [1, 1, 5.25], "uv": [0, 8]}
					]
				},
				{
					"name": "bone47",
					"parent": "bone80",
					"pivot": [-13.5, 7, 28.5],
					"rotation": [36, 0, 0],
					"cubes": [
						{"origin": [-14.35, 6.5, 29], "size": [1, 1, 5.25], "uv": [0, 8]}
					]
				},
				{
					"name": "bone88",
					"parent": "wheel_back2",
					"pivot": [-14.75, 7, 28.5],
					"rotation": [-20, 0, 0]
				},
				{
					"name": "bone89",
					"parent": "bone88",
					"pivot": [-13.75, 7, 28.5]
				},
				{
					"name": "bone90",
					"parent": "bone88",
					"pivot": [-13.75, 7, 28.5],
					"rotation": [-51, 0, 0]
				},
				{
					"name": "bone91",
					"parent": "bone88",
					"pivot": [-13.75, 7, 28.5],
					"rotation": [-102, 0, 0]
				},
				{
					"name": "bone92",
					"parent": "bone88",
					"pivot": [-13.75, 7, 28.5],
					"rotation": [-154, 0, 0]
				},
				{
					"name": "bone93",
					"parent": "bone88",
					"pivot": [-13.75, 7, 28.5],
					"rotation": [154, 0, 0]
				},
				{
					"name": "bone94",
					"parent": "bone88",
					"pivot": [-13.75, 7, 28.5],
					"rotation": [102, 0, 0]
				},
				{
					"name": "bone95",
					"parent": "bone88",
					"pivot": [-13.75, 7, 28.5],
					"rotation": [51, 0, 0]
				},
				{
					"name": "brakes_back1",
					"pivot": [-15, 1, 29.5],
					"rotation": [0, 180, 0]
				},
				{
					"name": "brakes6",
					"parent": "brakes_back1",
					"pivot": [-14.5, 7, 30.5],
					"rotation": [180, 0, 0],
					"cubes": [
						{"origin": [-15, 6.75, 33.75], "size": [1, 3, 1], "pivot": [-13.5, 6.75, 34.25], "rotation": [20, 0, 0], "uv": [7, 0]},
						{"origin": [-15, 7.25, 33.75], "size": [1, 3, 1], "pivot": [-13.5, 7.25, 34.25], "rotation": [160, 0, 0], "uv": [7, 0]}
					]
				},
				{
					"name": "bone113",
					"parent": "brakes_back1",
					"pivot": [-14, 1, -16.5],
					"cubes": [
						{"origin": [-15.5, 5.5, 27], "size": [1, 3, 7], "uv": [7, 0]},
						{"origin": [-15.5, 5.5, 27], "size": [1, 3, 7], "pivot": [-14.5, 7, 30.5], "rotation": [-45, 0, 0], "uv": [7, 0]},
						{"origin": [-15.5, 5.5, 27], "size": [1, 3, 7], "pivot": [-14.5, 7, 30.5], "rotation": [-90, 0, 0], "uv": [7, 0]},
						{"origin": [-15.5, 5.5, 27], "size": [1, 3, 7], "pivot": [-14.5, 7, 30.5], "rotation": [-135, 0, 0], "uv": [7, 0]}
					]
				}
			]
		}
	]
}