{
	"format_version": "1.12.0",
	"minecraft:geometry": [
		{
			"description": {
				"identifier": "geometry.custom.model_x",
				"texture_width": 256,
				"texture_height": 256,
				"visible_bounds_width": 10,
				"visible_bounds_height": 4.5,
				"visible_bounds_offset": [0, 0.75, 0]
			},
			"bones": [
				{
					"name": "body_main",
					"pivot": [0, 1, 0],
					"rotation": [1, 0, 0]
				},
				{
					"name": "bottom",
					"parent": "body_main",
					"pivot": [0, 1.99985, 0.01745],
					"cubes": [
						{"origin": [-18, 4.99985, -18.98255], "size": [36, 1, 40], "uv": [0, 6]},
						{"origin": [-10, 4.99985, -34.98255], "size": [20, 1, 16], "pivot": [0, 4.99985, -18.98255], "rotation": [-4, 0, 0], "uv": [112, 0]},
						{"origin": [-12, 4.99985, 21.01745], "size": [24, 1, 16], "uv": [0, 47]},
						{"origin": [-12, 4.99985, 37.01745], "size": [24, 1, 5], "pivot": [0, 4.99985, 37.01745], "rotation": [5, 0, 0], "uv": [61, 0]},
						{"origin": [12, 5.49985, 39.01745], "size": [6, 1, 3], "pivot": [12, 5.49985, 42.01745], "rotation": [0, 30, 0], "uv": [0, 17]},
						{"origin": [-18, 5.49985, 39.01745], "size": [6, 1, 3], "pivot": [-12, 5.49985, 42.01745], "rotation": [0, -30, 0], "uv": [0, 17]},
						{"origin": [17.25, 5.49985, 33.01745], "size": [3, 1, 6], "pivot": [17.25, 5.49985, 39.01745], "rotation": [0, 80, 0], "uv": [17, 6]},
						{"origin": [-20.25, 5.49985, 33.01745], "size": [3, 1, 6], "pivot": [-17.25, 5.49985, 39.01745], "rotation": [0, -80, 0], "uv": [17, 6]},
						{"origin": [-7, 6.00858, -41.48247], "size": [14, 1, 7], "uv": [112, 17]},
						{"origin": [-8, 6.00858, -39.48247], "size": [16, 1, 5], "uv": [112, 19]},
						{"origin": [7, 5.99985, -40.98255], "size": [11, 1, 2], "pivot": [8, 6.99985, -40.98255], "rotation": [0, -25, 0], "uv": [16, 0]},
						{"origin": [8, 5.99985, -36.73255], "size": [9, 1, 2], "uv": [16, 3]},
						{"origin": [-17, 5.99985, -36.73255], "size": [9, 1, 2], "uv": [16, 3]},
						{"origin": [-12.5, 5.99985, -38.73255], "size": [4.5, 1, 2], "uv": [0, 14]},
						{"origin": [8, 5.99985, -38.73255], "size": [4.5, 1, 2], "uv": [0, 14]},
						{"origin": [-18, 5.99985, -40.98255], "size": [11, 1, 2], "pivot": [-8, 6.99985, -40.98255], "rotation": [0, 25, 0], "uv": [16, 0]}
					]
				},
				{
					"name": "face",
					"parent": "body_main",
					"pivot": [0, 2.9997, 0.0349],
					"cubes": [
						{"origin": [-8, 7.00422, -40.23251], "size": [16, 2, 1], "uv": [0, 21]},
						{"origin": [7.14959, 6.75881, -40.48255], "size": [1, 3, 1], "pivot": [7, 7.9997, -40.4651], "rotation": [0, 0, -30], "uv": [12, 10]},
						{"origin": [7.75, 6.75881, -40.48255], "size": [1, 3, 1], "uv": [12, 10]},
						{"origin": [-8.14959, 6.75881, -40.48255], "size": [1, 3, 1], "pivot": [-7, 7.9997, -40.4651], "rotation": [0, 0, 30], "uv": [12, 10]},
						{"origin": [-8.75, 6.63381, -40.48255], "size": [1, 3, 1], "uv": [12, 10]},
						{"origin": [-8.75, 8.99985, -40.73255], "size": [17.5, 5, 1], "uv": [0, 24]},
						{"origin": [-6.75, 13.99985, -40.23255], "size": [13.5, 1, 1], "uv": [0, 30]},
						{"origin": [-8.83714, 14.00366, -40.73255], "size": [9, 1, 1], "pivot": [-6.75, 14.9997, -40.2151], "rotation": [0, 0, -5], "uv": [0, 32]},
						{"origin": [-8.73858, 13.78839, -40.73255], "size": [8.9, 1, 3], "pivot": [-8.73858, 14.78839, -40.73255], "rotation": [30, 0, -5], "uv": [0, 64]},
						{"origin": [-8.86956, 15.28966, -38.13447], "size": [9, 1, 6], "pivot": [-8.76956, 16.28966, -38.13447], "rotation": [25, 1, -4], "uv": [38, 87]},
						{"origin": [-8.95894, 19.37503, -26.90103], "size": [9, 1, 7], "pivot": [-8.95894, 20.37503, -26.90103], "rotation": [5, 1, -2], "uv": [112, 32]},
						{"origin": [-17, 19.85134, -27.16281], "size": [9, 1, 7], "pivot": [-17, 20.85134, -20.16281], "rotation": [5, 0, 0], "uv": [112, 32]},
						{"origin": [-17, 17.68834, -36.93173], "size": [9, 1, 4], "pivot": [-17, 18.68834, -32.93173], "rotation": [25, 0, 0], "uv": [112, 40]},
						{"origin": [-17, 14.99787, -37.55696], "size": [9, 2, 1], "pivot": [-17, 16.99787, -36.55696], "rotation": [25, 0, 0], "uv": [117, 25]},
						{"origin": [-16, 14.57525, -38.46326], "size": [8, 2, 1], "pivot": [-17, 16.57525, -37.46326], "rotation": [30, 0, 0], "uv": [137, 25]},
						{"origin": [-13.5, 14.07525, -39.32929], "size": [5, 2, 1], "pivot": [-17, 16.07525, -38.32929], "rotation": [30, 0, 0], "uv": [168, 0]},
						{"origin": [-11, 14.57525, -40.19532], "size": [3, 1, 1], "pivot": [-17, 15.57525, -39.19532], "rotation": [30, 0, 0], "uv": [180, 0]},
						{"origin": [8, 14.57525, -40.19532], "size": [3, 1, 1], "pivot": [-17, 15.57525, -39.19532], "rotation": [30, 0, 0], "uv": [179, 2]},
						{"origin": [8.5, 14.07525, -39.32929], "size": [5, 2, 1], "pivot": [-17, 16.07525, -38.32929], "rotation": [30, 0, 0], "uv": [168, 3]},
						{"origin": [8, 14.57525, -38.46326], "size": [8, 2, 1], "pivot": [-17, 16.57525, -37.46326], "rotation": [30, 0, 0], "uv": [157, 24]},
						{"origin": [8, 14.99787, -37.55696], "size": [9, 2, 1], "pivot": [-17, 16.99787, -36.55696], "rotation": [25, 0, 0], "uv": [170, 35]},
						{"origin": [8, 17.68834, -36.93173], "size": [9, 1, 4], "pivot": [-17, 18.68834, -32.93173], "rotation": [25, 0, 0], "uv": [160, 41]},
						{"origin": [-17, 19.24125, -33.13617], "size": [9, 1, 6], "pivot": [-17, 20.24125, -27.13617], "rotation": [15, 0, 0], "uv": [113, 33]},
						{"origin": [8, 19.24125, -33.13617], "size": [9, 1, 6], "pivot": [-17, 20.24125, -27.13617], "rotation": [15, 0, 0], "uv": [113, 33]},
						{"origin": [8, 19.85134, -27.16281], "size": [9, 1, 7], "pivot": [-16, 20.85134, -20.16281], "rotation": [5, 0, 0], "uv": [112, 32]},
						{"origin": [-8.95894, 19.37503, -32.90103], "size": [9, 1, 6], "pivot": [-8.95894, 20.37503, -26.90103], "rotation": [15, 1, -3], "uv": [38, 87]},
						{"origin": [-0.16286, 14.00366, -40.73255], "size": [9, 1, 1], "pivot": [6.75, 14.9997, -40.2151], "rotation": [0, 0, 5], "uv": [0, 32]},
						{"origin": [-0.16142, 13.78839, -40.73255], "size": [8.9, 1, 3], "pivot": [8.73858, 14.78839, -40.73255], "rotation": [30, 0, 5], "uv": [0, 64]},
						{"origin": [-0.13069, 15.28268, -38.13447], "size": [9, 1, 6], "pivot": [8.86931, 16.28268, -38.13447], "rotation": [25, -1, 4], "uv": [38, 87]},
						{"origin": [-0.04105, 19.37502, -26.90278], "size": [9, 1, 7], "pivot": [8.95895, 20.37502, -26.90278], "rotation": [5, -1, 2], "uv": [112, 32]},
						{"origin": [-0.04848, 17.81883, -32.69745], "size": [9, 1, 6], "pivot": [8.95152, 18.81883, -32.69745], "rotation": [15, -1, 3], "uv": [38, 87]},
						{"origin": [8.75, 10.9997, -40.7151], "size": [9, 3.5, 1], "pivot": [8.75, 9.9997, -40.7151], "rotation": [0, -25, 0], "uv": [20, 34]},
						{"origin": [8.93177, 6.99158, -40.32528], "size": [9, 1, 1], "pivot": [8.75, 9.9997, -40.7151], "rotation": [0, -25, 0], "uv": [20, 32]},
						{"origin": [-17.75, 10.9997, -40.7151], "size": [9, 3.5, 1], "pivot": [-8.75, 9.9997, -40.7151], "rotation": [0, 25, 0], "uv": [20, 34]},
						{"origin": [-17.93177, 6.99158, -40.32528], "size": [9, 1, 1], "pivot": [-8.75, 9.9997, -40.7151], "rotation": [0, 25, 0], "uv": [20, 32]},
						{"origin": [-16.90676, 7.99158, -36.48142], "size": [1, 3, 1], "pivot": [-16.90676, 7.99158, -36.48142], "rotation": [0, 25, 0], "uv": [0, 7]},
						{"origin": [-16.25, 8.0084, -37.715], "size": [8.5, 3, 1], "pivot": [-13.25, 8.0084, -37.715], "rotation": [0, 30, 0], "uv": [0, 51], "mirror": true},
						{"origin": [-12.25, 10.9997, -38.2151], "size": [5, 1, 1], "pivot": [-12.25, 7.9997, -37.2151], "rotation": [0, 25, 0], "uv": [0, 51]},
						{"origin": [15.90676, 7.99158, -36.48142], "size": [1, 3, 1], "pivot": [16.90676, 7.99158, -36.48142], "rotation": [0, -25, 0], "uv": [0, 7]},
						{"origin": [7.75, 8.00843, -37.71502], "size": [8.5, 3, 1], "pivot": [13.25, 8.00843, -37.71502], "rotation": [0, -30, 0], "uv": [0, 51]},
						{"origin": [7, 10.9997, -38.2151], "size": [5, 1, 1], "pivot": [12, 10.9997, -37.2151], "rotation": [0, -25, 0], "uv": [0, 51]}
					]
				},
				{
					"name": "face_left",
					"parent": "face",
					"pivot": [17, 9.99985, -34.73255],
					"rotation": [0, 3, 0],
					"cubes": [
						{"origin": [16, 13.49985, -33.73255], "size": [1, 4.75, 1], "pivot": [16.5, 13.49985, -32.73255], "rotation": [-60, 0, 0], "uv": [114, 0]},
						{"origin": [16, 6.99985, -36.73255], "size": [1, 7.5, 2], "uv": [33, 11]},
						{"origin": [16, 5.99985, -18.98255], "size": [1, 7.5, 2], "uv": [122, 0]},
						{"origin": [16, 13.24985, -36.73255], "size": [1, 1.5, 4], "pivot": [16.5, 14.49985, -36.73255], "rotation": [20, 0, 0], "uv": [114, 8]},
						{"origin": [16, 14.99985, -32.98255], "size": [1, 1, 7], "pivot": [16.5, 15.74985, -32.98255], "rotation": [11, 0, 0], "uv": [148, 26]},
						{"origin": [16, 13.99985, -33.98255], "size": [1, 1, 3], "pivot": [16.5, 14.74985, -34.98255], "rotation": [11, 0, 0], "uv": [112, 25]},
						{"origin": [16, 14.99985, -23.98255], "size": [1, 1, 1], "pivot": [16.5, 15.74985, -26.98255], "rotation": [11, 0, 0], "uv": [112, 13]},
						{"origin": [16, 9.99985, -18.98255], "size": [1, 7.75, 2], "pivot": [16.5, 9.99985, -18.98255], "rotation": [35, 0, 0], "uv": [122, 0]},
						{"origin": [16, 14.99985, -22.48255], "size": [1, 4.75, 1], "pivot": [16.5, 14.99985, -22.48255], "rotation": [75, 0, 0], "uv": [118, 0]},
						{"origin": [16, 9.99985, -36.73255], "size": [1, 4.5, 2], "pivot": [16.5, 9.99985, -34.73255], "rotation": [-30, 0, 0], "uv": [112, 6]}
					]
				},
				{
					"name": "new",
					"parent": "face_left",
					"pivot": [16.5, 14.49985, -36.73255],
					"cubes": [
						{"origin": [15.99863, 13.65023, -36.19503], "size": [1, 2.5, 10], "pivot": [16.5, 14.49985, -36.73255], "rotation": [20, 0, 0], "uv": [142, 38]},
						{"origin": [16.02639, 15.988, -27.57429], "size": [1, 4, 10], "uv": [142, 38]}
					]
				},
				{
					"name": "face_right",
					"parent": "face",
					"pivot": [-17, 9.99985, -34.73255],
					"rotation": [0, -3, 0],
					"cubes": [
						{"origin": [-17, 13.49985, -33.73255], "size": [1, 4.75, 1], "pivot": [-16.5, 13.49985, -32.73255], "rotation": [-60, 0, 0], "uv": [114, 0]},
						{"origin": [-17, 6.99985, -36.73255], "size": [1, 7.5, 2], "uv": [33, 11]},
						{"origin": [-17, 5.99985, -18.98255], "size": [1, 7.5, 2], "uv": [122, 0]},
						{"origin": [-17, 13.24985, -36.73255], "size": [1, 1.5, 4], "pivot": [-16.5, 14.49985, -36.73255], "rotation": [20, 0, 0], "uv": [114, 8]},
						{"origin": [-17, 14.99985, -32.98255], "size": [1, 1, 7], "pivot": [-16.5, 15.74985, -32.98255], "rotation": [11, 0, 0], "uv": [148, 26]},
						{"origin": [-17, 13.99985, -33.98255], "size": [1, 1, 3], "pivot": [-16.5, 14.74985, -34.98255], "rotation": [11, 0, 0], "uv": [112, 25]},
						{"origin": [-17, 14.99985, -23.98255], "size": [1, 1, 1], "pivot": [-16.5, 15.74985, -26.98255], "rotation": [11, 0, 0], "uv": [112, 13]},
						{"origin": [-17, 9.99985, -18.98255], "size": [1, 7.75, 2], "pivot": [-16.5, 9.99985, -18.98255], "rotation": [35, 0, 0], "uv": [122, 0]},
						{"origin": [-17, 14.99985, -22.48255], "size": [1, 4.75, 1], "pivot": [-16.5, 14.99985, -22.48255], "rotation": [75, 0, 0], "uv": [118, 0]},
						{"origin": [-17, 9.99985, -36.73255], "size": [1, 4.5, 2], "pivot": [-16.5, 9.99985, -34.73255], "rotation": [-30, 0, 0], "uv": [112, 6]}
					]
				},
				{
					"name": "new2",
					"parent": "face_right",
					"pivot": [-16.54635, 14.53039, -36.7528],
					"cubes": [
						{"origin": [-17.04772, 13.68077, -36.21528], "size": [1, 2.5, 10], "pivot": [-16.54635, 14.53039, -36.7528], "rotation": [20, 0, 0], "uv": [142, 38]},
						{"origin": [-17.01996, 16.01855, -27.59454], "size": [1, 4, 10], "uv": [142, 38]}
					]
				},
				{
					"name": "left_side",
					"parent": "body_main",
					"pivot": [0, 1.99985, 0.01745],
					"cubes": [
						{"origin": [17, 5.24985, -16.98255], "size": [1, 3, 38], "pivot": [18, 5.24985, -16.98255], "rotation": [1, 0, 0], "uv": [152, 0]},
						{"origin": [16, 7.24985, -16.98255], "size": [2, 1, 38], "pivot": [18, 8.24985, -16.98255], "rotation": [1, -0.4, 20], "uv": [152, 0]},
						{"origin": [16.5, 8.24985, -16.98255], "size": [1, 8, 36], "pivot": [17.5, 8.24985, -16.98255], "rotation": [1, -1, 2], "uv": [0, 64]},
						{"origin": [15.9, 16.8, -20.44128], "size": [1, 1, 2], "pivot": [18.34339, 16.31796, -19.03819], "rotation": [0, -20, 30], "uv": [6, 148]},
						{"origin": [17, 5.99985, 12.01745], "size": [1, 12, 9], "pivot": [18, 5.99985, 21.01745], "rotation": [0, 5, -4], "uv": [16, 71]},
						{"origin": [16.75, 16.24985, -17.48255], "size": [1, 2, 38], "pivot": [17.75, 16.24985, -17.48255], "rotation": [1, -0.8, -10], "uv": [43, 47]},
						{"origin": [16.05089, 16.52928, 3.4773], "size": [1, 2, 17], "pivot": [17.05089, 18.52928, 3.4773], "rotation": [8, -0.8, -10], "uv": [122, 84]},
						{"origin": [16.7, 13.24985, -21.23255], "size": [1, 4.25, 4.25], "pivot": [17.75, 14.49985, -21.23255], "rotation": [0, 3, 0], "uv": [38, 64]}
					]
				},
				{
					"name": "mirror_left",
					"parent": "left_side",
					"pivot": [17.95, 19.56003, -16.70438],
					"cubes": [
						{"origin": [16.63295, 19.56875, -15.88735], "size": [2, 2, 3], "inflate": -0.2, "pivot": [17.95, 19.56003, -16.70438], "rotation": [0, 60, 0], "uv": [14, 149]},
						{"origin": [17.63295, 19.06875, -18.38735], "size": [1, 1, 3], "inflate": -0.2, "pivot": [17.95, 19.56003, -16.70438], "rotation": [0, 60, 0], "uv": [9, 148]},
						{"origin": [16.63295, 19.06875, -15.88735], "size": [2, 1, 3], "inflate": -0.2, "pivot": [17.95, 19.56003, -16.70438], "rotation": [0, 60, 0], "uv": [0, 151]}
					]
				},
				{
					"name": "bone",
					"parent": "left_side",
					"pivot": [0, 0.00015, -0.01745],
					"cubes": [
						{"origin": [16.75, 6.50015, 35.98255], "size": [1, 10, 3], "pivot": [17.75, 4.50015, 35.98255], "rotation": [0, -10, 0], "uv": [0, 83]},
						{"origin": [16.75, 7.50015, 19.98255], "size": [1, 9, 1], "uv": [28, 64]},
						{"origin": [16.75, 6.50015, 35.98255], "size": [1, 10, 1], "uv": [8, 83]}
					]
				},
				{
					"name": "bone5",
					"parent": "bone",
					"pivot": [17.75, 11.50015, 20.98255],
					"cubes": [
						{"origin": [16.75, 14.25015, 19.98255], "size": [1, 8, 1], "pivot": [17.75, 14.25015, 20.98255], "rotation": [-85, 0, 0], "uv": [12, 83]},
						{"origin": [16.75, 15.50015, 19.98255], "size": [1, 15, 1.25], "pivot": [17.75, 15.50015, 20.98255], "rotation": [-90, 0, 0], "uv": [38, 72]},
						{"origin": [16.75, 16.48255, 19.99985], "size": [1, 6, 19], "pivot": [17.75, 16.49985, 20.01745], "rotation": [0, -2, -15], "uv": [100, 107]},
						{"origin": [16.75, 13.00015, 19.98255], "size": [1, 2, 1], "pivot": [17.75, 13.00015, 20.98255], "rotation": [-40, 0, 0], "uv": [24, 64]},
						{"origin": [16.75, 11.50015, 19.98255], "size": [1, 4, 1], "pivot": [17.75, 11.50015, 20.98255], "rotation": [-40, 0, 0], "uv": [32, 70]}
					]
				},
				{
					"name": "bone6",
					"parent": "bone",
					"pivot": [17.25, 11.50015, 35.98255],
					"rotation": [0, 180, 0],
					"cubes": [
						{"origin": [16.75, 14.25015, 34.98255], "size": [1, 8, 1], "pivot": [17.75, 14.25015, 35.98255], "rotation": [-85, 0, 0], "uv": [16, 71]},
						{"origin": [16.75, 13.00015, 34.98255], "size": [1, 2, 1], "pivot": [17.75, 13.00015, 35.98255], "rotation": [-40, 0, 0], "uv": [24, 64]},
						{"origin": [16.75, 11.50015, 34.98255], "size": [1, 4, 1], "pivot": [17.75, 11.50015, 35.98255], "rotation": [-40, 0, 0], "uv": [32, 70]}
					]
				},
				{
					"name": "bone3",
					"parent": "bone",
					"pivot": [17.75, 14.50015, 33.43255],
					"cubes": [
						{"origin": [16.75, 10.50015, 34.98255], "size": [1, 5, 1], "pivot": [17.75, 11.50015, 35.98255], "rotation": [40, 0, 0], "uv": [0, 57]},
						{"origin": [16.75, 14.50015, 32.43255], "size": [1, 5, 1], "pivot": [17.75, 14.50015, 33.43255], "rotation": [75, 0, 0], "uv": [32, 64]}
					]
				},
				{
					"name": "bone4",
					"parent": "bone",
					"pivot": [16.75, 14.50015, 23.43255],
					"rotation": [0, 180, 0],
					"cubes": [
						{"origin": [15.75, 10.50015, 24.98255], "size": [1, 5, 1], "pivot": [16.75, 11.50015, 25.98255], "rotation": [40, 0, 0], "uv": [0, 57]},
						{"origin": [15.75, 14.50015, 22.43255], "size": [1, 5, 1], "pivot": [16.75, 14.50015, 23.43255], "rotation": [75, 0, 0], "uv": [32, 64]}
					]
				},
				{
					"name": "right_side",
					"parent": "body_main",
					"pivot": [-34, 1.99985, 0.01745],
					"cubes": [
						{"origin": [-18, 5.24985, -16.98255], "size": [1, 3, 38], "pivot": [-18, 5.24985, -16.98255], "rotation": [1, 0, 0], "uv": [152, 0]},
						{"origin": [-18, 7.24985, -16.98255], "size": [2, 1, 38], "pivot": [-18, 8.24985, -16.98255], "rotation": [1, 0.4, -20], "uv": [152, 0]},
						{"origin": [-17.5, 8.24985, -16.98255], "size": [1, 8, 36], "pivot": [-17.5, 8.24985, -16.98255], "rotation": [1, 1, -2], "uv": [0, 64]},
						{"origin": [-18, 5.99985, 12.01745], "size": [1, 12, 9], "pivot": [-18, 5.99985, 21.01745], "rotation": [0, -5, 4], "uv": [16, 71]},
						{"origin": [-17.75, 16.24985, -17.48255], "size": [1, 2, 38], "pivot": [-17.75, 16.24985, -17.48255], "rotation": [1, 0.8, 10], "uv": [43, 47]},
						{"origin": [-17.05089, 16.52928, 3.4773], "size": [1, 2, 17], "pivot": [-17.05089, 18.52928, 3.4773], "rotation": [8, 0.8, 10], "uv": [122, 84]},
						{"origin": [-17.65, 13.24985, -21.23255], "size": [1, 4.25, 4.25], "pivot": [-16.5, 14.49985, -21.23255], "rotation": [0, -3, 0], "uv": [38, 64]},
						{"origin": [-16.96847, 16.82395, -20.4977], "size": [1, 1, 2], "pivot": [-18.30298, 16.34216, -19.02057], "rotation": [0, 20, -30], "uv": [0, 148]}
					]
				},
				{
					"name": "mirror_right",
					"parent": "right_side",
					"pivot": [-18.20039, 19.90645, -15.47065],
					"cubes": [
						{"origin": [-18.36705, 19.57311, -16.13731], "size": [2, 2, 3], "inflate": -0.2, "pivot": [-18.05, 19.56439, -16.95434], "rotation": [0, -60, 0], "uv": [7, 152]},
						{"origin": [-18.36705, 19.07311, -18.63731], "size": [1, 1, 3], "inflate": -0.2, "pivot": [-18.05, 19.56439, -16.95434], "rotation": [0, -60, 0], "uv": [9, 148]},
						{"origin": [-18.36705, 19.07311, -16.13731], "size": [2, 1, 3], "inflate": -0.2, "pivot": [-18.05, 19.56439, -16.95434], "rotation": [0, -60, 0], "uv": [0, 151]}
					]
				},
				{
					"name": "bone7",
					"parent": "right_side",
					"pivot": [-34.5, 0.00015, -0.01745],
					"cubes": [
						{"origin": [-17.75, 6.50015, 35.98255], "size": [1, 10, 3], "pivot": [-17.75, 4.50015, 35.98255], "rotation": [0, 10, 0], "uv": [0, 83]},
						{"origin": [-17.75, 7.50015, 19.98255], "size": [1, 9, 1], "uv": [28, 64]},
						{"origin": [-17.75, 6.50015, 35.98255], "size": [1, 10, 1], "uv": [8, 83]}
					]
				},
				{
					"name": "bone8",
					"parent": "bone7",
					"pivot": [-16.75, 11.50015, 20.98255],
					"cubes": [
						{"origin": [-17.75, 14.25015, 19.98255], "size": [1, 8, 1], "pivot": [-16.75, 14.25015, 20.98255], "rotation": [-85, 0, 0], "uv": [12, 83]},
						{"origin": [-17.75, 15.50015, 19.98255], "size": [1, 15, 1.25], "pivot": [-16.75, 15.50015, 20.98255], "rotation": [-90, 0, 0], "uv": [38, 72]},
						{"origin": [-17.75, 13.00015, 19.98255], "size": [1, 2, 1], "pivot": [-16.75, 13.00015, 20.98255], "rotation": [-40, 0, 0], "uv": [24, 64]},
						{"origin": [-17.75, 11.50015, 19.98255], "size": [1, 4, 1], "pivot": [-16.75, 11.50015, 20.98255], "rotation": [-40, 0, 0], "uv": [32, 70]},
						{"origin": [-17.75, 16.48255, 19.99985], "size": [1, 6, 19], "pivot": [-17.75, 16.48255, 19.99985], "rotation": [0, 2, 15], "uv": [100, 107]}
					]
				},
				{
					"name": "bone9",
					"parent": "bone7",
					"pivot": [-17.25, 11.50015, 35.98255],
					"rotation": [0, 180, 0],
					"cubes": [
						{"origin": [-17.75, 14.25015, 34.98255], "size": [1, 8, 1], "pivot": [-16.75, 14.25015, 35.98255], "rotation": [-85, 0, 0], "uv": [16, 71]},
						{"origin": [-17.75, 13.00015, 34.98255], "size": [1, 2, 1], "pivot": [-16.75, 13.00015, 35.98255], "rotation": [-40, 0, 0], "uv": [24, 64]},
						{"origin": [-17.75, 11.50015, 34.98255], "size": [1, 4, 1], "pivot": [-16.75, 11.50015, 35.98255], "rotation": [-40, 0, 0], "uv": [32, 70]}
					]
				},
				{
					"name": "bone10",
					"parent": "bone7",
					"pivot": [-16.75, 14.50015, 33.43255],
					"cubes": [
						{"origin": [-17.75, 10.50015, 34.98255], "size": [1, 5, 1], "pivot": [-16.75, 11.50015, 35.98255], "rotation": [40, 0, 0], "uv": [0, 57]},
						{"origin": [-17.75, 14.50015, 32.43255], "size": [1, 5, 1], "pivot": [-16.75, 14.50015, 33.43255], "rotation": [75, 0, 0], "uv": [32, 64]}
					]
				},
				{
					"name": "bone12",
					"parent": "bone7",
					"pivot": [-17.75, 14.50015, 23.43255],
					"rotation": [0, 180, 0],
					"cubes": [
						{"origin": [-18.75, 10.50015, 24.98255], "size": [1, 5, 1], "pivot": [-17.75, 11.50015, 25.98255], "rotation": [40, 0, 0], "uv": [0, 57]},
						{"origin": [-18.75, 14.50015, 22.43255], "size": [1, 5, 1], "pivot": [-17.75, 14.50015, 23.43255], "rotation": [75, 0, 0], "uv": [32, 64]}
					]
				},
				{
					"name": "interior",
					"parent": "body_main",
					"pivot": [0, 1.99985, 0.01745],
					"cubes": [
						{"origin": [9, 6.99985, -35.98255], "size": [7, 8, 1], "uv": [0, 71]},
						{"origin": [10, 5.99985, -18.98255], "size": [7, 11, 1], "uv": [0, 71]},
						{"origin": [-17, 16.51237, -20.51237], "size": [34, 2, 8], "pivot": [17, 18.51237, -12.51237], "rotation": [-17, 0, 0], "uv": [121, 107]},
						{"origin": [2.5, 17.49985, -12.48255], "size": [14, 1, 3], "pivot": [13, 18.49985, -12.48255], "rotation": [-65, 0, 0], "uv": [0, 121]},
						{"origin": [8.5, 18.49985, -11.48255], "size": [2, 2, 1], "pivot": [13, 18.49985, -12.48255], "rotation": [-65, 0, 0], "uv": [0, 116]},
						{"origin": [-16.5, 17.49985, -12.48255], "size": [14, 1, 3], "pivot": [-6, 18.49985, -12.48255], "rotation": [-65, 0, 0], "uv": [0, 121]},
						{"origin": [-16.5, 14.74985, -11.23255], "size": [14, 1, 6], "pivot": [-6, 15.74985, -11.23255], "rotation": [-145, 0, 0], "uv": [0, 125]},
						{"origin": [2.5, 14.74985, -11.23255], "size": [14, 1, 6], "pivot": [13, 15.74985, -11.23255], "rotation": [-145, 0, 0], "uv": [0, 125]},
						{"origin": [-16.5, 5.74985, -17.23255], "size": [33, 11, 1], "uv": [188, 41]},
						{"origin": [-4, 18.49985, -14.73255], "size": [8, 1, 5], "pivot": [-1, 18.49985, -12.73255], "rotation": [-65, 0, 0], "uv": [0, 170]},
						{"origin": [-2.5, 15.49985, -12.73255], "size": [5, 1, 9], "inflate": -0.1, "pivot": [-1, 16.49985, -12.73255], "rotation": [-65, 0, 0], "uv": [213, 9]},
						{"origin": [-2.5, 5.99985, -16.23255], "size": [5, 3, 18], "uv": [204, 0]},
						{"origin": [-2.5, 8.74985, -7.23255], "size": [5, 1, 9], "inflate": -0.25, "uv": [41, 108]},
						{"origin": [-11, 5.82532, 30.01593], "size": [22, 18, 1], "uv": [210, 96]},
						{"origin": [-16, 15.82532, 30.01593], "size": [5, 5, 1], "uv": [210, 96]},
						{"origin": [11, 15.82532, 30.01593], "size": [5, 5, 1], "uv": [210, 96]},
						{"origin": [-15.38394, 17.89192, 30.05956], "size": [5, 5, 1], "pivot": [-13, 21.32486, 30.56829], "rotation": [0, 0, -30], "uv": [210, 96]},
						{"origin": [6.71716, 30.64192, 30.05956], "size": [5, 5, 1], "pivot": [-13, 21.32486, 30.56829], "rotation": [0, 0, 30], "uv": [210, 96]},
						{"origin": [-10, 23.57505, 30.04647], "size": [20, 2, 1], "uv": [112, 29]},
						{"origin": [-12, 5.99985, 20.01745], "size": [1, 10, 15], "uv": [106, 58]},
						{"origin": [11, 5.99985, 20.01745], "size": [1, 10, 15], "uv": [106, 58]},
						{"origin": [-17.75152, 6.49977, 36.02604], "size": [6, 10, 1], "pivot": [-17.75, 11.49985, 36.01745], "rotation": [0, 10, 0], "uv": [0, 71]},
						{"origin": [-17.50152, 6.02912, 20.01539], "size": [6, 10, 1], "uv": [0, 71]},
						{"origin": [-17.50152, 15.01167, 21.01524], "size": [6, 1, 10], "uv": [70, 123]},
						{"origin": [11.49848, 15.01167, 21.01524], "size": [6, 1, 10], "uv": [70, 123]},
						{"origin": [11.69848, 6.02912, 20.01539], "size": [6, 10, 1], "uv": [0, 71]},
						{"origin": [11.75152, 6.49977, 36.02604], "size": [6, 10, 1], "pivot": [17.75, 11.49985, 36.01745], "rotation": [0, -10, 0], "uv": [0, 71]},
						{"origin": [-17, 5.99985, -18.98255], "size": [7, 11, 1], "uv": [0, 71]},
						{"origin": [-16, 6.99985, -35.98255], "size": [7, 8, 1], "uv": [0, 71]},
						{"origin": [-10, 6.99985, -35.98255], "size": [1, 8, 18], "pivot": [-10, 6.99985, -35.98255], "rotation": [-4, 0, 0], "uv": [83, 47]},
						{"origin": [9, 6.99985, -35.98255], "size": [1, 8, 18], "pivot": [9, 6.99985, -35.98255], "rotation": [-4, 0, 0], "uv": [83, 47]},
						{"origin": [-10, 10.99985, -34.98255], "size": [1, 4, 17], "pivot": [-10, 6.99985, -35.98255], "rotation": [9, 0, 0], "uv": [84, 52]},
						{"origin": [9, 10.99985, -34.98255], "size": [1, 4, 17], "pivot": [9, 6.99985, -35.98255], "rotation": [9, 0, 0], "uv": [84, 52]}
					]
				},
				{
					"name": "steer_wheel",
					"parent": "interior",
					"pivot": [9.5, 17.74591, -10.28058],
					"rotation": [-65, 0, 0],
					"cubes": [
						{"origin": [7, 17.74591, -11.28058], "size": [5, 1, 1], "inflate": -0.1, "uv": [0, 119]},
						{"origin": [7, 17.74591, -9.28058], "size": [5, 1, 1], "uv": [12, 116]},
						{"origin": [11.5, 17.74591, -11.78058], "size": [1, 1, 3], "uv": [17, 117]},
						{"origin": [6.5, 17.74591, -11.78058], "size": [1, 1, 3], "uv": [17, 117]},
						{"origin": [8.5, 17.74591, -10.53058], "size": [2, 1, 1], "inflate": -0.1, "uv": [6, 116]}
					]
				},
				{
					"name": "seat1",
					"parent": "interior",
					"pivot": [5, 11.22025, -0.92916],
					"cubes": [
						{"origin": [14, 8.22025, -0.92916], "size": [1, 9, 2], "pivot": [15, 11.22025, -0.92916], "rotation": [-10, 0, 0], "uv": [181, 23]},
						{"origin": [4, 6.99985, -9.73255], "size": [10, 2, 9], "uv": [42, 74]},
						{"origin": [6, 5.99985, -7.73255], "size": [6, 1, 8], "uv": [194, 0]},
						{"origin": [4, 6.99985, -0.73255], "size": [10, 14, 2], "pivot": [9, 8.99985, -0.73255], "rotation": [-10, 0, 0], "uv": [0, 132]},
						{"origin": [12, 20.47025, 1.32084], "size": [2, 3, 2], "pivot": [14, 20.47025, 1.32084], "rotation": [0, 0, -30], "uv": [155, 19]},
						{"origin": [4, 20.47025, 1.32084], "size": [2, 3, 2], "pivot": [4, 20.47025, 1.32084], "rotation": [0, 0, 30], "uv": [155, 19]},
						{"origin": [5.5, 20.47025, 1.32084], "size": [7, 2.75, 2], "uv": [152, 34]},
						{"origin": [6.5, 21.22025, 1.07084], "size": [5, 4, 2], "uv": [163, 18]},
						{"origin": [3, 8.22025, -0.92916], "size": [1, 9, 2], "pivot": [4, 11.22025, -0.92916], "rotation": [-10, 0, 0], "uv": [175, 23]}
					]
				},
				{
					"name": "seat2",
					"parent": "interior",
					"pivot": [-13, 11.22025, -0.92916],
					"cubes": [
						{"origin": [-4, 8.22025, -0.92916], "size": [1, 9, 2], "pivot": [-3, 11.22025, -0.92916], "rotation": [-10, 0, 0], "uv": [181, 23]},
						{"origin": [-14, 6.99985, -9.73255], "size": [10, 2, 9], "uv": [42, 74]},
						{"origin": [-12, 5.99985, -7.73255], "size": [6, 1, 8], "uv": [194, 0]},
						{"origin": [-14, 6.99985, -0.73255], "size": [10, 14, 2], "pivot": [-9, 8.99985, -0.73255], "rotation": [-10, 0, 0], "uv": [0, 132]},
						{"origin": [-6, 20.47025, 1.32084], "size": [2, 3, 2], "pivot": [-4, 20.47025, 1.32084], "rotation": [0, 0, -30], "uv": [155, 19]},
						{"origin": [-14, 20.47025, 1.32084], "size": [2, 3, 2], "pivot": [-14, 20.47025, 1.32084], "rotation": [0, 0, 30], "uv": [155, 19]},
						{"origin": [-12.5, 20.47025, 1.32084], "size": [7, 2.75, 2], "uv": [152, 34]},
						{"origin": [-11.5, 21.22025, 1.07084], "size": [5, 4, 2], "uv": [163, 18]},
						{"origin": [-15, 8.22025, -0.92916], "size": [1, 9, 2], "pivot": [-14, 11.22025, -0.92916], "rotation": [-10, 0, 0], "uv": [175, 23]}
					]
				},
				{
					"name": "backseat",
					"parent": "interior",
					"pivot": [-12, 10.97591, 13.06871],
					"cubes": [
						{"origin": [13, 7.97591, 13.06871], "size": [1, 9, 2], "pivot": [-2, 10.97591, 13.06871], "rotation": [-10, 0, 0], "uv": [181, 23]},
						{"origin": [-13, 6.75551, 4.26532], "size": [26, 2, 9], "uv": [123, 54]},
						{"origin": [-11, 5.75551, 6.26532], "size": [22, 1, 8], "uv": [184, 53]},
						{"origin": [-13, 6.75551, 13.26532], "size": [26, 14, 2], "pivot": [-8, 8.75551, 13.26532], "rotation": [-10, 0, 0], "uv": [194, 21]},
						{"origin": [-14, 7.97591, 13.06871], "size": [1, 9, 2], "pivot": [-13, 10.97591, 13.06871], "rotation": [-10, 0, 0], "uv": [175, 23]}
					]
				},
				{
					"name": "bone13",
					"parent": "backseat",
					"pivot": [-3, 20.22591, 15.31871],
					"cubes": [
						{"origin": [-10.5, 19.97606, 15.05126], "size": [5, 4, 2], "uv": [163, 18]},
						{"origin": [-2, 19.97606, 15.05126], "size": [4, 2, 2], "uv": [177, 17]},
						{"origin": [-11.5, 20.22591, 15.31871], "size": [7, 2.75, 2], "uv": [152, 34]},
						{"origin": [-13, 20.22591, 15.31871], "size": [2, 3, 2], "pivot": [-13, 20.22591, 15.31871], "rotation": [0, 0, 30], "uv": [155, 19]},
						{"origin": [-5, 20.22591, 15.31871], "size": [2, 3, 2], "pivot": [-3, 20.22591, 15.31871], "rotation": [0, 0, -30], "uv": [155, 19]}
					]
				},
				{
					"name": "bone14",
					"parent": "backseat",
					"pivot": [13, 20.22591, 15.31871],
					"cubes": [
						{"origin": [5.5, 19.97606, 15.05126], "size": [5, 4, 2], "uv": [163, 18]},
						{"origin": [4.5, 20.22591, 15.31871], "size": [7, 2.75, 2], "uv": [152, 34]},
						{"origin": [3, 20.22591, 15.31871], "size": [2, 3, 2], "pivot": [3, 20.22591, 15.31871], "rotation": [0, 0, 30], "uv": [155, 19]},
						{"origin": [11, 20.22591, 15.31871], "size": [2, 3, 2], "pivot": [13, 20.22591, 15.31871], "rotation": [0, 0, -30], "uv": [155, 19]}
					]
				},
				{
					"name": "backseat2",
					"parent": "interior",
					"pivot": [-12, 10.74903, 26.06673],
					"cubes": [
						{"origin": [10, 7.74903, 26.06673], "size": [1, 9, 2], "pivot": [-2, 10.74903, 26.06673], "rotation": [-10, 0, 0], "uv": [181, 23]},
						{"origin": [-10, 6.52863, 17.26334], "size": [20, 2, 9], "uv": [0, 159]},
						{"origin": [-9, 5.52863, 19.26334], "size": [18, 1, 8], "uv": [184, 53]},
						{"origin": [-10, 6.52863, 26.26334], "size": [20, 14, 2], "pivot": [-8, 8.52863, 26.26334], "rotation": [-10, 0, 0], "uv": [212, 80]},
						{"origin": [-11, 7.74903, 26.06673], "size": [1, 9, 2], "pivot": [-13, 10.74903, 26.06673], "rotation": [-10, 0, 0], "uv": [175, 23]}
					]
				},
				{
					"name": "bone19",
					"parent": "backseat2",
					"pivot": [0, 19.99903, 28.31673],
					"cubes": [
						{"origin": [-7.5, 19.74918, 28.04928], "size": [5, 4, 2], "uv": [163, 18]},
						{"origin": [-8.5, 19.99903, 28.31673], "size": [7, 2.75, 2], "uv": [152, 34]},
						{"origin": [-10, 19.99903, 28.31673], "size": [2, 3, 2], "pivot": [-10, 19.99903, 28.31673], "rotation": [0, 0, 30], "uv": [155, 19]},
						{"origin": [-2, 19.99903, 28.31673], "size": [2, 3, 2], "pivot": [0, 19.99903, 28.31673], "rotation": [0, 0, -30], "uv": [155, 19]}
					]
				},
				{
					"name": "bone20",
					"parent": "backseat2",
					"pivot": [10, 19.99903, 28.31673],
					"cubes": [
						{"origin": [2.5, 19.74918, 28.04928], "size": [5, 4, 2], "uv": [163, 18]},
						{"origin": [1.5, 19.99903, 28.31673], "size": [7, 2.75, 2], "uv": [152, 34]},
						{"origin": [0, 19.99903, 28.31673], "size": [2, 3, 2], "pivot": [0, 19.99903, 28.31673], "rotation": [0, 0, 30], "uv": [155, 19]},
						{"origin": [8, 19.99903, 28.31673], "size": [2, 3, 2], "pivot": [10, 19.99903, 28.31673], "rotation": [0, 0, -30], "uv": [155, 19]}
					]
				},
				{
					"name": "tail",
					"parent": "body_main",
					"pivot": [0, 1.99985, 0.01745],
					"cubes": [
						{"origin": [-12, 5.49985, 41.01745], "size": [24, 4, 1], "pivot": [0, 5.49985, 42.01745], "rotation": [-20, 0, 0], "uv": [0, 108]},
						{"origin": [11, 5.49985, 41.01745], "size": [7, 4, 1], "pivot": [12, 5.49985, 42.01745], "rotation": [-15, 30, 0], "uv": [15, 14]},
						{"origin": [11.5, 9.24985, 41.76745], "size": [7, 12.75, 1], "pivot": [12.5, 9.24985, 42.76745], "rotation": [7, 30, 0], "uv": [83, 47]},
						{"origin": [-18.5, 9.24985, 41.76745], "size": [7, 12.75, 1], "pivot": [-12.5, 9.24985, 42.76745], "rotation": [7, -30, 0], "uv": [64, 47]},
						{"origin": [-11.5, 11.00171, 41.73698], "size": [23, 11, 1], "pivot": [0, 11.24985, 42.76745], "rotation": [6, 0, 0], "uv": [71, 111]},
						{"origin": [-8.5, 18.23217, 41.3006], "size": [17, 1, 1], "uv": [38, 97]},
						{"origin": [-12.5, 17.2017, 41.54874], "size": [4, 3, 1], "uv": [74, 99]},
						{"origin": [-16.60753, 17.2017, 41.57756], "size": [4, 3, 1], "pivot": [-12.5, 16.69764, 42.7638], "rotation": [0, -30, 0], "uv": [88, 94]},
						{"origin": [8.5, 17.2017, 41.54874], "size": [4, 3, 1], "uv": [74, 103]},
						{"origin": [12.60753, 17.2017, 41.57756], "size": [4, 3, 1], "pivot": [12.5, 16.69764, 42.7638], "rotation": [0, 30, 0], "uv": [88, 102]},
						{"origin": [-18, 5.49985, 41.01745], "size": [7, 4, 1], "pivot": [-12, 5.49985, 42.01745], "rotation": [-15, -30, 0], "uv": [11, 95]},
						{"origin": [-12, 9.24985, 42.36745], "size": [24, 2, 1], "uv": [0, 113]}
					]
				},
				{
					"name": "spoiler",
					"parent": "tail",
					"pivot": [0, 19.469, 41.05922],
					"cubes": [
						{"origin": [-10.5, 21.71737, 39.79609], "size": [21, 1, 3], "inflate": -0.3, "pivot": [10.2, 22.41737, 42.49609], "rotation": [10, 0, 0], "uv": [95, 103]},
						{"origin": [6.2, 19.16551, 40.76744], "size": [1, 3, 1], "inflate": -0.2, "pivot": [7.2, 22.24372, 41.51128], "rotation": [-10, 0, 0], "uv": [89, 106]},
						{"origin": [-7.2, 19.16551, 40.76744], "size": [1, 3, 1], "inflate": -0.2, "pivot": [7.2, 22.24372, 41.51128], "rotation": [-10, 0, 0], "uv": [89, 106]}
					]
				},
				{
					"name": "roof",
					"parent": "body_main",
					"pivot": [0, 1, 0],
					"cubes": [
						{"origin": [-11, 20.78346, 13.86221], "size": [22, 1, 26], "pivot": [0, 18, 41.25], "rotation": [-20, 0, 0], "uv": [0, 132]},
						{"origin": [14.07663, 17.45342, 22.48892], "size": [1, 10, 1], "pivot": [12.73071, 21.65285, 24.01153], "rotation": [-40, 0, -55], "uv": [42, 72]},
						{"origin": [-16.76668, 17.27058, 21.18772], "size": [1, 10, 1], "pivot": [-13.58208, 19.90246, 23.58368], "rotation": [-40, 0, 55], "uv": [46, 72]},
						{"origin": [-11, 31.05055, 2.55218], "size": [2, 1, 14], "pivot": [0, 27.06151, 3.86609], "rotation": [-5, 0, 0], "uv": [88, 87]},
						{"origin": [9, 31.05055, 2.55218], "size": [2, 1, 14], "pivot": [0, 27.06151, 3.86609], "rotation": [-5, 0, 0], "uv": [107, 83]},
						{"origin": [11.12778, 29.14018, -8.57532], "size": [2, 1, 13], "pivot": [10.5049, 25.82651, -3.85971], "rotation": [15, -17, 0], "uv": [195, 66]},
						{"origin": [13.19807, 16.97411, 2.67264], "size": [1, 16, 3], "pivot": [12.80165, 23.05551, -0.18329], "rotation": [-14, 0, -22], "uv": [138, 65]},
						{"origin": [-11.47455, 7.72852, 5.52823], "size": [1, 16, 3], "pivot": [13.24423, 25.26305, -0.1833], "rotation": [-14, 0, 22], "uv": [146, 65]},
						{"origin": [-13.1339, 29.01674, -7.67868], "size": [2, 1, 13], "pivot": [-13.56979, 25.83524, -3.4226], "rotation": [15, 17, 0], "uv": [146, 79]},
						{"origin": [12.67133, 27.77271, -22.51642], "size": [2, 1, 14], "pivot": [14.67133, 28.77271, -8.51642], "rotation": [35, -10, 0], "uv": [212, 62]},
						{"origin": [-14.67132, 27.77271, -22.51643], "size": [2, 1, 14], "pivot": [-14.67132, 28.77271, -8.51643], "rotation": [35, 10, 0], "uv": [162, 79]}
					]
				},
				{
					"name": "bone17",
					"parent": "roof",
					"pivot": [14.85572, 22.28895, 21.93284],
					"cubes": [
						{"origin": [12.19455, 20.21819, 26.43629], "size": [1, 7, 2], "pivot": [12.75719, 23.67943, 25.18204], "rotation": [0, 0, -60], "uv": [83, 73]},
						{"origin": [10.06981, 20.99232, 32.91144], "size": [6, 1, 7.5], "pivot": [10.06981, 21.53595, 40.91182], "rotation": [-14, 15, 25], "uv": [40, 123]},
						{"origin": [7.57888, 21.00541, 35.49411], "size": [6, 1, 4], "pivot": [12.06981, 21.52722, 34.91175], "rotation": [0, 30, 0], "uv": [45, 118]},
						{"origin": [13.32888, 21.00977, 31.24415], "size": [2, 1, 7], "uv": [60, 120]},
						{"origin": [9.26078, 21.66374, 28.50064], "size": [7, 1, 5], "pivot": [14.82318, 23.46224, 30.29826], "rotation": [-15, 0, 28], "uv": [48, 64]},
						{"origin": [12.22478, 20.23565, 25.4366], "size": [1, 6, 1], "pivot": [12.75719, 23.67943, 25.18204], "rotation": [0, 0, -60], "uv": [88, 87]},
						{"origin": [12.23989, 20.24437, 24.43675], "size": [1, 5, 1], "pivot": [12.75719, 23.67943, 25.18204], "rotation": [0, 0, -60], "uv": [88, 87]},
						{"origin": [12.25501, 20.2531, 23.4369], "size": [1, 4, 1], "pivot": [12.75719, 23.67943, 25.18204], "rotation": [0, 0, -60], "uv": [88, 87]},
						{"origin": [13.68946, 21.14633, 22.43269], "size": [1, 3, 1], "pivot": [14.42435, 22.73182, 22.93705], "rotation": [0, 0, -65], "uv": [88, 87]},
						{"origin": [14.11427, 21.22426, 21.42848], "size": [1, 2, 1], "pivot": [14.85572, 22.28895, 21.93284], "rotation": [0, 0, -75], "uv": [88, 87]}
					]
				},
				{
					"name": "bone18",
					"parent": "roof",
					"pivot": [-9.39428, 22.28895, 21.93284],
					"cubes": [
						{"origin": [-12.49071, 19.89456, 26.43629], "size": [1, 7, 2], "pivot": [-11.99071, 23.89456, 27.43629], "rotation": [0, 0, 60], "uv": [83, 73]},
						{"origin": [-12.50583, 19.90329, 25.43644], "size": [1, 6, 1], "pivot": [-11.99071, 23.89456, 27.43629], "rotation": [0, 0, 60], "uv": [92, 87]},
						{"origin": [-12.52094, 19.91201, 24.4366], "size": [1, 5, 1], "pivot": [-11.99071, 23.89456, 27.43629], "rotation": [0, 0, 60], "uv": [92, 87]},
						{"origin": [-12.53606, 19.92074, 23.43675], "size": [1, 4, 1], "pivot": [-11.99071, 23.89456, 27.43629], "rotation": [0, 0, 60], "uv": [92, 87]},
						{"origin": [-14.42924, 21.10873, 22.43254], "size": [1, 3, 1], "pivot": [-14.15578, 22.71437, 22.9369], "rotation": [0, 0, 65], "uv": [92, 87]},
						{"origin": [-14.6059, 21.35243, 21.42833], "size": [1, 2, 1], "pivot": [-14.58879, 22.48182, 21.93705], "rotation": [0, 0, 75], "uv": [92, 87]},
						{"origin": [-15.93104, 21.92594, 33.16216], "size": [6, 1, 7.75], "pivot": [-8.18019, 21.53595, 40.91182], "rotation": [-14, -15, -25], "uv": [40, 123]},
						{"origin": [-15.18019, 21.00541, 35.89361], "size": [6, 1, 4], "pivot": [-12.18019, 21.50541, 37.89361], "rotation": [0, -30, 0], "uv": [45, 118]},
						{"origin": [-15.42112, 21.00977, 31.24415], "size": [2, 1, 7], "uv": [60, 120]},
						{"origin": [-16.34157, 21.32175, 28.59077], "size": [7, 1, 5], "pivot": [-15.42682, 23.46224, 30.29826], "rotation": [-15, 0, -28], "uv": [48, 64]}
					]
				},
				{
					"name": "brakes_right",
					"pivot": [-15, 1, -26],
					"rotation": [0, 180, 0]
				},
				{
					"name": "brakes4",
					"parent": "brakes_right",
					"pivot": [-14.5, 7, -25],
					"rotation": [180, 0, 0],
					"cubes": [
						{"origin": [-15, 6.75, -21.75], "size": [1, 3, 1], "pivot": [-13.5, 6.75, -21.25], "rotation": [20, 0, 0], "uv": [7, 0]},
						{"origin": [-15, 7.25, -21.75], "size": [1, 3, 1], "pivot": [-13.5, 7.25, -21.25], "rotation": [160, 0, 0], "uv": [7, 0]}
					]
				},
				{
					"name": "bone48",
					"parent": "brakes_right",
					"pivot": [-14, 1, -72],
					"cubes": [
						{"origin": [-15.5, 5.5, -28.5], "size": [1, 3, 7], "uv": [7, 0]},
						{"origin": [-15.5, 5.5, -28.5], "size": [1, 3, 7], "pivot": [-14.5, 7, -25], "rotation": [-45, 0, 0], "uv": [7, 0]},
						{"origin": [-15.5, 5.5, -28.5], "size": [1, 3, 7], "pivot": [-14.5, 7, -25], "rotation": [-90, 0, 0], "uv": [7, 0]},
						{"origin": [-15.5, 5.5, -28.5], "size": [1, 3, 7], "pivot": [-14.5, 7, -25], "rotation": [-135, 0, 0], "uv": [7, 0]}
					]
				},
				{
					"name": "brakes_left",
					"pivot": [15, 1, -24]
				},
				{
					"name": "brakes",
					"parent": "brakes_left",
					"pivot": [15.5, 7.25, -20.25],
					"cubes": [
						{"origin": [15, 6.75, -23.75], "size": [1, 3, 1], "pivot": [16, 6.75, -23.25], "rotation": [20, 0, 0], "uv": [7, 0]},
						{"origin": [15, 7.25, -23.75], "size": [1, 3, 1], "pivot": [16, 7.25, -23.25], "rotation": [160, 0, 0], "uv": [7, 0]}
					]
				},
				{
					"name": "bone11",
					"parent": "brakes_left",
					"pivot": [15, 1, -24],
					"cubes": [
						{"origin": [14.5, 5.5, -30.5], "size": [1, 3, 7], "uv": [7, 0]},
						{"origin": [14.5, 5.5, -30.5], "size": [1, 3, 7], "pivot": [15, 7, -27], "rotation": [-45, 0, 0], "uv": [7, 0]},
						{"origin": [14.5, 5.5, -30.5], "size": [1, 3, 7], "pivot": [15, 7, -27], "rotation": [-90, 0, 0], "uv": [7, 0]},
						{"origin": [14.5, 5.5, -30.5], "size": [1, 3, 7], "pivot": [15, 7, -27], "rotation": [-135, 0, 0], "uv": [7, 0]}
					]
				},
				{
					"name": "wheel_left",
					"pivot": [15.25, 7, -27],
					"rotation": [-15, 0, 0]
				},
				{
					"name": "bone57",
					"parent": "wheel_left",
					"pivot": [14.75, 1, -27]
				},
				{
					"name": "wheel19",
					"parent": "bone57",
					"pivot": [14.75, 7, -27],
					"cubes": [
						{"origin": [13.25, 0.5, -29.75], "size": [4, 1.25, 5.5], "uv": [43, 0]},
						{"origin": [13.25, 12.25, -29.75], "size": [4, 1.25, 5.5], "uv": [43, 0]}
					]
				},
				{
					"name": "wheel20",
					"parent": "bone57",
					"pivot": [14.75, 7, -27],
					"rotation": [-45, 0, 0],
					"cubes": [
						{"origin": [13.25, 0.5, -29.75], "size": [4, 1.25, 5.5], "uv": [43, 0]},
						{"origin": [13.25, 12.25, -29.75], "size": [4, 1.25, 5.5], "uv": [43, 0]}
					]
				},
				{
					"name": "wheel21",
					"parent": "bone57",
					"pivot": [14.75, 7, -27],
					"rotation": [-90, 0, 0],
					"cubes": [
						{"origin": [13.25, 0.5, -29.75], "size": [4, 1.25, 5.5], "uv": [43, 0]},
						{"origin": [13.25, 12.25, -29.75], "size": [4, 1.25, 5.5], "uv": [43, 0]}
					]
				},
				{
					"name": "wheel22",
					"parent": "bone57",
					"pivot": [14.75, 7, -27],
					"rotation": [-135, 0, 0],
					"cubes": [
						{"origin": [13.25, 0.5, -29.75], "size": [4, 1.25, 5.5], "uv": [43, 0]},
						{"origin": [13.25, 12.25, -29.75], "size": [4, 1.25, 5.5], "uv": [43, 0]}
					]
				},
				{
					"name": "bone58",
					"parent": "wheel_left",
					"pivot": [17, 7, -27],
					"cubes": [
						{"origin": [15.9, 6.375, -27.625], "size": [1, 1.25, 1.25], "uv": [0, 0]}
					]
				},
				{
					"name": "bone59",
					"parent": "bone58",
					"pivot": [17, 7, -27],
					"cubes": [
						{"origin": [16.15, 6.5, -26.5], "size": [1, 1, 5.25], "uv": [0, 8]}
					]
				},
				{
					"name": "bone60",
					"parent": "bone58",
					"pivot": [17, 7, -27],
					"rotation": [-36, 0, 0],
					"cubes": [
						{"origin": [16.15, 6.5, -26.5], "size": [1, 1, 5.25], "uv": [0, 8]}
					]
				},
				{
					"name": "bone61",
					"parent": "bone58",
					"pivot": [17, 7, -27],
					"rotation": [-72, 0, 0],
					"cubes": [
						{"origin": [16.15, 6.5, -26.5], "size": [1, 1, 5.25], "uv": [0, 8]}
					]
				},
				{
					"name": "bone62",
					"parent": "bone58",
					"pivot": [17, 7, -27],
					"rotation": [-108, 0, 0],
					"cubes": [
						{"origin": [16.15, 6.5, -26.5], "size": [1, 1, 5.25], "uv": [0, 8]}
					]
				},
				{
					"name": "bone63",
					"parent": "bone58",
					"pivot": [17, 7, -27],
					"rotation": [-144, 0, 0],
					"cubes": [
						{"origin": [16.15, 6.5, -26.5], "size": [1, 1, 5.25], "uv": [0, 8]}
					]
				},
				{
					"name": "bone64",
					"parent": "bone58",
					"pivot": [17, 7, -27],
					"rotation": [180, 0, 0],
					"cubes": [
						{"origin": [16.15, 6.5, -26.5], "size": [1, 1, 5.25], "uv": [0, 8]}
					]
				},
				{
					"name": "bone65",
					"parent": "bone58",
					"pivot": [17, 7, -27],
					"rotation": [144, 0, 0],
					"cubes": [
						{"origin": [16.15, 6.5, -26.5], "size": [1, 1, 5.25], "uv": [0, 8]}
					]
				},
				{
					"name": "bone15",
					"parent": "bone58",
					"pivot": [17, 7, -27],
					"rotation": [108, 0, 0],
					"cubes": [
						{"origin": [16.15, 6.5, -26.5], "size": [1, 1, 5.25], "uv": [0, 8]}
					]
				},
				{
					"name": "bone16",
					"parent": "bone58",
					"pivot": [17, 7, -27],
					"rotation": [72, 0, 0],
					"cubes": [
						{"origin": [16.15, 6.5, -26.5], "size": [1, 1, 5.25], "uv": [0, 8]}
					]
				},
				{
					"name": "bone21",
					"parent": "bone58",
					"pivot": [17, 7, -27],
					"rotation": [36, 0, 0],
					"cubes": [
						{"origin": [16.15, 6.5, -26.5], "size": [1, 1, 5.25], "uv": [0, 8]}
					]
				},
				{
					"name": "brakes_back2",
					"pivot": [15, 1, 31.5]
				},
				{
					"name": "brakes5",
					"parent": "brakes_back2",
					"pivot": [15.5, 7.25, 35.25],
					"cubes": [
						{"origin": [15, 6.75, 31.75], "size": [1, 3, 1], "pivot": [16, 6.75, 32.25], "rotation": [20, 0, 0], "uv": [7, 0]},
						{"origin": [15, 7.25, 31.75], "size": [1, 3, 1], "pivot": [16, 7.25, 32.25], "rotation": [160, 0, 0], "uv": [7, 0]}
					]
				},
				{
					"name": "bone78",
					"parent": "brakes_back2",
					"pivot": [15, 1, 31.5],
					"cubes": [
						{"origin": [14.5, 5.5, 25], "size": [1, 3, 7], "uv": [7, 0]},
						{"origin": [14.5, 5.5, 25], "size": [1, 3, 7], "pivot": [15, 7, 28.5], "rotation": [-45, 0, 0], "uv": [7, 0]},
						{"origin": [14.5, 5.5, 25], "size": [1, 3, 7], "pivot": [15, 7, 28.5], "rotation": [-90, 0, 0], "uv": [7, 0]},
						{"origin": [14.5, 5.5, 25], "size": [1, 3, 7], "pivot": [15, 7, 28.5], "rotation": [-135, 0, 0], "uv": [7, 0]}
					]
				},
				{
					"name": "wheel_right",
					"pivot": [-15.25, 7, -27],
					"rotation": [15, 180, 0]
				},
				{
					"name": "bone96",
					"parent": "wheel_right",
					"pivot": [-15.75, 1, -27]
				},
				{
					"name": "wheel31",
					"parent": "bone96",
					"pivot": [-15.75, 7, -27],
					"cubes": [
						{"origin": [-17.25, 0.5, -29.75], "size": [4, 1.25, 5.5], "uv": [43, 0]},
						{"origin": [-17.25, 12.25, -29.75], "size": [4, 1.25, 5.5], "uv": [43, 0]}
					]
				},
				{
					"name": "wheel32",
					"parent": "bone96",
					"pivot": [-15.75, 7, -27],
					"rotation": [-45, 0, 0],
					"cubes": [
						{"origin": [-17.25, 0.5, -29.75], "size": [4, 1.25, 5.5], "uv": [43, 0]},
						{"origin": [-17.25, 12.25, -29.75], "size": [4, 1.25, 5.5], "uv": [43, 0]}
					]
				},
				{
					"name": "wheel33",
					"parent": "bone96",
					"pivot": [-15.75, 7, -27],
					"rotation": [-90, 0, 0],
					"cubes": [
						{"origin": [-17.25, 0.5, -29.75], "size": [4, 1.25, 5.5], "uv": [43, 0]},
						{"origin": [-17.25, 12.25, -29.75], "size": [4, 1.25, 5.5], "uv": [43, 0]}
					]
				},
				{
					"name": "wheel34",
					"parent": "bone96",
					"pivot": [-15.75, 7, -27],
					"rotation": [-135, 0, 0],
					"cubes": [
						{"origin": [-17.25, 0.5, -29.75], "size": [4, 1.25, 5.5], "uv": [43, 0]},
						{"origin": [-17.25, 12.25, -29.75], "size": [4, 1.25, 5.5], "uv": [43, 0]}
					]
				},
				{
					"name": "bone97",
					"parent": "wheel_right",
					"pivot": [-13.5, 1, -27],
					"cubes": [
						{"origin": [-14.6, 6.375, -27.625], "size": [1, 1.25, 1.25], "uv": [0, 0]}
					]
				},
				{
					"name": "bone98",
					"parent": "bone97",
					"pivot": [-13.5, 7, -27],
					"cubes": [
						{"origin": [-14.35, 6.5, -26.5], "size": [1, 1, 5.25], "uv": [0, 8]}
					]
				},
				{
					"name": "bone99",
					"parent": "bone97",
					"pivot": [-13.5, 7, -27],
					"rotation": [-36, 0, 0],
					"cubes": [
						{"origin": [-14.35, 6.5, -26.5], "size": [1, 1, 5.25], "uv": [0, 8]}
					]
				},
				{
					"name": "bone100",
					"parent": "bone97",
					"pivot": [-13.5, 7, -27],
					"rotation": [-72, 0, 0],
					"cubes": [
						{"origin": [-14.35, 6.5, -26.5], "size": [1, 1, 5.25], "uv": [0, 8]}
					]
				},
				{
					"name": "bone101",
					"parent": "bone97",
					"pivot": [-13.5, 7, -27],
					"rotation": [-108, 0, 0],
					"cubes": [
						{"origin": [-14.35, 6.5, -26.5], "size": [1, 1, 5.25], "uv": [0, 8]}
					]
				},
				{
					"name": "bone102",
					"parent": "bone97",
					"pivot": [-13.5, 7, -27],
					"rotation": [-144, 0, 0],
					"cubes": [
						{"origin": [-14.35, 6.5, -26.5], "size": [1, 1, 5.25], "uv": [0, 8]}
					]
				},
				{
					"name": "bone103",
					"parent": "bone97",
					"pivot": [-13.5, 7, -27],
					"rotation": [180, 0, 0],
					"cubes": [
						{"origin": [-14.35, 6.5, -26.5], "size": [1, 1, 5.25], "uv": [0, 8]}
					]
				},
				{
					"name": "bone104",
					"parent": "bone97",
					"pivot": [-13.5, 7, -27],
					"rotation": [144, 0, 0],
					"cubes": [
						{"origin": [-14.35, 6.5, -26.5], "size": [1, 1, 5.25], "uv": [0, 8]}
					]
				},
				{
					"name": "bone25",
					"parent": "bone97",
					"pivot": [-13.5, 7, -27],
					"rotation": [108, 0, 0],
					"cubes": [
						{"origin": [-14.35, 6.5, -26.5], "size": [1, 1, 5.25], "uv": [0, 8]}
					]
				},
				{
					"name": "bone26",
					"parent": "bone97",
					"pivot": [-13.5, 7, -27],
					"rotation": [72, 0, 0],
					"cubes": [
						{"origin": [-14.35, 6.5, -26.5], "size": [1, 1, 5.25], "uv": [0, 8]}
					]
				},
				{
					"name": "bone27",
					"parent": "bone97",
					"pivot": [-13.5, 7, -27],
					"rotation": [36, 0, 0],
					"cubes": [
						{"origin": [-14.35, 6.5, -26.5], "size": [1, 1, 5.25], "uv": [0, 8]}
					]
				},
				{
					"name": "backwheels",
					"pivot": [0, 7, 28.5]
				},
				{
					"name": "wheel_back1",
					"parent": "backwheels",
					"pivot": [15.25, 7, 28.5],
					"rotation": [-15, 0, 0]
				},
				{
					"name": "bone2",
					"parent": "wheel_back1",
					"pivot": [14.75, 1, 28.5]
				},
				{
					"name": "wheel23",
					"parent": "bone2",
					"pivot": [14.75, 7, 28.5],
					"cubes": [
						{"origin": [13.25, 0.5, 25.75], "size": [4, 1.25, 5.5], "uv": [43, 0]},
						{"origin": [13.25, 12.25, 25.75], "size": [4, 1.25, 5.5], "uv": [43, 0]}
					]
				},
				{
					"name": "wheel24",
					"parent": "bone2",
					"pivot": [14.75, 7, 28.5],
					"rotation": [-45, 0, 0],
					"cubes": [
						{"origin": [13.25, 0.5, 25.75], "size": [4, 1.25, 5.5], "uv": [43, 0]},
						{"origin": [13.25, 12.25, 25.75], "size": [4, 1.25, 5.5], "uv": [43, 0]}
					]
				},
				{
					"name": "wheel25",
					"parent": "bone2",
					"pivot": [14.75, 7, 28.5],
					"rotation": [-90, 0, 0],
					"cubes": [
						{"origin": [13.25, 0.5, 25.75], "size": [4, 1.25, 5.5], "uv": [43, 0]},
						{"origin": [13.25, 12.25, 25.75], "size": [4, 1.25, 5.5], "uv": [43, 0]}
					]
				},
				{
					"name": "wheel26",
					"parent": "bone2",
					"pivot": [14.75, 7, 28.5],
					"rotation": [-135, 0, 0],
					"cubes": [
						{"origin": [13.25, 0.5, 25.75], "size": [4, 1.25, 5.5], "uv": [43, 0]},
						{"origin": [13.25, 12.25, 25.75], "size": [4, 1.25, 5.5], "uv": [43, 0]}
					]
				},
				{
					"name": "bone43",
					"parent": "wheel_back1",
					"pivot": [17, 1, 28.5],
					"cubes": [
						{"origin": [15.9, 6.375, 27.875], "size": [1, 1.25, 1.25], "uv": [0, 0]}
					]
				},
				{
					"name": "bone44",
					"parent": "bone43",
					"pivot": [17, 7, 28.5],
					"cubes": [
						{"origin": [16.15, 6.5, 29], "size": [1, 1, 5.25], "uv": [0, 8]}
					]
				},
				{
					"name": "bone45",
					"parent": "bone43",
					"pivot": [17, 7, 28.5],
					"rotation": [-36, 0, 0],
					"cubes": [
						{"origin": [16.15, 6.5, 29], "size": [1, 1, 5.25], "uv": [0, 8]}
					]
				},
				{
					"name": "bone46",
					"parent": "bone43",
					"pivot": [17, 7, 28.5],
					"rotation": [-72, 0, 0],
					"cubes": [
						{"origin": [16.15, 6.5, 29], "size": [1, 1, 5.25], "uv": [0, 8]}
					]
				},
				{
					"name": "bone47",
					"parent": "bone43",
					"pivot": [17, 7, 28.5],
					"rotation": [-108, 0, 0],
					"cubes": [
						{"origin": [16.15, 6.5, 29], "size": [1, 1, 5.25], "uv": [0, 8]}
					]
				},
				{
					"name": "bone49",
					"parent": "bone43",
					"pivot": [17, 7, 28.5],
					"rotation": [-144, 0, 0],
					"cubes": [
						{"origin": [16.15, 6.5, 29], "size": [1, 1, 5.25], "uv": [0, 8]}
					]
				},
				{
					"name": "bone50",
					"parent": "bone43",
					"pivot": [17, 7, 28.5],
					"rotation": [180, 0, 0],
					"cubes": [
						{"origin": [16.15, 6.5, 29], "size": [1, 1, 5.25], "uv": [0, 8]}
					]
				},
				{
					"name": "bone51",
					"parent": "bone43",
					"pivot": [17, 7, 28.5],
					"rotation": [144, 0, 0],
					"cubes": [
						{"origin": [16.15, 6.5, 29], "size": [1, 1, 5.25], "uv": [0, 8]}
					]
				},
				{
					"name": "bone22",
					"parent": "bone43",
					"pivot": [17, 7, 28.5],
					"rotation": [108, 0, 0],
					"cubes": [
						{"origin": [16.15, 6.5, 29], "size": [1, 1, 5.25], "uv": [0, 8]}
					]
				},
				{
					"name": "bone23",
					"parent": "bone43",
					"pivot": [17, 7, 28.5],
					"rotation": [72, 0, 0],
					"cubes": [
						{"origin": [16.15, 6.5, 29], "size": [1, 1, 5.25], "uv": [0, 8]}
					]
				},
				{
					"name": "bone24",
					"parent": "bone43",
					"pivot": [17, 7, 28.5],
					"rotation": [36, 0, 0],
					"cubes": [
						{"origin": [16.15, 6.5, 29], "size": [1, 1, 5.25], "uv": [0, 8]}
					]
				},
				{
					"name": "wheel_back2",
					"parent": "backwheels",
					"pivot": [-15.25, 7, 28.5],
					"rotation": [15, 180, 0]
				},
				{
					"name": "bone79",
					"parent": "wheel_back2",
					"pivot": [-15.75, 1, 28.5]
				},
				{
					"name": "wheel27",
					"parent": "bone79",
					"pivot": [-15.75, 7, 28.5],
					"cubes": [
						{"origin": [-17.25, 0.5, 25.75], "size": [4, 1.25, 5.5], "uv": [43, 0]},
						{"origin": [-17.25, 12.25, 25.75], "size": [4, 1.25, 5.5], "uv": [43, 0]}
					]
				},
				{
					"name": "wheel28",
					"parent": "bone79",
					"pivot": [-15.75, 7, 28.5],
					"rotation": [-45, 0, 0],
					"cubes": [
						{"origin": [-17.25, 0.5, 25.75], "size": [4, 1.25, 5.5], "uv": [43, 0]},
						{"origin": [-17.25, 12.25, 25.75], "size": [4, 1.25, 5.5], "uv": [43, 0]}
					]
				},
				{
					"name": "wheel29",
					"parent": "bone79",
					"pivot": [-15.75, 7, 28.5],
					"rotation": [-90, 0, 0],
					"cubes": [
						{"origin": [-17.25, 0.5, 25.75], "size": [4, 1.25, 5.5], "uv": [43, 0]},
						{"origin": [-17.25, 12.25, 25.75], "size": [4, 1.25, 5.5], "uv": [43, 0]}
					]
				},
				{
					"name": "wheel30",
					"parent": "bone79",
					"pivot": [-15.75, 7, 28.5],
					"rotation": [-135, 0, 0],
					"cubes": [
						{"origin": [-17.25, 0.5, 25.75], "size": [4, 1.25, 5.5], "uv": [43, 0]},
						{"origin": [-17.25, 12.25, 25.75], "size": [4, 1.25, 5.5], "uv": [43, 0]}
					]
				},
				{
					"name": "bone80",
					"parent": "wheel_back2",
					"pivot": [-13.5, 1, 28.5],
					"cubes": [
						{"origin": [-14.6, 6.375, 27.875], "size": [1, 1.25, 1.25], "uv": [0, 0]}
					]
				},
				{
					"name": "bone81",
					"parent": "bone80",
					"pivot": [-13.5, 7, 28.5],
					"cubes": [
						{"origin": [-14.35, 6.5, 29], "size": [1, 1, 5.25], "uv": [0, 8]}
					]
				},
				{
					"name": "bone82",
					"parent": "bone80",
					"pivot": [-13.5, 7, 28.5],
					"rotation": [-36, 0, 0],
					"cubes": [
						{"origin": [-14.35, 6.5, 29], "size": [1, 1, 5.25], "uv": [0, 8]}
					]
				},
				{
					"name": "bone83",
					"parent": "bone80",
					"pivot": [-13.5, 7, 28.5],
					"rotation": [-72, 0, 0],
					"cubes": [
						{"origin": [-14.35, 6.5, 29], "size": [1, 1, 5.25], "uv": [0, 8]}
					]
				},
				{
					"name": "bone84",
					"parent": "bone80",
					"pivot": [-13.5, 7, 28.5],
					"rotation": [-108, 0, 0],
					"cubes": [
						{"origin": [-14.35, 6.5, 29], "size": [1, 1, 5.25], "uv": [0, 8]}
					]
				},
				{
					"name": "bone85",
					"parent": "bone80",
					"pivot": [-13.5, 7, 28.5],
					"rotation": [-144, 0, 0],
					"cubes": [
						{"origin": [-14.35, 6.5, 29], "size": [1, 1, 5.25], "uv": [0, 8]}
					]
				},
				{
					"name": "bone86",
					"parent": "bone80",
					"pivot": [-13.5, 7, 28.5],
					"rotation": [180, 0, 0],
					"cubes": [
						{"origin": [-14.35, 6.5, 29], "size": [1, 1, 5.25], "uv": [0, 8]}
					]
				},
				{
					"name": "bone87",
					"parent": "bone80",
					"pivot": [-13.5, 7, 28.5],
					"rotation": [144, 0, 0],
					"cubes": [
						{"origin": [-14.35, 6.5, 29], "size": [1, 1, 5.25], "uv": [0, 8]}
					]
				},
				{
					"name": "bone28",
					"parent": "bone80",
					"pivot": [-13.5, 7, 28.5],
					"rotation": [108, 0, 0],
					"cubes": [
						{"origin": [-14.35, 6.5, 29], "size": [1, 1, 5.25], "uv": [0, 8]}
					]
				},
				{
					"name": "bone29",
					"parent": "bone80",
					"pivot": [-13.5, 7, 28.5],
					"rotation": [72, 0, 0],
					"cubes": [
						{"origin": [-14.35, 6.5, 29], "size": [1, 1, 5.25], "uv": [0, 8]}
					]
				},
				{
					"name": "bone30",
					"parent": "bone80",
					"pivot": [-13.5, 7, 28.5],
					"rotation": [36, 0, 0],
					"cubes": [
						{"origin": [-14.35, 6.5, 29], "size": [1, 1, 5.25], "uv": [0, 8]}
					]
				},
				{
					"name": "brakes_back1",
					"pivot": [-15, 1, 29.5],
					"rotation": [0, 180, 0]
				},
				{
					"name": "brakes6",
					"parent": "brakes_back1",
					"pivot": [-14.5, 7, 30.5],
					"rotation": [180, 0, 0],
					"cubes": [
						{"origin": [-15, 6.75, 33.75], "size": [1, 3, 1], "pivot": [-13.5, 6.75, 34.25], "rotation": [20, 0, 0], "uv": [7, 0]},
						{"origin": [-15, 7.25, 33.75], "size": [1, 3, 1], "pivot": [-13.5, 7.25, 34.25], "rotation": [160, 0, 0], "uv": [7, 0]}
					]
				},
				{
					"name": "bone113",
					"parent": "brakes_back1",
					"pivot": [-14, 1, -16.5],
					"cubes": [
						{"origin": [-15.5, 5.5, 27], "size": [1, 3, 7], "uv": [7, 0]},
						{"origin": [-15.5, 5.5, 27], "size": [1, 3, 7], "pivot": [-14.5, 7, 30.5], "rotation": [-45, 0, 0], "uv": [7, 0]},
						{"origin": [-15.5, 5.5, 27], "size": [1, 3, 7], "pivot": [-14.5, 7, 30.5], "rotation": [-90, 0, 0], "uv": [7, 0]},
						{"origin": [-15.5, 5.5, 27], "size": [1, 3, 7], "pivot": [-14.5, 7, 30.5], "rotation": [-135, 0, 0], "uv": [7, 0]}
					]
				}
			]
		}
	]
}