{
	"format_version": "1.8.0",
	"animations": {
		"animation.model_y_black.drive": {
			"loop": true,
			"animation_length": 1,
			"bones": {
				"wheel_right": {
					"rotation": {
						"0.0": [0, 0, 0],
						"1.0": [-720, 0, 0]
					}
				},
				"wheel_left": {
					"rotation": {
						"0.0": [0, 0, 0],
						"1.0": [720, 0, 0]
					}
				},
				"backwheels": {
					"rotation": {
						"0.0": [0, 0, 0],
						"1.0": [720, 0, 0]
					}
				}
			}
		},
		"animation.steering_turn": {
			"loop": true,
			"bones": {
				"steer_wheel": {
					"rotation": [0, 0, "Math.max(-30, Math.min(30,query.yaw_speed * 0.2)) * -query.modified_move_speed * 6"]
				},
				"wheel_right": {
					"rotation": [0, "Math.max(-20, Math.min(20,query.yaw_speed * 0.3))", 0]
				},
				"wheel_left": {
					"rotation": [0, "Math.max(-20, Math.min(20,query.yaw_speed * 0.3))", 0]
				}
			}
		}
	}
}
