{
	"format_version": "1.12.0",
	"minecraft:geometry": [
		{
			"description": {
				"identifier": "geometry.custom.roadster",
				"texture_width": 256,
				"texture_height": 256,
				"visible_bounds_width": 10,
				"visible_bounds_height": 3,
				"visible_bounds_offset": [0, 0, 0]
			},
			"bones": [
				{
					"name": "body_main",
					"pivot": [0, 0, 0]
				},
				{
					"name": "bottom",
					"parent": "body_main",
					"pivot": [0, 0, 0],
					"cubes": [
						{"origin": [-16, 2, -17], "size": [32, 1, 36], "uv": [0, 144]},
						{"origin": [-10, 2, -31], "size": [20, 1, 14], "uv": [33, 27]},
						{"origin": [-16, 2, -34], "size": [32, 1, 3], "uv": [32, 38]},
						{"origin": [-9, 2, -39], "size": [18, 1, 5], "uv": [35, 28]},
						{"origin": [9, 2, -39], "size": [8.5, 1, 4], "pivot": [9, 2.5, -39], "rotation": [0, -35, 0], "uv": [35, 28]},
						{"origin": [-17.5, 2, -39], "size": [8.5, 1, 4], "pivot": [-9, 2.5, -39], "rotation": [0, 35, 0], "uv": [35, 28]},
						{"origin": [-16, 2, 33], "size": [32, 1, 3], "uv": [32, 38]},
						{"origin": [-16.75, 2, 36], "size": [6.75, 1, 3], "pivot": [-10, 2.5, 39], "rotation": [0, -25, 0], "uv": [35, 28]},
						{"origin": [10, 2, 36], "size": [6.75, 1, 3], "pivot": [10, 2.5, 39], "rotation": [0, 25, 0], "uv": [35, 28]},
						{"origin": [-12, 2, 19], "size": [24, 1, 14], "uv": [29, 27]}
					]
				},
				{
					"name": "face",
					"parent": "body_main",
					"pivot": [0, 0, 0],
					"cubes": [
						{"origin": [9, 13.25, -23.21047], "size": [6.75, 1, 6], "uv": [38, 42]},
						{"origin": [-15.75, 13.25, -23.21047], "size": [6.75, 1, 6], "uv": [38, 42]}
					]
				},
				{
					"name": "bone2",
					"parent": "face",
					"pivot": [0, 8, -38.75],
					"cubes": [
						{"origin": [-9, 8, -38.75], "size": [18, 16.5, 1], "pivot": [0, 8, -38.75], "rotation": [-70, 0, 0], "uv": [0, 46]},
						{"origin": [-9, 12.75, -23.25], "size": [18, 1, 6], "uv": [0, 63]},
						{"origin": [-9, 4.5, -38.75], "size": [18, 3.5, 1], "uv": [0, 42]},
						{"origin": [-9, 3, -38.75], "size": [1.75, 2.5, 1], "uv": [7, 14]},
						{"origin": [5.5, 5, -38.75], "size": [3.25, 1.75, 1], "pivot": [4.75, 5, -38.25], "rotation": [0, 0, 40], "uv": [10, 13]},
						{"origin": [7.25, 3, -38.75], "size": [1.75, 2.5, 1], "uv": [7, 14]},
						{"origin": [-8.75, 5, -38.75], "size": [3.25, 1.75, 1], "pivot": [-4.75, 5, -38.25], "rotation": [0, 0, -40], "uv": [0, 13]},
						{"origin": [-7.25, 3, -38.25], "size": [14.5, 1.75, 1], "uv": [0, 10]}
					]
				},
				{
					"name": "bone43",
					"parent": "face",
					"pivot": [-9, 6.5, -38.75],
					"cubes": [
						{"origin": [-15.75, 12, -35.75], "size": [6.75, 10.5, 1], "pivot": [-9, 9, -35.75], "rotation": [-67, 0, 0], "uv": [4, 29]},
						{"origin": [-16.13203, 7.19705, -35.46521], "size": [7.95, 2.4, 1], "pivot": [-11.65703, 7.94705, -34.96521], "rotation": [-67, 40, 10], "uv": [18, 20]},
						{"origin": [-15.75, 8.18, -33.46047], "size": [6.75, 1, 4], "pivot": [-13.375, 8.01328, -35.46047], "rotation": [27, 40, 19], "uv": [4, 24]},
						{"origin": [-17.25, 3, -38.75], "size": [8.25, 2.5, 1], "pivot": [-9, 4, -38.75], "rotation": [0, 35, 0], "uv": [0, 21]},
						{"origin": [-15.75, 3, -34], "size": [1, 5, 3], "uv": [18, 12]},
						{"origin": [-15.75, 8, -33.75], "size": [1, 2.25, 2.75], "pivot": [-15.25, 8, -34], "rotation": [-20, 0, 0], "uv": [26, 12]},
						{"origin": [-15.75, 10, -33], "size": [1, 1, 2], "pivot": [-15.25, 8, -34], "rotation": [-20, 0, 0], "uv": [32, 6]},
						{"origin": [-15.75, 11, -32], "size": [1, 1, 1], "pivot": [-15.25, 8, -34], "rotation": [-20, 0, 0], "uv": [11, 15]},
						{"origin": [-17.25, 5.5, -38.75], "size": [8.25, 2.5, 1], "pivot": [-9, 6.5, -38.75], "rotation": [0, 40, 0], "uv": [0, 18]}
					]
				},
				{
					"name": "bone44",
					"parent": "face",
					"pivot": [15.75, 6.5, -38.75],
					"cubes": [
						{"origin": [9, 12, -35.75], "size": [6.75, 10.5, 1], "pivot": [15.75, 9, -35.75], "rotation": [-67, 0, 0], "uv": [4, 29]},
						{"origin": [7.11797, 7.19705, -35.46521], "size": [7.95, 2.4, 1], "pivot": [11.59297, 7.94705, -34.96521], "rotation": [67, 140, -10], "uv": [18, 31]},
						{"origin": [6.49107, 8.86009, -35.60492], "size": [6.75, 1, 4], "pivot": [9.86607, 9.36009, -33.60492], "rotation": [-27, 140, -19], "uv": [4, 24]},
						{"origin": [8.03279, 3, -36.47442], "size": [8.25, 2.5, 1], "pivot": [12.15779, 4.25, -35.97442], "rotation": [0, 145, 0], "uv": [0, 21]},
						{"origin": [14.75, 3, -34], "size": [1, 5, 3], "uv": [18, 12]},
						{"origin": [14.75, 8, -33.75], "size": [1, 2.25, 2.75], "pivot": [15.25, 8, -34], "rotation": [-20, 0, 0], "uv": [26, 12]},
						{"origin": [14.75, 10, -33], "size": [1, 1, 2], "pivot": [15.25, 8, -34], "rotation": [-20, 0, 0], "uv": [32, 6]},
						{"origin": [14.75, 11, -32], "size": [1, 1, 1], "pivot": [15.25, 8, -34], "rotation": [-20, 0, 0], "uv": [11, 15]},
						{"origin": [7.78646, 5.5, -36.21548], "size": [8.25, 2.5, 1], "pivot": [11.91146, 6.75, -35.71548], "rotation": [0, -40, 0], "uv": [0, 18]}
					]
				},
				{
					"name": "left_side",
					"parent": "body_main",
					"pivot": [0, 0, 0]
				},
				{
					"name": "bone45",
					"parent": "left_side",
					"pivot": [0, 0, 0],
					"cubes": [
						{"origin": [14.75, 3, -17], "size": [1, 5, 3], "uv": [6, 0]},
						{"origin": [14.75, 8, -17], "size": [1, 7, 3], "pivot": [15.25, 8, -14], "rotation": [30, 0, 0], "uv": [38, 49]},
						{"origin": [14.75, 14.75, -19], "size": [1, 3, 2], "pivot": [15.25, 13, -17], "rotation": [75, 0, 0], "uv": [0, 3]},
						{"origin": [14.75, 17.75, -19], "size": [1, 2.25, 1], "pivot": [15.25, 13, -17], "rotation": [75, 0, 0], "uv": [0, 0]}
					]
				},
				{
					"name": "bone50",
					"parent": "left_side",
					"pivot": [15.25, 13.03125, 18.875],
					"rotation": [0, 180, 0],
					"cubes": [
						{"origin": [14.75, 3, 18.75], "size": [1, 5, 3], "uv": [6, 0]},
						{"origin": [14.75, 8, 18.75], "size": [1, 7, 3], "pivot": [15.25, 8, 21.75], "rotation": [30, 0, 0], "uv": [38, 49]},
						{"origin": [14.75, 14.75, 16.75], "size": [1, 3, 2], "pivot": [15.25, 13, 18.75], "rotation": [75, 0, 0], "uv": [0, 3]},
						{"origin": [14.75, 17.75, 16.75], "size": [1, 2.25, 1], "pivot": [15.25, 13, 18.75], "rotation": [75, 0, 0], "uv": [0, 0]}
					]
				},
				{
					"name": "bone53",
					"parent": "left_side",
					"pivot": [15.25, 13.03125, 33.125],
					"cubes": [
						{"origin": [14.75, 3, 33], "size": [1, 5, 3], "uv": [0, 151]},
						{"origin": [14.75, 8, 33], "size": [1, 4.75, 2], "uv": [24, 23]},
						{"origin": [14.75, 8, 33], "size": [1, 2.25, 1], "pivot": [15.25, 8, 36], "rotation": [30, 0, 0], "uv": [38, 49]},
						{"origin": [14.75, 14.75, 31], "size": [1, 3, 1], "pivot": [15.25, 13, 33], "rotation": [75, 0, 0], "uv": [25, 0]},
						{"origin": [14.75, 12.75, 19.44199], "size": [1, 1.5, 13.5], "uv": [117, 23]},
						{"origin": [14.75, 17.75, 31], "size": [1, 2.25, 1], "pivot": [15.25, 13, 33], "rotation": [75, 0, 0], "uv": [0, 0]},
						{"origin": [14.75, 9.25, 31.5], "size": [1, 5.25, 3], "pivot": [-15.25, 10.375, 34], "rotation": [30, 0, 0], "uv": [54, 60]}
					]
				},
				{
					"name": "bone47",
					"parent": "left_side",
					"pivot": [0, 0, 0],
					"cubes": [
						{"origin": [14.75, 2.75, -14], "size": [1, 3.25, 30], "pivot": [15.75, 6, 1], "rotation": [0, 0, 10], "uv": [118, 23]},
						{"origin": [14.75, 6, -16], "size": [1, 5, 34], "uv": [82, 38]},
						{"origin": [14.75, 11, -18], "size": [1, 3.25, 37], "pivot": [15.75, 11, -1.5], "rotation": [0, 0, -20], "uv": [27, 42]},
						{"origin": [14.25, 13, -18], "size": [1.5, 1, 4], "inflate": -0.2, "uv": [12, 70]},
						{"origin": [14.25, 12, -18], "size": [1.5, 1, 3], "inflate": -0.2, "uv": [8, 70]},
						{"origin": [14.25, 11, -18], "size": [1.5, 1, 3], "inflate": -0.2, "uv": [0, 70]}
					]
				},
				{
					"name": "right_side",
					"parent": "body_main",
					"pivot": [0, 0, 0]
				},
				{
					"name": "bone46",
					"parent": "right_side",
					"pivot": [-30.5, 0, 0],
					"cubes": [
						{"origin": [-15.75, 3, -17], "size": [1, 5, 3], "uv": [6, 0]},
						{"origin": [-15.75, 8, -17], "size": [1, 7, 3], "pivot": [-15.25, 8, -14], "rotation": [30, 0, 0], "uv": [38, 49]},
						{"origin": [-15.75, 14.75, -19], "size": [1, 3, 2], "pivot": [-15.25, 13, -17], "rotation": [75, 0, 0], "uv": [0, 3]},
						{"origin": [-15.75, 17.75, -19], "size": [1, 2.25, 1], "pivot": [-15.25, 13, -17], "rotation": [75, 0, 0], "uv": [0, 0]}
					]
				},
				{
					"name": "bone49",
					"parent": "right_side",
					"pivot": [-30.5, 0, 0],
					"cubes": [
						{"origin": [-15.75, 2.75, -14], "size": [1, 3.25, 30], "pivot": [-15.75, 6, 1], "rotation": [0, 0, -10], "uv": [118, 23]},
						{"origin": [-15.75, 6, -16], "size": [1, 5, 34], "uv": [82, 38]},
						{"origin": [-15.75, 11, -18], "size": [1, 3.25, 37], "pivot": [-15.75, 11, -1.5], "rotation": [0, 0, 20], "uv": [27, 42]},
						{"origin": [-15.75, 13, -18], "size": [1.5, 1, 4], "inflate": -0.2, "uv": [12, 70]},
						{"origin": [-15.75, 12, -18], "size": [1.5, 1, 3], "inflate": -0.2, "uv": [8, 70]},
						{"origin": [-15.75, 11, -18], "size": [1.5, 1, 3], "inflate": -0.2, "uv": [0, 70]}
					]
				},
				{
					"name": "bone51",
					"parent": "right_side",
					"pivot": [-15.25, 13.03125, 18.875],
					"rotation": [0, 180, 0],
					"cubes": [
						{"origin": [-15.75, 3, 18.75], "size": [1, 5, 3], "uv": [6, 0]},
						{"origin": [-15.75, 8, 18.75], "size": [1, 7, 3], "pivot": [-15.25, 8, 21.75], "rotation": [30, 0, 0], "uv": [38, 49]},
						{"origin": [-15.75, 14.75, 16.75], "size": [1, 3, 2], "pivot": [-15.25, 13, 18.75], "rotation": [75, 0, 0], "uv": [0, 3]},
						{"origin": [-15.75, 17.75, 16.75], "size": [1, 2.25, 1], "pivot": [-15.25, 13, 18.75], "rotation": [75, 0, 0], "uv": [0, 0]}
					]
				},
				{
					"name": "bone52",
					"parent": "right_side",
					"pivot": [-15.25, 13.03125, 33.125],
					"cubes": [
						{"origin": [-15.75, 3, 33], "size": [1, 5, 3], "uv": [0, 151]},
						{"origin": [-15.75, 8, 33], "size": [1, 4.75, 2], "uv": [24, 23]},
						{"origin": [-15.75, 9.25, 31.5], "size": [1, 5.25, 3], "pivot": [-15.25, 10.375, 34], "rotation": [30, 0, 0], "uv": [54, 60]},
						{"origin": [-15.75, 12.75, 19.44199], "size": [1, 1.5, 13.5], "uv": [117, 23]},
						{"origin": [-15.75, 8, 33], "size": [1, 2.25, 1], "pivot": [-15.25, 8, 36], "rotation": [30, 0, 0], "uv": [38, 49]},
						{"origin": [-15.75, 14.75, 31], "size": [1, 3, 1], "pivot": [-15.25, 13, 33], "rotation": [75, 0, 0], "uv": [25, 0]},
						{"origin": [-15.75, 17.75, 31], "size": [1, 2.25, 1], "pivot": [-15.25, 13, 33], "rotation": [75, 0, 0], "uv": [0, 0]}
					]
				},
				{
					"name": "interior",
					"parent": "body_main",
					"pivot": [0, 0, 0],
					"cubes": [
						{"origin": [-15, 3, -32], "size": [5, 7, 1], "uv": [46, 49]},
						{"origin": [-15, 3, 18], "size": [3, 10, 1], "uv": [46, 49]},
						{"origin": [-15, 3, 33], "size": [3, 10, 1], "uv": [68, 55]},
						{"origin": [12, 3, 18], "size": [3, 10, 1], "uv": [46, 49]},
						{"origin": [12, 3, 33], "size": [3, 10, 1], "uv": [68, 55]},
						{"origin": [10, 3, -32], "size": [5, 7, 1], "uv": [46, 49]},
						{"origin": [10, 3, -17], "size": [5, 10.25, 1], "uv": [46, 49]},
						{"origin": [-14.5, 8.75, -17.5], "size": [29, 5, 1], "pivot": [-0.5, 13.75, -17], "rotation": [50, 0, 0], "uv": [0, 118]},
						{"origin": [-2.5, 0.75, -17.5], "size": [5, 8, 1], "pivot": [-0.5, 13.75, -17], "rotation": [50, 0, 0], "uv": [42, 60]},
						{"origin": [-2.5, 2.96491, -16.6056], "size": [5, 3, 19], "uv": [60, 100]},
						{"origin": [-2.5, 5.46491, -4.6056], "size": [5, 2, 7], "inflate": -0.5, "uv": [91, 58]},
						{"origin": [-14.5, 2.75, -17.5], "size": [29, 5, 1], "pivot": [-0.5, 7.75, -17], "rotation": [130, 0, 0], "uv": [0, 82]},
						{"origin": [-14.5, 2.75, -16], "size": [29, 6.25, 1], "uv": [0, 186]},
						{"origin": [-14.5, 2.75, 16], "size": [29, 10.25, 1], "uv": [0, 186]},
						{"origin": [-15, 3, -17], "size": [5, 10.25, 1], "uv": [46, 49]},
						{"origin": [9, 3, -32], "size": [1, 7, 16], "uv": [50, 19]},
						{"origin": [-10, 3, -32], "size": [1, 7, 16], "uv": [50, 19]},
						{"origin": [-12, 3, 18], "size": [1, 10, 16], "uv": [50, 16]},
						{"origin": [11, 3, 18], "size": [1, 10, 16], "uv": [50, 16]},
						{"origin": [-15, 13, 15], "size": [30, 1, 19], "uv": [0, 124]},
						{"origin": [-7, 13, 34], "size": [14, 1, 4], "uv": [151, 31]},
						{"origin": [7, 13, 34], "size": [8.5, 1, 4], "pivot": [7, 13.5, 38], "rotation": [0, 20, 0], "uv": [151, 26]},
						{"origin": [-15.5, 13, 34], "size": [8.5, 1, 4], "pivot": [-7, 13.5, 38], "rotation": [0, -20, 0], "uv": [151, 26]},
						{"origin": [9, 10, -24], "size": [1, 3.25, 8], "uv": [98, 42]},
						{"origin": [-10, 10, -24], "size": [1, 3.25, 8], "uv": [98, 42]},
						{"origin": [9, 11.5, -30], "size": [1, 3.25, 8], "pivot": [9.5, 11.625, -20], "rotation": [20, 0, 0], "uv": [98, 42]},
						{"origin": [-10, 11.5, -30], "size": [1, 3.25, 8], "pivot": [9.5, 11.625, -20], "rotation": [20, 0, 0], "uv": [98, 42]}
					]
				},
				{
					"name": "seat",
					"parent": "interior",
					"pivot": [0, 0, 0],
					"cubes": [
						{"origin": [4, 3, -9], "size": [8, 2, 8], "uv": [0, 94]},
						{"origin": [4, 3, -3], "size": [8, 12, 2], "pivot": [8, 4, -2], "rotation": [-15, 0, 0], "uv": [0, 104]},
						{"origin": [12.5, 9.08845, 0.07817], "size": [1, 6, 1], "pivot": [13.5, 15.08845, -0.92183], "rotation": [-15, -40, 10], "uv": [0, 144]},
						{"origin": [6, 15.52296, -0.87653], "size": [4, 4, 2], "uv": [24, 94]},
						{"origin": [6, 13.02296, 0.12347], "size": [2, 4, 1], "pivot": [8, 17.52296, 1.62347], "rotation": [0, 0, 30], "uv": [0, 94]},
						{"origin": [2.25, 9.08845, -0.42183], "size": [1, 6, 1], "pivot": [3.25, 15.08845, -1.42183], "rotation": [-15, 40, -10], "uv": [4, 144]},
						{"origin": [8, 13.02296, 0.12347], "size": [2, 4, 1], "pivot": [8, 17.52296, 1.62347], "rotation": [0, 0, -30], "uv": [0, 94]}
					]
				},
				{
					"name": "seat2",
					"parent": "interior",
					"pivot": [0, 0, 0],
					"cubes": [
						{"origin": [-12, 3, -9], "size": [8, 2, 8], "uv": [0, 94]},
						{"origin": [-12, 3, -3], "size": [8, 12, 2], "pivot": [-8, 4, -2], "rotation": [-15, 0, 0], "uv": [0, 104]},
						{"origin": [-10, 15.52296, -0.87653], "size": [4, 4, 2], "uv": [24, 94]},
						{"origin": [-10, 13.02296, 0.12347], "size": [2, 4, 1], "pivot": [-8, 17.52296, 1.62347], "rotation": [0, 0, 30], "uv": [0, 94]},
						{"origin": [-8, 13.02296, 0.12347], "size": [2, 4, 1], "pivot": [-8, 17.52296, 1.62347], "rotation": [0, 0, -30], "uv": [0, 94]},
						{"origin": [-3.5, 9.08845, 0.07817], "size": [1, 6, 1], "pivot": [-2.5, 15.08845, -0.92183], "rotation": [-15, -40, 10], "uv": [0, 144]},
						{"origin": [-13.75, 9.08845, -0.42183], "size": [1, 6, 1], "pivot": [-12.75, 15.08845, -1.42183], "rotation": [-15, 40, -10], "uv": [4, 144]}
					]
				},
				{
					"name": "seat_back",
					"parent": "interior",
					"pivot": [0, 0, 0],
					"cubes": [
						{"origin": [-12, 3, 4], "size": [24, 2, 8], "uv": [99, 0]},
						{"origin": [-12, 3, 10], "size": [24, 11, 2], "pivot": [0, 4, 11], "rotation": [-15, 0, 0], "uv": [99, 10]},
						{"origin": [-9, 13, 12], "size": [4, 4, 2], "uv": [99, 23]},
						{"origin": [5, 13, 12], "size": [4, 4, 2], "uv": [99, 23]}
					]
				},
				{
					"name": "steer_main",
					"parent": "interior",
					"pivot": [4, 5.75, -6.625],
					"cubes": [
						{"origin": [7.5, 11, -14.25], "size": [1, 1, 4], "pivot": [8, 11.5, -13.25], "rotation": [10, 0, 0], "uv": [0, 125]}
					]
				},
				{
					"name": "steer_wheel",
					"parent": "steer_main",
					"pivot": [7.91071, 11.89286, -10.42857],
					"rotation": [10, 0, 0],
					"cubes": [
						{"origin": [6.5, 11.75, -11], "size": [2.75, 2, 1], "inflate": -0.2, "uv": [0, 132]},
						{"origin": [8.75, 12.75, -11], "size": [1.75, 1, 1], "inflate": -0.2, "pivot": [9.125, 13.25, -10.5], "rotation": [0, -10, 0], "uv": [0, 132]},
						{"origin": [5.25, 12.75, -11], "size": [1.75, 1, 1], "inflate": -0.2, "pivot": [6.625, 13.25, -10.5], "rotation": [0, 10, 0], "uv": [0, 132]},
						{"origin": [7, 11.5, -11], "size": [2, 0.75, 1], "inflate": -0.2, "uv": [1, 130]},
						{"origin": [5.5, 10.75, -11], "size": [5, 0.75, 1], "inflate": -0.2, "uv": [6, 125]},
						{"origin": [5, 11, -10.75], "size": [1, 2.5, 1], "inflate": -0.2, "uv": [0, 137]},
						{"origin": [9.75, 11, -10.75], "size": [1, 2.5, 1], "inflate": -0.2, "uv": [0, 137]}
					]
				},
				{
					"name": "tail",
					"parent": "body_main",
					"pivot": [0, 0, 3],
					"cubes": [
						{"origin": [-10, 3, 35.25], "size": [20, 4.25, 1], "pivot": [0, 3, 35.25], "rotation": [-45, 0, 0], "uv": [68, 67]},
						{"origin": [-5.5, 5.25, 38], "size": [11, 1.75, 1], "uv": [82, 42]},
						{"origin": [-10, 5.25, 37.25], "size": [20, 2.75, 1], "uv": [56, 0]},
						{"origin": [-7, 8, 36.75], "size": [14, 2.75, 1], "uv": [61, 3]},
						{"origin": [-7, 10.75, 37.25], "size": [14, 3, 1], "pivot": [0, 10.75, 38.25], "rotation": [15, 0, 0], "uv": [99, 29]},
						{"origin": [-16, 8, 37.25], "size": [9, 2.75, 1], "pivot": [-7, 9.375, 38.25], "rotation": [0, -20, 0], "uv": [111, 23]},
						{"origin": [7, 8, 37.25], "size": [9, 2.75, 1], "pivot": [7, 9.375, 38.25], "rotation": [0, 20, 0], "uv": [111, 23]},
						{"origin": [7, 10.75, 37.25], "size": [4, 3, 1], "pivot": [7, 10.75, 38.25], "rotation": [15, 20, 0], "uv": [132, 26]},
						{"origin": [7, 12.75, 37.25], "size": [9, 1, 1], "pivot": [7, 10.75, 38.25], "rotation": [15, 20, 0], "uv": [111, 23]},
						{"origin": [10.75, 10.75, 37], "size": [5, 2, 1], "pivot": [7, 10.75, 38], "rotation": [15, 20, 0], "uv": [132, 23]},
						{"origin": [-11, 10.75, 37.25], "size": [4, 3, 1], "pivot": [-7, 10.75, 38.25], "rotation": [15, -20, 0], "uv": [132, 26]},
						{"origin": [-16, 12.75, 37.25], "size": [9, 1, 1], "pivot": [-7, 10.75, 38.25], "rotation": [15, -20, 0], "uv": [111, 23]},
						{"origin": [-15.75, 10.75, 37], "size": [5, 2, 1], "pivot": [-7, 10.75, 38], "rotation": [15, -20, 0], "uv": [132, 30]},
						{"origin": [9, 2, 36], "size": [1, 4, 3], "uv": [68, 48]},
						{"origin": [10, 2, 37.25], "size": [6, 6, 1], "pivot": [10, 3, 38.25], "rotation": [0, 25, 0], "uv": [82, 44]},
						{"origin": [-16, 2, 37.25], "size": [6, 6, 1], "pivot": [-10, 3, 38.25], "rotation": [0, -25, 0], "uv": [82, 44]},
						{"origin": [5.5, 3, 36], "size": [1, 4, 3], "uv": [68, 48]},
						{"origin": [2.5, 4, 36], "size": [1, 3, 3], "inflate": -0.2, "uv": [68, 42]},
						{"origin": [-10, 2, 36], "size": [1, 4, 3], "uv": [68, 48]},
						{"origin": [-6.5, 3, 36], "size": [1, 4, 3], "uv": [68, 48]},
						{"origin": [-3.5, 4, 36], "size": [1, 3, 3], "inflate": -0.2, "uv": [68, 42]}
					]
				},
				{
					"name": "roof",
					"parent": "body_main",
					"pivot": [0, 0, 0],
					"cubes": [
						{"origin": [-14.5, 14, -17.25], "size": [1, 14, 1], "pivot": [-14.5, 14, -17.25], "rotation": [-55, 0, 20], "uv": [31, 103]},
						{"origin": [13.5, 14, -17.25], "size": [1, 14, 1], "pivot": [14.5, 14, -17.25], "rotation": [-55, 0, -20], "uv": [31, 103]},
						{"origin": [10.75, 20.5, -5.75], "size": [1, 1, 7], "pivot": [11.75, 21.5, -5.75], "rotation": [10, 0, -20], "uv": [60, 82]},
						{"origin": [-11.75, 20.5, -5.75], "size": [1, 1, 7], "pivot": [-11.75, 21.5, -5.75], "rotation": [10, 0, 20], "uv": [60, 82]},
						{"origin": [-11, 21, 4.25], "size": [22, 1, 1], "uv": [18, 70]},
						{"origin": [-11.25, 20.5, -5.75], "size": [22.5, 1, 1], "uv": [18, 70]},
						{"origin": [9, 13, 17], "size": [1, 1, 19], "pivot": [9, 14, 36], "rotation": [-20, 0, 10], "uv": [35, 94]},
						{"origin": [-10, 13, 17], "size": [1, 1, 19], "pivot": [-9, 14, 36], "rotation": [-20, 0, -10], "uv": [35, 94]},
						{"origin": [-11.25, 21.5, 1.25], "size": [1, 1, 17], "pivot": [-11.25, 22.5, 1.25], "rotation": [-8, 0, -5], "uv": [59, 82]},
						{"origin": [10.25, 21.5, 1.25], "size": [1, 1, 17], "pivot": [11.25, 22.5, 1.25], "rotation": [-8, 0, 5], "uv": [59, 82]},
						{"origin": [-10, 13, 31], "size": [20, 1, 4], "pivot": [9, 14, 35], "rotation": [-20, 0, 0], "uv": [0, 181]}
					]
				},
				{
					"name": "bone54",
					"parent": "roof",
					"pivot": [-10, 14, 34],
					"cubes": [
						{"origin": [-13, 13, 21], "size": [3, 1, 13], "pivot": [-10, 14, 34], "rotation": [-15, -15, -45], "uv": [26, 6]},
						{"origin": [-14, 13, 21], "size": [1, 1, 8], "pivot": [-10, 14, 34], "rotation": [-15, -15, -45], "uv": [45, 6]},
						{"origin": [-15, 13, 21], "size": [1, 1, 6], "pivot": [-10, 14, 34], "rotation": [-15, -15, -45], "uv": [52, 15]},
						{"origin": [-16, 13, 21], "size": [1, 1, 4], "pivot": [-10, 14, 34], "rotation": [-15, -15, -45], "uv": [28, 12]}
					]
				},
				{
					"name": "bone55",
					"parent": "roof",
					"pivot": [14, 14, 34],
					"cubes": [
						{"origin": [10, 13, 21], "size": [3, 1, 13], "pivot": [10, 14, 34], "rotation": [-15, 15, 45], "uv": [26, 6]},
						{"origin": [13, 13, 21], "size": [1, 1, 8], "pivot": [10, 14, 34], "rotation": [-15, 15, 45], "uv": [45, 6]},
						{"origin": [14, 13, 21], "size": [1, 1, 6], "pivot": [10, 14, 34], "rotation": [-15, 15, 45], "uv": [52, 15]},
						{"origin": [15, 13, 21], "size": [1, 1, 4], "pivot": [10, 14, 34], "rotation": [-15, 15, 45], "uv": [28, 12]}
					]
				},
				{
					"name": "backwheels",
					"pivot": [0, 6, 26]
				},
				{
					"name": "wheel6",
					"parent": "backwheels",
					"pivot": [12.75, 6, -24],
					"rotation": [-15, 0, 0]
				},
				{
					"name": "bone14",
					"parent": "wheel6",
					"pivot": [13.75, 0, -24]
				},
				{
					"name": "wheel7",
					"parent": "bone14",
					"pivot": [13.75, 6, -24],
					"cubes": [
						{"origin": [12.25, 12.94096, 21.79629], "size": [4, 1, 5], "uv": [43, 0]},
						{"origin": [12.25, 23.94096, 21.79629], "size": [4, 1, 5], "uv": [25, 0]}
					]
				},
				{
					"name": "wheel8",
					"parent": "bone14",
					"pivot": [13.75, 6, -24],
					"rotation": [-45, 0, 0],
					"cubes": [
						{"origin": [12.25, 43.30127, -1.5], "size": [4, 1, 5], "uv": [43, 0]},
						{"origin": [12.25, 54.30127, -1.5], "size": [4, 1, 5], "uv": [25, 0]}
					]
				},
				{
					"name": "wheel9",
					"parent": "bone14",
					"pivot": [13.75, 6, -24],
					"rotation": [-90, 0, 0],
					"cubes": [
						{"origin": [12.25, 48.29629, -39.44096], "size": [4, 1, 5], "uv": [43, 0]},
						{"origin": [12.25, 59.29629, -39.44096], "size": [4, 1, 5], "uv": [25, 0]}
					]
				},
				{
					"name": "wheel10",
					"parent": "bone14",
					"pivot": [13.75, 6, -24],
					"rotation": [-135, 0, 0],
					"cubes": [
						{"origin": [12.25, 25, -69.80127], "size": [4, 1, 5], "uv": [43, 0]},
						{"origin": [12.25, 36, -69.80127], "size": [4, 1, 5], "uv": [25, 0]}
					]
				},
				{
					"name": "bone15",
					"parent": "wheel6",
					"pivot": [15.5, 0, -24],
					"cubes": [
						{"origin": [14.5, 18.31596, 23.67129], "size": [1, 1.25, 1.25], "uv": [19, 4]}
					]
				},
				{
					"name": "bone16",
					"parent": "bone15",
					"pivot": [15.5, 6, -24],
					"cubes": [
						{"origin": [14.75, 18.44096, 24.79629], "size": [1, 1, 2], "uv": [13, 0]},
						{"origin": [15, -7.44096, 26.79629], "size": [1, 1, 3.5], "pivot": [15.5, 5.5, -21.5], "rotation": [30, 0, 0], "uv": [14, 3]},
						{"origin": [15, 40.85534, 13.85534], "size": [1, 1, 3.5], "pivot": [15.5, 6.5, -21.5], "rotation": [-30, 0, 0], "uv": [14, 3]}
					]
				},
				{
					"name": "bone17",
					"parent": "bone15",
					"pivot": [15.5, 6, -24],
					"rotation": [-51, 0, 0],
					"cubes": [
						{"origin": [14.75, 51.17728, -3.16317], "size": [1, 1, 2], "uv": [13, 0]},
						{"origin": [15, 34.88927, 18.95085], "size": [1, 1, 3.5], "pivot": [15.5, 5.5, -21.5], "rotation": [30, 0, 0], "uv": [14, 3]},
						{"origin": [15, 55.2261, -26.72643], "size": [1, 1, 3.5], "pivot": [15.5, 6.5, -21.5], "rotation": [-30, 0, 0], "uv": [14, 3]}
					]
				},
				{
					"name": "bone18",
					"parent": "bone15",
					"pivot": [15.5, 6, -24],
					"rotation": [-102, 0, 0],
					"cubes": [
						{"origin": [14.75, 50.05033, -46.19952], "size": [1, 1, 2], "uv": [13, 0]},
						{"origin": [15, 55.43148, -18.8832], "size": [1, 1, 3.5], "pivot": [15.5, 5.5, -21.5], "rotation": [30, 0, 0], "uv": [14, 3]},
						{"origin": [15, 32.73195, -63.43353], "size": [1, 1, 3.5], "pivot": [15.5, 6.5, -21.5], "rotation": [-30, 0, 0], "uv": [14, 3]}
					]
				},
				{
					"name": "bone19",
					"parent": "bone15",
					"pivot": [15.5, 6, -24],
					"rotation": [-154, 0, 0],
					"cubes": [
						{"origin": [14.75, 15.04045, -72.58136], "size": [1, 1, 2], "uv": [13, 0]},
						{"origin": [15, 38.30295, -59.23548], "size": [1, 1, 3.5], "pivot": [15.5, 5.5, -21.5], "rotation": [30, 0, 0], "uv": [14, 3]},
						{"origin": [15, -10.7784, -68.77593], "size": [1, 1, 3.5], "pivot": [15.5, 6.5, -21.5], "rotation": [-30, 0, 0], "uv": [14, 3]}
					]
				},
				{
					"name": "bone20",
					"parent": "bone15",
					"pivot": [15.5, 6, -24],
					"rotation": [154, 0, 0],
					"cubes": [
						{"origin": [14.75, -27.30295, -61.23548], "size": [1, 1, 2], "uv": [13, 0]},
						{"origin": [15, -4.04045, -70.58136], "size": [1, 1, 3.5], "pivot": [15.5, 5.5, -21.5], "rotation": [30, 0, 0], "uv": [14, 3]},
						{"origin": [15, -41.77593, -37.7784], "size": [1, 1, 3.5], "pivot": [15.5, 6.5, -21.5], "rotation": [-30, 0, 0], "uv": [14, 3]}
					]
				},
				{
					"name": "bone21",
					"parent": "bone15",
					"pivot": [15.5, 6, -24],
					"rotation": [102, 0, 0],
					"cubes": [
						{"origin": [14.75, -44.43148, -20.8832], "size": [1, 1, 2], "uv": [13, 0]},
						{"origin": [15, -39.05033, -44.19952], "size": [1, 1, 3.5], "pivot": [15.5, 5.5, -21.5], "rotation": [30, 0, 0], "uv": [14, 3]},
						{"origin": [15, -36.43353, 5.73195], "size": [1, 1, 3.5], "pivot": [15.5, 6.5, -21.5], "rotation": [-30, 0, 0], "uv": [14, 3]}
					]
				},
				{
					"name": "bone22",
					"parent": "bone15",
					"pivot": [15.5, 6, -24],
					"rotation": [51, 0, 0],
					"cubes": [
						{"origin": [14.75, -23.88927, 16.95085], "size": [1, 1, 2], "uv": [13, 0]},
						{"origin": [15, -40.17728, -1.16317], "size": [1, 1, 3.5], "pivot": [15.5, 5.5, -21.5], "rotation": [30, 0, 0], "uv": [14, 3]},
						{"origin": [15, 0.27357, 28.2261], "size": [1, 1, 3.5], "pivot": [15.5, 6.5, -21.5], "rotation": [-30, 0, 0], "uv": [14, 3]}
					]
				},
				{
					"name": "wheel18",
					"parent": "backwheels",
					"pivot": [-14.25, 6, 23],
					"rotation": [15, 180, 0]
				},
				{
					"name": "bone32",
					"parent": "wheel18",
					"pivot": [-14.75, 0, 23]
				},
				{
					"name": "wheel14",
					"parent": "bone32",
					"pivot": [-14.75, 6, 23],
					"cubes": [
						{"origin": [-16.25, 0.77646, 17.60222], "size": [4, 1, 5], "uv": [43, 0]},
						{"origin": [-16.25, 11.77646, 17.60222], "size": [4, 1, 5], "uv": [25, 0]}
					]
				},
				{
					"name": "wheel15",
					"parent": "bone32",
					"pivot": [-14.75, 6, 23],
					"rotation": [-45, 0, 0],
					"cubes": [
						{"origin": [-16.25, -1.5, 17.90192], "size": [4, 1, 5], "uv": [43, 0]},
						{"origin": [-16.25, 9.5, 17.90192], "size": [4, 1, 5], "uv": [25, 0]}
					]
				},
				{
					"name": "wheel16",
					"parent": "bone32",
					"pivot": [-14.75, 6, 23],
					"rotation": [-90, 0, 0],
					"cubes": [
						{"origin": [-16.25, -2.89778, 19.72354], "size": [4, 1, 5], "uv": [43, 0]},
						{"origin": [-16.25, 8.10222, 19.72354], "size": [4, 1, 5], "uv": [25, 0]}
					]
				},
				{
					"name": "wheel17",
					"parent": "bone32",
					"pivot": [-14.75, 6, 23],
					"rotation": [-135, 0, 0],
					"cubes": [
						{"origin": [-16.25, -2.59808, 22], "size": [4, 1, 5], "uv": [43, 0]},
						{"origin": [-16.25, 8.40192, 22], "size": [4, 1, 5], "uv": [25, 0]}
					]
				},
				{
					"name": "bone33",
					"parent": "wheel18",
					"pivot": [-13, 0, 23],
					"cubes": [
						{"origin": [-14, 6.15146, 19.47722], "size": [1, 1.25, 1.25], "uv": [19, 4]}
					]
				},
				{
					"name": "bone34",
					"parent": "bone33",
					"pivot": [-13, 6, 23],
					"cubes": [
						{"origin": [-13.75, 6.27646, 20.60222], "size": [1, 1, 2], "uv": [13, 0]},
						{"origin": [-13.5, 7.62132, 23.37868], "size": [1, 1, 3.5], "pivot": [-13, 5.5, 25.5], "rotation": [30, 0, 0], "uv": [14, 3]},
						{"origin": [-13.5, 4.72354, 22.60222], "size": [1, 1, 3.5], "pivot": [-13, 6.5, 25.5], "rotation": [-30, 0, 0], "uv": [14, 3]}
					]
				},
				{
					"name": "bone37",
					"parent": "bone33",
					"pivot": [-13, 6, 23],
					"rotation": [-51, 0, 0],
					"cubes": [
						{"origin": [-13.75, 3.73664, 21.07295], "size": [1, 1, 2], "uv": [13, 0]},
						{"origin": [-13.5, 5.18641, 22.51643], "size": [1, 1, 3.5], "pivot": [-13, 5.5, 25.5], "rotation": [30, 0, 0], "uv": [14, 3]},
						{"origin": [-13.5, 2.75936, 24.27979], "size": [1, 1, 3.5], "pivot": [-13, 6.5, 25.5], "rotation": [-30, 0, 0], "uv": [14, 3]}
					]
				},
				{
					"name": "bone38",
					"parent": "bone33",
					"pivot": [-13, 6, 23],
					"rotation": [-102, 0, 0],
					"cubes": [
						{"origin": [-13.75, 2.50411, 23.34299], "size": [1, 1, 2], "uv": [13, 0]},
						{"origin": [-13.5, 2.98399, 23.86608], "size": [1, 1, 3.5], "pivot": [-13, 5.5, 25.5], "rotation": [30, 0, 0], "uv": [14, 3]},
						{"origin": [-13.5, 2.82698, 26.86197], "size": [1, 1, 3.5], "pivot": [-13, 6.5, 25.5], "rotation": [-30, 0, 0], "uv": [14, 3]}
					]
				},
				{
					"name": "bone39",
					"parent": "bone33",
					"pivot": [-13, 6, 23],
					"rotation": [-154, 0, 0],
					"cubes": [
						{"origin": [-13.75, 3.53182, 25.76413], "size": [1, 1, 2], "uv": [13, 0]},
						{"origin": [-13.5, 2.66344, 26.4767], "size": [1, 1, 3.5], "pivot": [-13, 5.5, 25.5], "rotation": [30, 0, 0], "uv": [14, 3]},
						{"origin": [-13.5, 4.92757, 28.44488], "size": [1, 1, 3.5], "pivot": [-13, 6.5, 25.5], "rotation": [-30, 0, 0], "uv": [14, 3]}
					]
				},
				{
					"name": "bone40",
					"parent": "bone33",
					"pivot": [-13, 6, 23],
					"rotation": [154, 0, 0],
					"cubes": [
						{"origin": [-13.75, 6.07243, 26.44488], "size": [1, 1, 2], "uv": [13, 0]},
						{"origin": [-13.5, 4.5233, 28.33656], "size": [1, 1, 3.5], "pivot": [-13, 5.5, 25.5], "rotation": [30, 0, 0], "uv": [14, 3]},
						{"origin": [-13.5, 7.46818, 27.76413], "size": [1, 1, 3.5], "pivot": [-13, 6.5, 25.5], "rotation": [-30, 0, 0], "uv": [14, 3]}
					]
				},
				{
					"name": "bone41",
					"parent": "bone33",
					"pivot": [-13, 6, 23],
					"rotation": [102, 0, 0],
					"cubes": [
						{"origin": [-13.75, 8.17302, 24.86197], "size": [1, 1, 2], "uv": [13, 0]},
						{"origin": [-13.5, 7.13392, 28.01601], "size": [1, 1, 3.5], "pivot": [-13, 5.5, 25.5], "rotation": [30, 0, 0], "uv": [14, 3]},
						{"origin": [-13.5, 8.49589, 25.34299], "size": [1, 1, 3.5], "pivot": [-13, 6.5, 25.5], "rotation": [-30, 0, 0], "uv": [14, 3]}
					]
				},
				{
					"name": "bone42",
					"parent": "bone33",
					"pivot": [-13, 6, 23],
					"rotation": [51, 0, 0],
					"cubes": [
						{"origin": [-13.75, 8.24064, 22.27979], "size": [1, 1, 2], "uv": [13, 0]},
						{"origin": [-13.5, 8.48357, 25.81359], "size": [1, 1, 3.5], "pivot": [-13, 5.5, 25.5], "rotation": [30, 0, 0], "uv": [14, 3]},
						{"origin": [-13.5, 7.26336, 23.07295], "size": [1, 1, 3.5], "pivot": [-13, 6.5, 25.5], "rotation": [-30, 0, 0], "uv": [14, 3]}
					]
				},
				{
					"name": "wheel_left",
					"pivot": [14.25, 6, -24],
					"rotation": [-15, 0, 0]
				},
				{
					"name": "bone",
					"parent": "wheel_left",
					"pivot": [13.75, 0, -24]
				},
				{
					"name": "wheel",
					"parent": "bone",
					"pivot": [13.75, 6, -24],
					"cubes": [
						{"origin": [12.25, 0, -26.5], "size": [4, 1, 5], "uv": [43, 0]},
						{"origin": [12.25, 11, -26.5], "size": [4, 1, 5], "uv": [25, 0]}
					]
				},
				{
					"name": "wheel2",
					"parent": "bone",
					"pivot": [13.75, 6, -24],
					"rotation": [-45, 0, 0],
					"cubes": [
						{"origin": [12.25, 0, -26.5], "size": [4, 1, 5], "uv": [43, 0]},
						{"origin": [12.25, 11, -26.5], "size": [4, 1, 5], "uv": [25, 0]}
					]
				},
				{
					"name": "wheel3",
					"parent": "bone",
					"pivot": [13.75, 6, -24],
					"rotation": [-90, 0, 0],
					"cubes": [
						{"origin": [12.25, 0, -26.5], "size": [4, 1, 5], "uv": [43, 0]},
						{"origin": [12.25, 11, -26.5], "size": [4, 1, 5], "uv": [25, 0]}
					]
				},
				{
					"name": "wheel4",
					"parent": "bone",
					"pivot": [13.75, 6, -24],
					"rotation": [-135, 0, 0],
					"cubes": [
						{"origin": [12.25, 0, -26.5], "size": [4, 1, 5], "uv": [43, 0]},
						{"origin": [12.25, 11, -26.5], "size": [4, 1, 5], "uv": [25, 0]}
					]
				},
				{
					"name": "bone3",
					"parent": "wheel_left",
					"pivot": [15.5, 0, -24],
					"cubes": [
						{"origin": [14.5, 5.375, -24.625], "size": [1, 1.25, 1.25], "uv": [19, 4]}
					]
				},
				{
					"name": "bone4",
					"parent": "bone3",
					"pivot": [15.5, 6, -24],
					"cubes": [
						{"origin": [14.75, 5.5, -23.5], "size": [1, 1, 2], "uv": [13, 0]},
						{"origin": [15, 5.5, -21.5], "size": [1, 1, 3.5], "pivot": [15.5, 5.5, -21.5], "rotation": [30, 0, 0], "uv": [14, 3]},
						{"origin": [15, 5.5, -21.5], "size": [1, 1, 3.5], "pivot": [15.5, 6.5, -21.5], "rotation": [-30, 0, 0], "uv": [14, 3]}
					]
				},
				{
					"name": "bone5",
					"parent": "bone3",
					"pivot": [15.5, 6, -24],
					"rotation": [-51, 0, 0],
					"cubes": [
						{"origin": [14.75, 5.5, -23.5], "size": [1, 1, 2], "uv": [13, 0]},
						{"origin": [15, 5.5, -21.5], "size": [1, 1, 3.5], "pivot": [15.5, 5.5, -21.5], "rotation": [30, 0, 0], "uv": [14, 3]},
						{"origin": [15, 5.5, -21.5], "size": [1, 1, 3.5], "pivot": [15.5, 6.5, -21.5], "rotation": [-30, 0, 0], "uv": [14, 3]}
					]
				},
				{
					"name": "bone6",
					"parent": "bone3",
					"pivot": [15.5, 6, -24],
					"rotation": [-102, 0, 0],
					"cubes": [
						{"origin": [14.75, 5.5, -23.5], "size": [1, 1, 2], "uv": [13, 0]},
						{"origin": [15, 5.5, -21.5], "size": [1, 1, 3.5], "pivot": [15.5, 5.5, -21.5], "rotation": [30, 0, 0], "uv": [14, 3]},
						{"origin": [15, 5.5, -21.5], "size": [1, 1, 3.5], "pivot": [15.5, 6.5, -21.5], "rotation": [-30, 0, 0], "uv": [14, 3]}
					]
				},
				{
					"name": "bone7",
					"parent": "bone3",
					"pivot": [15.5, 6, -24],
					"rotation": [-154, 0, 0],
					"cubes": [
						{"origin": [14.75, 5.5, -23.5], "size": [1, 1, 2], "uv": [13, 0]},
						{"origin": [15, 5.5, -21.5], "size": [1, 1, 3.5], "pivot": [15.5, 5.5, -21.5], "rotation": [30, 0, 0], "uv": [14, 3]},
						{"origin": [15, 5.5, -21.5], "size": [1, 1, 3.5], "pivot": [15.5, 6.5, -21.5], "rotation": [-30, 0, 0], "uv": [14, 3]}
					]
				},
				{
					"name": "bone8",
					"parent": "bone3",
					"pivot": [15.5, 6, -24],
					"rotation": [154, 0, 0],
					"cubes": [
						{"origin": [14.75, 5.5, -23.5], "size": [1, 1, 2], "uv": [13, 0]},
						{"origin": [15, 5.5, -21.5], "size": [1, 1, 3.5], "pivot": [15.5, 5.5, -21.5], "rotation": [30, 0, 0], "uv": [14, 3]},
						{"origin": [15, 5.5, -21.5], "size": [1, 1, 3.5], "pivot": [15.5, 6.5, -21.5], "rotation": [-30, 0, 0], "uv": [14, 3]}
					]
				},
				{
					"name": "bone9",
					"parent": "bone3",
					"pivot": [15.5, 6, -24],
					"rotation": [102, 0, 0],
					"cubes": [
						{"origin": [14.75, 5.5, -23.5], "size": [1, 1, 2], "uv": [13, 0]},
						{"origin": [15, 5.5, -21.5], "size": [1, 1, 3.5], "pivot": [15.5, 5.5, -21.5], "rotation": [30, 0, 0], "uv": [14, 3]},
						{"origin": [15, 5.5, -21.5], "size": [1, 1, 3.5], "pivot": [15.5, 6.5, -21.5], "rotation": [-30, 0, 0], "uv": [14, 3]}
					]
				},
				{
					"name": "bone10",
					"parent": "bone3",
					"pivot": [15.5, 6, -24],
					"rotation": [51, 0, 0],
					"cubes": [
						{"origin": [14.75, 5.5, -23.5], "size": [1, 1, 2], "uv": [13, 0]},
						{"origin": [15, 5.5, -21.5], "size": [1, 1, 3.5], "pivot": [15.5, 5.5, -21.5], "rotation": [30, 0, 0], "uv": [14, 3]},
						{"origin": [15, 5.5, -21.5], "size": [1, 1, 3.5], "pivot": [15.5, 6.5, -21.5], "rotation": [-30, 0, 0], "uv": [14, 3]}
					]
				},
				{
					"name": "wheel_right",
					"pivot": [-14.25, 6, -24],
					"rotation": [15, 180, 0]
				},
				{
					"name": "bone12",
					"parent": "wheel_right",
					"pivot": [-14.75, 0, -24]
				},
				{
					"name": "wheel5",
					"parent": "bone12",
					"pivot": [-14.75, 6, -24],
					"cubes": [
						{"origin": [-16.25, 0, -26.5], "size": [4, 1, 5], "uv": [43, 0]},
						{"origin": [-16.25, 11, -26.5], "size": [4, 1, 5], "uv": [25, 0]}
					]
				},
				{
					"name": "wheel11",
					"parent": "bone12",
					"pivot": [-14.75, 6, -24],
					"rotation": [-45, 0, 0],
					"cubes": [
						{"origin": [-16.25, 0, -26.5], "size": [4, 1, 5], "uv": [43, 0]},
						{"origin": [-16.25, 11, -26.5], "size": [4, 1, 5], "uv": [25, 0]}
					]
				},
				{
					"name": "wheel12",
					"parent": "bone12",
					"pivot": [-14.75, 6, -24],
					"rotation": [-90, 0, 0],
					"cubes": [
						{"origin": [-16.25, 0, -26.5], "size": [4, 1, 5], "uv": [43, 0]},
						{"origin": [-16.25, 11, -26.5], "size": [4, 1, 5], "uv": [25, 0]}
					]
				},
				{
					"name": "wheel13",
					"parent": "bone12",
					"pivot": [-14.75, 6, -24],
					"rotation": [-135, 0, 0],
					"cubes": [
						{"origin": [-16.25, 0, -26.5], "size": [4, 1, 5], "uv": [43, 0]},
						{"origin": [-16.25, 11, -26.5], "size": [4, 1, 5], "uv": [25, 0]}
					]
				},
				{
					"name": "bone13",
					"parent": "wheel_right",
					"pivot": [-13, 0, -24],
					"cubes": [
						{"origin": [-14, 5.375, -24.625], "size": [1, 1.25, 1.25], "uv": [19, 4]}
					]
				},
				{
					"name": "bone25",
					"parent": "bone13",
					"pivot": [-13, 6, -24],
					"cubes": [
						{"origin": [-13.75, 5.5, -23.5], "size": [1, 1, 2], "uv": [13, 0]},
						{"origin": [-13.5, 5.5, -21.5], "size": [1, 1, 3.5], "pivot": [-13, 5.5, -21.5], "rotation": [30, 0, 0], "uv": [14, 3]},
						{"origin": [-13.5, 5.5, -21.5], "size": [1, 1, 3.5], "pivot": [-13, 6.5, -21.5], "rotation": [-30, 0, 0], "uv": [14, 3]}
					]
				},
				{
					"name": "bone26",
					"parent": "bone13",
					"pivot": [-13, 6, -24],
					"rotation": [-51, 0, 0],
					"cubes": [
						{"origin": [-13.75, 5.5, -23.5], "size": [1, 1, 2], "uv": [13, 0]},
						{"origin": [-13.5, 5.5, -21.5], "size": [1, 1, 3.5], "pivot": [-13, 5.5, -21.5], "rotation": [30, 0, 0], "uv": [14, 3]},
						{"origin": [-13.5, 5.5, -21.5], "size": [1, 1, 3.5], "pivot": [-13, 6.5, -21.5], "rotation": [-30, 0, 0], "uv": [14, 3]}
					]
				},
				{
					"name": "bone27",
					"parent": "bone13",
					"pivot": [-13, 6, -24],
					"rotation": [-102, 0, 0],
					"cubes": [
						{"origin": [-13.75, 5.5, -23.5], "size": [1, 1, 2], "uv": [13, 0]},
						{"origin": [-13.5, 5.5, -21.5], "size": [1, 1, 3.5], "pivot": [-13, 5.5, -21.5], "rotation": [30, 0, 0], "uv": [14, 3]},
						{"origin": [-13.5, 5.5, -21.5], "size": [1, 1, 3.5], "pivot": [-13, 6.5, -21.5], "rotation": [-30, 0, 0], "uv": [14, 3]}
					]
				},
				{
					"name": "bone28",
					"parent": "bone13",
					"pivot": [-13, 6, -24],
					"rotation": [-154, 0, 0],
					"cubes": [
						{"origin": [-13.75, 5.5, -23.5], "size": [1, 1, 2], "uv": [13, 0]},
						{"origin": [-13.5, 5.5, -21.5], "size": [1, 1, 3.5], "pivot": [-13, 5.5, -21.5], "rotation": [30, 0, 0], "uv": [14, 3]},
						{"origin": [-13.5, 5.5, -21.5], "size": [1, 1, 3.5], "pivot": [-13, 6.5, -21.5], "rotation": [-30, 0, 0], "uv": [14, 3]}
					]
				},
				{
					"name": "bone29",
					"parent": "bone13",
					"pivot": [-13, 6, -24],
					"rotation": [154, 0, 0],
					"cubes": [
						{"origin": [-13.75, 5.5, -23.5], "size": [1, 1, 2], "uv": [13, 0]},
						{"origin": [-13.5, 5.5, -21.5], "size": [1, 1, 3.5], "pivot": [-13, 5.5, -21.5], "rotation": [30, 0, 0], "uv": [14, 3]},
						{"origin": [-13.5, 5.5, -21.5], "size": [1, 1, 3.5], "pivot": [-13, 6.5, -21.5], "rotation": [-30, 0, 0], "uv": [14, 3]}
					]
				},
				{
					"name": "bone30",
					"parent": "bone13",
					"pivot": [-13, 6, -24],
					"rotation": [102, 0, 0],
					"cubes": [
						{"origin": [-13.75, 5.5, -23.5], "size": [1, 1, 2], "uv": [13, 0]},
						{"origin": [-13.5, 5.5, -21.5], "size": [1, 1, 3.5], "pivot": [-13, 5.5, -21.5], "rotation": [30, 0, 0], "uv": [14, 3]},
						{"origin": [-13.5, 5.5, -21.5], "size": [1, 1, 3.5], "pivot": [-13, 6.5, -21.5], "rotation": [-30, 0, 0], "uv": [14, 3]}
					]
				},
				{
					"name": "bone31",
					"parent": "bone13",
					"pivot": [-13, 6, -24],
					"rotation": [51, 0, 0],
					"cubes": [
						{"origin": [-13.75, 5.5, -23.5], "size": [1, 1, 2], "uv": [13, 0]},
						{"origin": [-13.5, 5.5, -21.5], "size": [1, 1, 3.5], "pivot": [-13, 5.5, -21.5], "rotation": [30, 0, 0], "uv": [14, 3]},
						{"origin": [-13.5, 5.5, -21.5], "size": [1, 1, 3.5], "pivot": [-13, 6.5, -21.5], "rotation": [-30, 0, 0], "uv": [14, 3]}
					]
				},
				{
					"name": "brakes_right",
					"pivot": [-14, 0, -23],
					"rotation": [0, 180, 0]
				},
				{
					"name": "brakes4",
					"parent": "brakes_right",
					"pivot": [-13.5, 6, -22],
					"rotation": [180, 0, 0],
					"cubes": [
						{"origin": [-14, 5.75, -18.75], "size": [1, 3, 1], "pivot": [-12.5, 5.75, -18.25], "rotation": [20, 0, 0], "uv": [19, 0]},
						{"origin": [-14, 6.25, -18.75], "size": [1, 3, 1], "pivot": [-12.5, 6.25, -18.25], "rotation": [160, 0, 0], "uv": [19, 0]}
					]
				},
				{
					"name": "bone48",
					"parent": "brakes_right",
					"pivot": [-13, 0, -69],
					"cubes": [
						{"origin": [-14.5, 4.5, -25.5], "size": [1, 3, 7], "uv": [16, 0]},
						{"origin": [-14.5, 4.5, -25.5], "size": [1, 3, 7], "pivot": [-13.5, 6, -22], "rotation": [-45, 0, 0], "uv": [16, 0]},
						{"origin": [-14.5, 4.5, -25.5], "size": [1, 3, 7], "pivot": [-13.5, 6, -22], "rotation": [-90, 0, 0], "uv": [16, 0]},
						{"origin": [-14.5, 4.5, -25.5], "size": [1, 3, 7], "pivot": [-13.5, 6, -22], "rotation": [-135, 0, 0], "uv": [16, 0]}
					]
				},
				{
					"name": "brakes_left",
					"pivot": [14, 0, -24]
				},
				{
					"name": "brakes",
					"parent": "brakes_left",
					"pivot": [14.5, 6.25, -20.25],
					"cubes": [
						{"origin": [14, 5.75, -20.75], "size": [1, 3, 1], "pivot": [15, 5.75, -20.25], "rotation": [20, 0, 0], "uv": [19, 0]},
						{"origin": [14, 6.25, -20.75], "size": [1, 3, 1], "pivot": [15, 6.25, -20.25], "rotation": [160, 0, 0], "uv": [19, 0]}
					]
				},
				{
					"name": "bone11",
					"parent": "brakes_left",
					"pivot": [14, 0, -24],
					"cubes": [
						{"origin": [13.5, 4.5, -27.5], "size": [1, 3, 7], "uv": [16, 0]},
						{"origin": [13.5, 4.5, -27.5], "size": [1, 3, 7], "pivot": [14, 6, -24], "rotation": [-45, 0, 0], "uv": [16, 0]},
						{"origin": [13.5, 4.5, -27.5], "size": [1, 3, 7], "pivot": [14, 6, -24], "rotation": [-90, 0, 0], "uv": [16, 0]},
						{"origin": [13.5, 4.5, -27.5], "size": [1, 3, 7], "pivot": [14, 6, -24], "rotation": [-135, 0, 0], "uv": [16, 0]}
					]
				},
				{
					"name": "brakes_main",
					"pivot": [0, 0, 3]
				},
				{
					"name": "bone23",
					"parent": "brakes_main",
					"pivot": [14, 0, -21]
				},
				{
					"name": "brakes2",
					"parent": "bone23",
					"pivot": [13.5, 6, 26],
					"rotation": [170, 0, 0],
					"cubes": [
						{"origin": [14, 5.75, 29.25], "size": [1, 3, 1], "pivot": [14.5, 5.75, 29.75], "rotation": [20, 0, 0], "uv": [19, 0]},
						{"origin": [14, 6.25, 29.25], "size": [1, 3, 1], "pivot": [14.5, 6.25, 29.75], "rotation": [160, 0, 0], "uv": [19, 0]}
					]
				},
				{
					"name": "bone24",
					"parent": "bone23",
					"pivot": [14, 0, -21],
					"cubes": [
						{"origin": [13.5, 4.5, 22.5], "size": [1, 3, 7], "uv": [16, 0]},
						{"origin": [13.5, 4.5, 22.5], "size": [1, 3, 7], "pivot": [14, 6, 26], "rotation": [-45, 0, 0], "uv": [16, 0]},
						{"origin": [13.5, 4.5, 22.5], "size": [1, 3, 7], "pivot": [14, 6, 26], "rotation": [-90, 0, 0], "uv": [16, 0]},
						{"origin": [13.5, 4.5, 22.5], "size": [1, 3, 7], "pivot": [14, 6, 26], "rotation": [-135, 0, 0], "uv": [16, 0]}
					]
				},
				{
					"name": "bone35",
					"parent": "brakes_main",
					"pivot": [-14, 0, 26],
					"rotation": [0, 180, 0]
				},
				{
					"name": "brakes3",
					"parent": "bone35",
					"pivot": [-12.5, 6, 26],
					"rotation": [10, 0, 0],
					"cubes": [
						{"origin": [-14, 5.75, 29.25], "size": [1, 3, 1], "pivot": [-12.5, 5.75, 29.75], "rotation": [20, 0, 0], "uv": [19, 0]},
						{"origin": [-14, 6.25, 29.25], "size": [1, 3, 1], "pivot": [-12.5, 6.25, 29.75], "rotation": [160, 0, 0], "uv": [19, 0]}
					]
				},
				{
					"name": "bone36",
					"parent": "bone35",
					"pivot": [-13, 0, 26],
					"cubes": [
						{"origin": [-14.5, 4.5, 22.5], "size": [1, 3, 7], "uv": [16, 0]},
						{"origin": [-14.5, 4.5, 22.5], "size": [1, 3, 7], "pivot": [-13.5, 6, 26], "rotation": [-45, 0, 0], "uv": [16, 0]},
						{"origin": [-14.5, 4.5, 22.5], "size": [1, 3, 7], "pivot": [-13.5, 6, 26], "rotation": [-90, 0, 0], "uv": [16, 0]},
						{"origin": [-14.5, 4.5, 22.5], "size": [1, 3, 7], "pivot": [-13.5, 6, 26], "rotation": [-135, 0, 0], "uv": [16, 0]}
					]
				}
			]
		}
	]
}