{
  "format_version": "1.10.0",
  "minecraft:client_entity": {
    "description": {
      "identifier": "custom:model_x",
      "materials": { "default": "vehicle" },
      "textures": {
        "default": "textures/entities/vehicles/model_x"
      },
      "geometry": {
        "default": "geometry.custom.model_x"
      },
      "animations": {
        "walk": "animation.model_x.drive",
        "body_turn": "animation.steering_turn"
	
      },
      "scripts": {
        "animate": [
          { "walk": "query.modified_move_speed" },
		  "body_turn"
        ]
      },
      "render_controllers": [ "controller.render.vehicle" ],
      "spawn_egg": {
        "texture": "model_x_egg",
        "texture_index": 0
      }
    }
  }
}
