{
  "resource_pack_name": "Tesla Model S",
  "texture_name": "atlas.items",
  "texture_data": {
        "model_s_egg": {
        "textures": "textures/items/model_s_egg"
        },
        "model_s_black_egg": {
        "textures": "textures/items/model_s_black_egg"
        },
        "model_s_gray_egg": {
        "textures": "textures/items/model_s_gray_egg"
        },
        "model_s_blue_egg": {
        "textures": "textures/items/model_s_blue_egg"
        },
        "model_s_red_egg": {
        "textures": "textures/items/model_s_red_egg"
        }
    }
}
