{
	"format_version": "1.12.0",
	"minecraft:geometry": [
		{
			"description": {
				"identifier": "geometry.custom.semi_small",
				"texture_width": 256,
				"texture_height": 256,
				"visible_bounds_width": 8,
				"visible_bounds_height": 6,
				"visible_bounds_offset": [0, 0, 0]
			},
			"bones": [
				{
					"name": "body_main",
					"pivot": [0, 0, 0]
				},
				{
					"name": "bone",
					"parent": "body_main",
					"pivot": [0, 0, 0],
					"cubes": [
						{"origin": [-0.16646, 7.56658, -32.01653], "size": [6.75, 5, 2], "pivot": [3, 2, 0.5], "rotation": [0, -20, 0], "uv": [82, 66]},
						{"origin": [10.83354, -12.68342, -50.26653], "size": [6.5, 13.25, 1], "pivot": [14, -18.25, -17.75], "rotation": [-60, 0, 0], "uv": [65, 40]},
						{"origin": [-17.41646, -12.68342, -50.26653], "size": [6.5, 13.25, 1], "pivot": [-14.25, -18.25, -17.75], "rotation": [-60, 0, 0], "uv": [81, 41]},
						{"origin": [-17.41646, 18.31658, -17.76653], "size": [6.5, 1, 34], "uv": [173, 10]},
						{"origin": [10.8335, 18.31658, -17.76653], "size": [6.5, 1, 34], "uv": [173, 10]},
						{"origin": [-0.16646, 4.56658, -32.51653], "size": [6.75, 3, 2], "pivot": [3, -1, 0], "rotation": [0, -20, 0], "uv": [81, 74]},
						{"origin": [-6.58354, 4.56658, -32.51653], "size": [6.75, 3, 2], "pivot": [-3, -1, 0], "rotation": [0, 20, 0], "uv": [49, 84]},
						{"origin": [-6.58354, 7.56658, -32.01653], "size": [6.75, 5, 2], "pivot": [-3, 2, 0.5], "rotation": [0, 20, 0], "uv": [82, 59]},
						{"origin": [-11, 4.52289, -31.69599], "size": [22, 3, 3], "uv": [27, 115]},
						{"origin": [-11, 7.52289, -31.19599], "size": [22, 5, 2], "uv": [77, 114]},
						{"origin": [-11, -3.72711, -42.94599], "size": [22, 16, 1], "pivot": [3, -14.25, -11.25], "rotation": [-35, 0, 0], "uv": [78, 122]},
						{"origin": [-16, 29.77289, -42.94599], "size": [32, 3, 1], "pivot": [3, -14.75, -11.25], "rotation": [-35, 0, 0], "uv": [136, 31]},
						{"origin": [-16, -4.22711, -73.94599], "size": [32, 10.75, 1], "pivot": [3, -19, -14.25], "rotation": [-80, 0, 0], "uv": [137, 13]},
						{"origin": [-16, 38.42031, 5.31252], "size": [32, 15.75, 1], "pivot": [0, 43.79531, 5.81252], "rotation": [-90, 0, 0], "uv": [137, 0]},
						{"origin": [10, -3.72711, -41.94599], "size": [1, 16, 8], "pivot": [3, -14.25, -11.25], "rotation": [-35, 0, 0], "uv": [94, 140]},
						{"origin": [-11, -3.72711, -41.94599], "size": [1, 16, 8], "pivot": [3, -14.25, -11.25], "rotation": [-35, 0, 0], "uv": [95, 140]},
						{"origin": [16.9887, 2.8333, -13.64241], "size": [1, 4, 30], "uv": [194, 127]},
						{"origin": [-18.0113, 2.8333, -13.64241], "size": [1, 4, 30], "uv": [194, 127], "mirror": true},
						{"origin": [16.48874, 4.56658, -29.14241], "size": [1, 8, 2], "uv": [27, 54]},
						{"origin": [-17.48874, 4.56658, -29.14241], "size": [1, 8, 2], "uv": [27, 54]},
						{"origin": [-18.01126, 2.83329, 16.14909], "size": [1, 10.5, 27.75], "uv": [111, 75]},
						{"origin": [16.98874, 2.83329, 16.14909], "size": [1, 10.5, 27.75], "uv": [111, 75]},
						{"origin": [-18.01126, -10.66671, 43.39909], "size": [36, 1, 4], "pivot": [0, -2.75, 13.25], "rotation": [25, 0, 0], "uv": [99, 66]},
						{"origin": [-18.01126, 24.33329, 49.64909], "size": [36, 1, 5], "pivot": [0, 32.25, 19.75], "rotation": [-25, 0, 0], "uv": [99, 66]},
						{"origin": [4.98874, 6.17414, 46.21519], "size": [13, 6.5, 2], "pivot": [1, 0, 14], "rotation": [-3, 0, 0], "uv": [67, 91]},
						{"origin": [-5.01126, 11.67414, 46.21519], "size": [10, 1, 2], "pivot": [0, 3.5, 14], "rotation": [-3, 0, 0], "uv": [0, 25]},
						{"origin": [-13.01126, 6.17414, 46.21519], "size": [26, 6, 1], "pivot": [0, 0, 15], "rotation": [-3, 0, 0], "uv": [39, 158]},
						{"origin": [-18.01126, 6.17414, 46.21519], "size": [13, 6.5, 2], "pivot": [-1, 0, 14], "rotation": [-3, 0, 0], "uv": [67, 87]},
						{"origin": [-11, 5.5, -28.5], "size": [22, 2, 72], "uv": [41, 182]},
						{"origin": [-17, 6.5, 15.5], "size": [34, 37.75, 1], "uv": [39, 204]},
						{"origin": [15.25, 6.5, 6.25], "size": [1, 37.75, 10], "pivot": [0, 0, 0], "rotation": [0, 2, 0], "uv": [0, 208.25]},
						{"origin": [15.25, 18.5, -10.75], "size": [1, 7, 17], "pivot": [0, 0, 0], "rotation": [0, 2, 0], "uv": [0, 163]},
						{"origin": [15.25, 38.75, -6.75], "size": [1, 4, 13], "pivot": [0, 0, 0], "rotation": [0, 2, 0], "uv": [45, 136]},
						{"origin": [15.25, 42.75, -0.75], "size": [1, 1, 7], "pivot": [0, 1, 0], "rotation": [0, 2, 0], "uv": [51, 144]},
						{"origin": [14.99687, 39.74473, -10.5235], "size": [1, 1.75, 6], "uv": [0, 170]},
						{"origin": [15.25, 38.75, -10.75], "size": [1, 1, 4], "pivot": [0, 0, 0], "rotation": [0, 2, 0], "uv": [31, 173]},
						{"origin": [-16.5, 6.5, 6.25], "size": [1, 37.75, 10], "pivot": [0, 0, 0], "rotation": [0, -2, 0], "uv": [0, 208.25]},
						{"origin": [-16.5, 38.75, -6.75], "size": [1, 4, 13], "pivot": [0, 0, 0], "rotation": [0, -2, 0], "uv": [45, 136]},
						{"origin": [-16.5, 42.75, -0.75], "size": [1, 1, 7], "pivot": [0, 1, 0], "rotation": [0, -2, 0], "uv": [51, 144]},
						{"origin": [-16.5, 38.75, -10.75], "size": [1, 1, 4], "pivot": [0, 0, 0], "rotation": [0, -2, 0], "uv": [31, 173]},
						{"origin": [-15, 38.75, -11.75], "size": [30, 1, 1], "uv": [177, 94]},
						{"origin": [-15.5, 38.75, -10.75], "size": [31, 1, 13], "uv": [168, 105]},
						{"origin": [-16, 38.75, 2.25], "size": [32, 1, 13], "uv": [166, 106]},
						{"origin": [-16.24672, 39.74473, -10.53223], "size": [1, 1.75, 6], "uv": [0, 170]},
						{"origin": [-16.5, 18.5, -10.75], "size": [1, 7, 17], "pivot": [0, 0, 0], "rotation": [0, -2, 0], "uv": [0, 163]},
						{"origin": [-10.75, 6.5, -28.5], "size": [25.5, 6.5, 15], "uv": [168, 161]},
						{"origin": [-10.5, 12, -22.5], "size": [21, 6.5, 38], "uv": [76, 212]},
						{"origin": [-11, 6.5, 16.5], "size": [22, 7, 27.5], "uv": [158, 184]},
						{"origin": [-5, 13.5, 22.5], "size": [10, 2, 10], "uv": [188, 205]},
						{"origin": [-18, 4.5, 43.5], "size": [36, 7.15, 4], "uv": [168, 207]},
						{"origin": [-17.39748, 4.93154, -13.64241], "size": [7, 2, 30], "uv": [151, 124]},
						{"origin": [10.39748, 4.93154, -13.64241], "size": [7, 2, 30], "uv": [151, 124]},
						{"origin": [16, 39.5, 12.5], "size": [3, 1, 3], "uv": [46, 0]},
						{"origin": [-1, 42.75, 11.5], "size": [2, 2, 3], "uv": [46, 0]},
						{"origin": [-19.75, 39.5, 12.5], "size": [3, 1, 3], "uv": [46, 0]}
					]
				},
				{
					"name": "bone0",
					"parent": "body_main",
					"pivot": [0, -3, 0],
					"cubes": [
						{"origin": [12.65795, -7.56173, -29.56796], "size": [5, 7, 1], "pivot": [0, -3, 0], "rotation": [-30, 0, 0], "uv": [0, 101]},
						{"origin": [-17.65795, -7.56173, -29.56796], "size": [5, 7, 1], "pivot": [0, -3, 0], "rotation": [-30, 0, 0], "uv": [0, 101], "mirror": true},
						{"origin": [12.65795, 12.87814, -24.38778], "size": [5, 1, 9.5], "uv": [32, 74]},
						{"origin": [-17.65795, 12.87814, -24.38778], "size": [5, 1, 9.5], "uv": [32, 74], "mirror": true},
						{"origin": [12.65795, 12.03087, -5.4721], "size": [5, 7, 1], "pivot": [0, -3, 0], "rotation": [30, 0, 0], "uv": [51, 74]},
						{"origin": [-17.65795, 12.03087, -5.4721], "size": [5, 7, 1], "pivot": [0, -3, 0], "rotation": [30, 0, 0], "uv": [51, 74], "mirror": true},
						{"origin": [-10, 23.01709, -8.19291], "size": [20, 8, 1], "pivot": [0, -3, 0], "rotation": [30, 0, 0], "uv": [164, 47]},
						{"origin": [-0.5, 27.33201, -14.90937], "size": [1, 1, 3], "pivot": [0, 8, -8], "rotation": [20, 0, 0], "uv": [99, 90]},
						{"origin": [15.65795, 6.38855, -12.18718], "size": [2, 12, 29], "uv": [101, 24]},
						{"origin": [16.40795, 13.38855, -19.18718], "size": [1, 5, 7], "uv": [84, 0]},
						{"origin": [-17.34205, 13.38855, -19.18718], "size": [1, 5, 7], "uv": [84, 0]},
						{"origin": [16.40795, 13.38855, -22.43718], "size": [1, 3, 3.25], "uv": [82, 0]},
						{"origin": [-17.34205, 13.38855, -22.43718], "size": [1, 3, 3.25], "uv": [82, 0]},
						{"origin": [16.40795, 13.38855, -24.43718], "size": [1, 2, 2], "uv": [69, 0]},
						{"origin": [-17.34205, 13.38855, -24.43718], "size": [1, 2, 2], "uv": [69, 0]},
						{"origin": [16.40795, 27.38855, -5.43718], "size": [1, 2, 5.5], "pivot": [0, 0, 0], "rotation": [60, 0, 0], "uv": [71, 9]},
						{"origin": [-17.34205, 27.38855, -5.43718], "size": [1, 2, 5.5], "pivot": [-34, 0, 0], "rotation": [60, 0, 0], "uv": [71, 9]},
						{"origin": [-17.34205, 17.88855, -48.43718], "size": [1, 11, 1], "pivot": [-34, -2.5, -43], "rotation": [-60, 0, 0], "uv": [89, 22]},
						{"origin": [16.4079, 17.88855, -48.43718], "size": [1, 11, 1], "pivot": [-34, -2.5, -43], "rotation": [-60, 0, 0], "uv": [89, 22]},
						{"origin": [16.40795, -6.61145, -19.43718], "size": [1, 3, 5.5], "pivot": [0, 0, 0], "rotation": [-60, 0, 0], "uv": [70, 0]},
						{"origin": [-17.34205, -6.61145, -19.43718], "size": [1, 3, 5.5], "pivot": [-34, 0, 0], "rotation": [-60, 0, 0], "uv": [70, 0]},
						{"origin": [10.40795, 17.38855, -18.18718], "size": [1, 1, 34], "uv": [31, 168]},
						{"origin": [-11.34205, 17.38855, -18.18718], "size": [1, 1, 34], "uv": [31, 168]},
						{"origin": [-18.59205, 14.38855, -18.43718], "size": [1, 11, 12], "pivot": [-7, -8, -3], "rotation": [0, -25, 0], "uv": [38, 178]},
						{"origin": [16.15795, 14.38855, -12.68718], "size": [1, 11, 12], "pivot": [-7, -8, -3], "rotation": [0, 25, 0], "uv": [38, 178]},
						{"origin": [-17.65795, 6.38855, -12.18718], "size": [2, 12, 29], "uv": [101, 24], "mirror": true},
						{"origin": [-18.0113, 15.67607, 46.35959], "size": [36, 1, 1], "inflate": -0.2, "pivot": [0, -3, 0], "rotation": [-7, 0, 0], "uv": [171, 100]}
					]
				},
				{
					"name": "bone1",
					"parent": "body_main",
					"pivot": [0, 9, -9],
					"rotation": [17, 0, 0],
					"cubes": [
						{"origin": [-10, 25.12173, -21.2708], "size": [20, 1, 1], "pivot": [0, 9, -9], "rotation": [-15, 0, 0], "uv": [0, 122]},
						{"origin": [-10, 25.40723, -16.77582], "size": [20, 3, 1], "pivot": [0, 9, -9], "rotation": [-1, 0, 0], "uv": [164, 56]}
					]
				},
				{
					"name": "bone3",
					"parent": "bone1",
					"pivot": [-0.5, 25.625, -15.1875]
				},
				{
					"name": "bone2",
					"parent": "bone1",
					"pivot": [-0.5, 25.625, -15.1875]
				},
				{
					"name": "seat",
					"parent": "body_main",
					"pivot": [-7.5, 11, -13],
					"cubes": [
						{"origin": [-4.5, 18.5, -14.5], "size": [9, 2, 9], "inflate": -0.05, "uv": [0, 138]},
						{"origin": [-10.5, 21.3125, -14.5], "size": [6, 1, 9], "inflate": -0.3, "uv": [67, 99]},
						{"origin": [-10.5, 18.5, -14.5], "size": [6, 3, 9], "uv": [27, 32]},
						{"origin": [-4.5, 20.09163, -9.53719], "size": [9, 11, 2], "pivot": [-7.5, 11, -13], "rotation": [-14, 0, 0], "uv": [0, 43]},
						{"origin": [-10.81947, 29.51784, -4.94327], "size": [1, 3, 2], "pivot": [-8.5, 11, -13], "rotation": [0, 0, 20], "uv": [59, 101]},
						{"origin": [-3.32005, 29.01346, -4.94327], "size": [6.5, 3, 2], "uv": [0, 68]},
						{"origin": [8.78321, 24.43546, -4.94327], "size": [1, 3, 2], "pivot": [-6.5, 11, -13], "rotation": [0, 0, -20], "uv": [84, 81]}
					]
				},
				{
					"name": "seatgp",
					"parent": "seat",
					"pivot": [-7.5, 11, -13],
					"rotation": [-14, 0, 0]
				},
				{
					"name": "seat2",
					"parent": "body_main",
					"pivot": [-7.5, 11, 1],
					"cubes": [
						{"origin": [-4.5, 18.5, -0.5], "size": [9, 2, 9], "inflate": -0.05, "uv": [0, 138]},
						{"origin": [-4.5, 20.09163, 4.46281], "size": [9, 11, 2], "pivot": [-7.5, 11, 1], "rotation": [-14, 0, 0], "uv": [0, 43]},
						{"origin": [-10.81947, 29.51784, 9.05673], "size": [1, 3, 2], "pivot": [-8.5, 11, 1], "rotation": [0, 0, 20], "uv": [59, 101]},
						{"origin": [-3.32005, 29.01346, 9.05673], "size": [6.5, 3, 2], "uv": [0, 68]},
						{"origin": [8.78321, 24.43546, 9.05673], "size": [1, 3, 2], "pivot": [-6.5, 11, 1], "rotation": [0, 0, -20], "uv": [84, 81]}
					]
				},
				{
					"name": "seatgp2",
					"parent": "seat2",
					"pivot": [-7.5, 11, 1],
					"rotation": [-14, 0, 0]
				},
				{
					"name": "steer_main",
					"parent": "body_main",
					"pivot": [0, 10, 3],
					"rotation": [20, 0, 0]
				},
				{
					"name": "steer_wheel",
					"parent": "steer_main",
					"pivot": [0, 32.30871, -11.85278],
					"cubes": [
						{"origin": [1.19175, 31.29931, -12.50395], "size": [3, 1, 1], "inflate": -0.2, "pivot": [-0.125, 26.4375, 3.25], "rotation": [0, 0, -10], "uv": [27, 39], "mirror": true},
						{"origin": [-4.31865, 31.2776, -12.50395], "size": [3, 1, 1], "inflate": -0.2, "pivot": [-0.125, 26.4375, 3.25], "rotation": [0, 0, 10], "uv": [18, 25], "mirror": true},
						{"origin": [-1.09205, 29.52853, -12.62895], "size": [2, 2, 1], "inflate": -0.2, "uv": [31, 7], "mirror": true},
						{"origin": [-1.59205, 31.3627, -12.62513], "size": [3, 1, 1], "uv": [44, 25], "mirror": true},
						{"origin": [2.40795, 30.57128, -12.24642], "size": [1, 3.5, 1], "inflate": -0.1, "uv": [15, 0], "mirror": true},
						{"origin": [-3.31437, 25.09896, -12.24642], "size": [1, 3.5, 1], "inflate": -0.1, "pivot": [0, 26.84896, 3.28866], "rotation": [0, 0, 90], "uv": [15, 0], "mirror": true},
						{"origin": [-3.59205, 30.57128, -12.24642], "size": [1, 3.5, 1], "inflate": -0.1, "uv": [0, 0], "mirror": true},
						{"origin": [-9.06437, 25.09896, -12.24642], "size": [1, 3.5, 1], "inflate": -0.1, "pivot": [0, 26.84896, 3.28866], "rotation": [0, 0, 90], "uv": [0, 0], "mirror": true},
						{"origin": [-7.46157, 21.72944, -12.24642], "size": [1, 2.5, 1], "inflate": -0.1, "pivot": [0, 26.84896, 3.28866], "rotation": [0, 0, 135], "uv": [0, 0], "mirror": true},
						{"origin": [-7.46157, 29.46848, -12.24642], "size": [1, 2.5, 1], "inflate": -0.1, "pivot": [0, 26.84896, 3.28866], "rotation": [0, 0, 45], "uv": [0, 0], "mirror": true},
						{"origin": [-1.46157, 21.72944, -12.24642], "size": [1, 2.5, 1], "inflate": -0.1, "pivot": [0, 26.84896, 3.28866], "rotation": [0, 0, 135], "uv": [15, 0], "mirror": true},
						{"origin": [-1.46157, 29.46848, -12.24642], "size": [1, 2.5, 1], "inflate": -0.1, "pivot": [0, 26.84896, 3.28866], "rotation": [0, 0, 45], "uv": [15, 0], "mirror": true}
					]
				},
				{
					"name": "bone4",
					"parent": "body_main",
					"pivot": [0, 0, 0],
					"cubes": [
						{"origin": [-13.25, 23.51568, -20.7795], "size": [8, 5.5, 1], "inflate": -0.3, "pivot": [-5.5, 26.26568, -20.2795], "rotation": [10, 30, 0], "uv": [27, 96]},
						{"origin": [-9.75, 24.51568, -23.2795], "size": [1, 1, 3], "pivot": [-5.5, 26.26568, -20.2795], "rotation": [10, 30, 0], "uv": [27, 96]},
						{"origin": [5.25, 23.51568, -20.7795], "size": [8, 5.5, 1], "inflate": -0.3, "pivot": [5.5, 26.26568, -20], "rotation": [10, -30, 0], "uv": [27, 96]},
						{"origin": [8.75, 24.76568, -23.2795], "size": [1, 1, 3], "pivot": [5.5, 26.26568, -20], "rotation": [10, -30, 0], "uv": [27, 96]}
					]
				},
				{
					"name": "front_right",
					"pivot": [-11, 5.6875, -20]
				},
				{
					"name": "2",
					"parent": "front_right",
					"pivot": [9, 5.6875, -20],
					"rotation": [25, 0, 0],
					"cubes": [
						{"origin": [-16.05848, 3.2492, -25.65739], "size": [4.76, 4.7, 1.88], "pivot": [9, 5.6875, -20], "rotation": [45, 0, 0], "uv": [104, 25], "mirror": true},
						{"origin": [-16.38, 4.20345, -23.99814], "size": [3.76, 3.055, 1.88], "pivot": [9, 5.6875, -20], "rotation": [45, 0, 0], "uv": [35, 108], "mirror": true},
						{"origin": [-16.05848, 3.41126, -16.15548], "size": [4.76, 4.7, 1.88], "pivot": [9, 5.6875, -20], "rotation": [-90, 0, 0], "uv": [104, 35], "mirror": true},
						{"origin": [-16.05848, 3.3535, -16.11829], "size": [4.76, 4.7, 1.88], "pivot": [9, 5.6875, -20], "rotation": [-45, 0, 0], "uv": [104, 10], "mirror": true},
						{"origin": [-16.05848, 3.28637, -16.13284], "size": [4.76, 4.7, 1.88], "uv": [104, 5], "mirror": true},
						{"origin": [-16.05848, 3.24919, -16.19059], "size": [4.76, 4.7, 1.88], "pivot": [9, 5.6875, -20], "rotation": [45, 0, 0], "uv": [104, 0], "mirror": true},
						{"origin": [-16.38, 4.03727, -18.00421], "size": [3.76, 3.055, 1.88], "pivot": [9, 5.6875, -20], "rotation": [45, 0, 0], "uv": [8, 111], "mirror": true},
						{"origin": [-16.05848, 3.41126, -25.62228], "size": [4.76, 4.7, 1.88], "pivot": [9, 5.6875, -20], "rotation": [-90, 0, 0], "uv": [104, 15], "mirror": true},
						{"origin": [-16.38, 3.90977, -23.73392], "size": [3.76, 3.525, 2.82], "pivot": [9, 5.6875, -20], "rotation": [-90, 0, 0], "uv": [27, 102], "mirror": true},
						{"origin": [-16.38, 3.90977, -18.9435], "size": [3.76, 3.525, 2.82], "pivot": [9, 5.6875, -20], "rotation": [-90, 0, 0], "uv": [47, 101], "mirror": true},
						{"origin": [-16.05848, 3.3535, -25.5851], "size": [4.76, 4.7, 1.88], "pivot": [9, 5.6875, -20], "rotation": [-45, 0, 0], "uv": [104, 40], "mirror": true},
						{"origin": [-16.38, 4.01574, -23.89733], "size": [3.76, 3.055, 1.88], "pivot": [9, 5.6875, -20], "rotation": [-45, 0, 0], "uv": [0, 109], "mirror": true},
						{"origin": [-16.38, 4.18191, -17.9034], "size": [3.76, 3.055, 1.88], "pivot": [9, 5.6875, -20], "rotation": [-45, 0, 0], "uv": [55, 107], "mirror": true},
						{"origin": [-16.05848, 3.28637, -25.59965], "size": [4.76, 4.7, 1.88], "uv": [104, 30], "mirror": true},
						{"origin": [-16.38, 3.97121, -23.93794], "size": [3.76, 3.29, 6.58], "uv": [47, 60], "mirror": true},
						{"origin": [-16.38, 3.97121, -17.97252], "size": [3.76, 3.29, 1.88], "uv": [27, 108], "mirror": true},
						{"origin": [-16.64598, 4.80856, -20.8574], "size": [3.76, 1.88, 1.88], "uv": [27, 51], "mirror": true}
					]
				},
				{
					"name": "front_left",
					"pivot": [11, 5.6875, -20]
				},
				{
					"name": "1",
					"parent": "front_left",
					"pivot": [-9, 5.6875, -20],
					"rotation": [25, 0, 0],
					"cubes": [
						{"origin": [11.29848, 3.2492, -25.65739], "size": [4.76, 4.7, 1.88], "pivot": [-9, 5.6875, -20], "rotation": [45, 0, 0], "uv": [104, 25]},
						{"origin": [12.62, 4.20345, -23.99814], "size": [3.76, 3.055, 1.88], "pivot": [-9, 5.6875, -20], "rotation": [45, 0, 0], "uv": [35, 108]},
						{"origin": [11.29848, 3.41126, -16.15548], "size": [4.76, 4.7, 1.88], "pivot": [-9, 5.6875, -20], "rotation": [-90, 0, 0], "uv": [104, 35]},
						{"origin": [11.29848, 3.3535, -16.11829], "size": [4.76, 4.7, 1.88], "pivot": [-9, 5.6875, -20], "rotation": [-45, 0, 0], "uv": [104, 10]},
						{"origin": [11.29848, 3.28637, -16.13284], "size": [4.76, 4.7, 1.88], "uv": [104, 5]},
						{"origin": [11.29848, 3.24919, -16.19059], "size": [4.76, 4.7, 1.88], "pivot": [-9, 5.6875, -20], "rotation": [45, 0, 0], "uv": [104, 0]},
						{"origin": [12.62, 4.03727, -18.00421], "size": [3.76, 3.055, 1.88], "pivot": [-9, 5.6875, -20], "rotation": [45, 0, 0], "uv": [8, 111]},
						{"origin": [11.29848, 3.41126, -25.62228], "size": [4.76, 4.7, 1.88], "pivot": [-9, 5.6875, -20], "rotation": [-90, 0, 0], "uv": [104, 15]},
						{"origin": [12.62, 3.90977, -23.73392], "size": [3.76, 3.525, 2.82], "pivot": [-9, 5.6875, -20], "rotation": [-90, 0, 0], "uv": [27, 102]},
						{"origin": [12.62, 3.90977, -18.9435], "size": [3.76, 3.525, 2.82], "pivot": [-9, 5.6875, -20], "rotation": [-90, 0, 0], "uv": [47, 101]},
						{"origin": [11.29848, 3.3535, -25.5851], "size": [4.76, 4.7, 1.88], "pivot": [-9, 5.6875, -20], "rotation": [-45, 0, 0], "uv": [104, 40]},
						{"origin": [12.62, 4.01574, -23.89733], "size": [3.76, 3.055, 1.88], "pivot": [-9, 5.6875, -20], "rotation": [-45, 0, 0], "uv": [0, 109]},
						{"origin": [12.62, 4.18191, -17.9034], "size": [3.76, 3.055, 1.88], "pivot": [-9, 5.6875, -20], "rotation": [-45, 0, 0], "uv": [55, 107]},
						{"origin": [11.29848, 3.28637, -25.59965], "size": [4.76, 4.7, 1.88], "uv": [104, 30]},
						{"origin": [12.62, 3.97121, -23.93794], "size": [3.76, 3.29, 6.58], "uv": [47, 60]},
						{"origin": [12.62, 3.97121, -17.97252], "size": [3.76, 3.29, 1.88], "uv": [27, 108]},
						{"origin": [12.88598, 4.80856, -20.8574], "size": [3.76, 1.88, 1.88], "uv": [27, 51]}
					]
				},
				{
					"name": "backwheels_main",
					"pivot": [0, 5.6875, 22.5]
				},
				{
					"name": "3",
					"parent": "backwheels_main",
					"pivot": [9, 5.6875, 22.5],
					"rotation": [25, 0, 0],
					"cubes": [
						{"origin": [-16.05848, 3.2492, 16.84261], "size": [4.76, 4.7, 1.88], "pivot": [9, 5.6875, 22.5], "rotation": [45, 0, 0], "uv": [104, 25], "mirror": true},
						{"origin": [-16.38, 4.20345, 18.50186], "size": [3.76, 3.055, 1.88], "pivot": [9, 5.6875, 22.5], "rotation": [45, 0, 0], "uv": [35, 108], "mirror": true},
						{"origin": [-16.05848, 3.41126, 26.34452], "size": [4.76, 4.7, 1.88], "pivot": [9, 5.6875, 22.5], "rotation": [-90, 0, 0], "uv": [104, 35], "mirror": true},
						{"origin": [-16.05848, 3.3535, 26.38171], "size": [4.76, 4.7, 1.88], "pivot": [9, 5.6875, 22.5], "rotation": [-45, 0, 0], "uv": [104, 10], "mirror": true},
						{"origin": [-16.05848, 3.28637, 26.36716], "size": [4.76, 4.7, 1.88], "uv": [104, 5], "mirror": true},
						{"origin": [-16.05848, 3.24919, 26.30941], "size": [4.76, 4.7, 1.88], "pivot": [9, 5.6875, 22.5], "rotation": [45, 0, 0], "uv": [104, 0], "mirror": true},
						{"origin": [-16.38, 4.03727, 24.49579], "size": [3.76, 3.055, 1.88], "pivot": [9, 5.6875, 22.5], "rotation": [45, 0, 0], "uv": [8, 111], "mirror": true},
						{"origin": [-16.05848, 3.41126, 16.87772], "size": [4.76, 4.7, 1.88], "pivot": [9, 5.6875, 22.5], "rotation": [-90, 0, 0], "uv": [104, 15], "mirror": true},
						{"origin": [-16.38, 3.90977, 18.76608], "size": [3.76, 3.525, 2.82], "pivot": [9, 5.6875, 22.5], "rotation": [-90, 0, 0], "uv": [27, 102], "mirror": true},
						{"origin": [-16.38, 3.90977, 23.5565], "size": [3.76, 3.525, 2.82], "pivot": [9, 5.6875, 22.5], "rotation": [-90, 0, 0], "uv": [47, 101], "mirror": true},
						{"origin": [-16.05848, 3.3535, 16.9149], "size": [4.76, 4.7, 1.88], "pivot": [9, 5.6875, 22.5], "rotation": [-45, 0, 0], "uv": [104, 40], "mirror": true},
						{"origin": [-16.38, 4.01574, 18.60267], "size": [3.76, 3.055, 1.88], "pivot": [9, 5.6875, 22.5], "rotation": [-45, 0, 0], "uv": [0, 109], "mirror": true},
						{"origin": [-16.38, 4.18191, 24.5966], "size": [3.76, 3.055, 1.88], "pivot": [9, 5.6875, 22.5], "rotation": [-45, 0, 0], "uv": [55, 107], "mirror": true},
						{"origin": [-16.05848, 3.28637, 16.90035], "size": [4.76, 4.7, 1.88], "uv": [104, 30], "mirror": true},
						{"origin": [-16.38, 3.97121, 18.56206], "size": [3.76, 3.29, 6.58], "uv": [47, 60], "mirror": true},
						{"origin": [-16.38, 3.97121, 24.52748], "size": [3.76, 3.29, 1.88], "uv": [27, 108], "mirror": true},
						{"origin": [-16.64598, 4.80856, 21.6426], "size": [3.76, 1.88, 1.88], "uv": [27, 51], "mirror": true}
					]
				},
				{
					"name": "4",
					"parent": "backwheels_main",
					"pivot": [-9, 5.6875, 22.5],
					"rotation": [25, 0, 0],
					"cubes": [
						{"origin": [11.29848, 3.2492, 16.84261], "size": [4.76, 4.7, 1.88], "pivot": [-9, 5.6875, 22.5], "rotation": [45, 0, 0], "uv": [104, 25]},
						{"origin": [12.62, 4.20345, 18.50186], "size": [3.76, 3.055, 1.88], "pivot": [-9, 5.6875, 22.5], "rotation": [45, 0, 0], "uv": [35, 108]},
						{"origin": [11.29848, 3.41126, 26.34452], "size": [4.76, 4.7, 1.88], "pivot": [-9, 5.6875, 22.5], "rotation": [-90, 0, 0], "uv": [104, 35]},
						{"origin": [11.29848, 3.3535, 26.38171], "size": [4.76, 4.7, 1.88], "pivot": [-9, 5.6875, 22.5], "rotation": [-45, 0, 0], "uv": [104, 10]},
						{"origin": [11.29848, 3.28637, 26.36716], "size": [4.76, 4.7, 1.88], "uv": [104, 5]},
						{"origin": [11.29848, 3.24919, 26.30941], "size": [4.76, 4.7, 1.88], "pivot": [-9, 5.6875, 22.5], "rotation": [45, 0, 0], "uv": [104, 0]},
						{"origin": [12.62, 4.03727, 24.49579], "size": [3.76, 3.055, 1.88], "pivot": [-9, 5.6875, 22.5], "rotation": [45, 0, 0], "uv": [8, 111]},
						{"origin": [11.29848, 3.41126, 16.87772], "size": [4.76, 4.7, 1.88], "pivot": [-9, 5.6875, 22.5], "rotation": [-90, 0, 0], "uv": [104, 15]},
						{"origin": [12.62, 3.90977, 18.76608], "size": [3.76, 3.525, 2.82], "pivot": [-9, 5.6875, 22.5], "rotation": [-90, 0, 0], "uv": [27, 102]},
						{"origin": [12.62, 3.90977, 23.5565], "size": [3.76, 3.525, 2.82], "pivot": [-9, 5.6875, 22.5], "rotation": [-90, 0, 0], "uv": [47, 101]},
						{"origin": [11.29848, 3.3535, 16.9149], "size": [4.76, 4.7, 1.88], "pivot": [-9, 5.6875, 22.5], "rotation": [-45, 0, 0], "uv": [104, 40]},
						{"origin": [12.62, 4.01574, 18.60267], "size": [3.76, 3.055, 1.88], "pivot": [-9, 5.6875, 22.5], "rotation": [-45, 0, 0], "uv": [0, 109]},
						{"origin": [12.62, 4.18191, 24.5966], "size": [3.76, 3.055, 1.88], "pivot": [-9, 5.6875, 22.5], "rotation": [-45, 0, 0], "uv": [55, 107]},
						{"origin": [11.29848, 3.28637, 16.90035], "size": [4.76, 4.7, 1.88], "uv": [104, 30]},
						{"origin": [12.62, 3.97121, 18.56206], "size": [3.76, 3.29, 6.58], "uv": [47, 60]},
						{"origin": [12.62, 3.97121, 24.52748], "size": [3.76, 3.29, 1.88], "uv": [27, 108]},
						{"origin": [12.88598, 4.80856, 21.6426], "size": [3.76, 1.88, 1.88], "uv": [27, 51]}
					]
				},
				{
					"name": "backwheels_main2",
					"pivot": [0, 5.6875, 37.5]
				},
				{
					"name": "5",
					"parent": "backwheels_main2",
					"pivot": [9, 5.6875, 37.5],
					"rotation": [25, 0, 0],
					"cubes": [
						{"origin": [-16.05848, 3.2492, 31.84261], "size": [4.76, 4.7, 1.88], "pivot": [9, 5.6875, 37.5], "rotation": [45, 0, 0], "uv": [104, 25], "mirror": true},
						{"origin": [-16.38, 4.20345, 33.50186], "size": [3.76, 3.055, 1.88], "pivot": [9, 5.6875, 37.5], "rotation": [45, 0, 0], "uv": [35, 108], "mirror": true},
						{"origin": [-16.05848, 3.41126, 41.34452], "size": [4.76, 4.7, 1.88], "pivot": [9, 5.6875, 37.5], "rotation": [-90, 0, 0], "uv": [104, 35], "mirror": true},
						{"origin": [-16.05848, 3.3535, 41.38171], "size": [4.76, 4.7, 1.88], "pivot": [9, 5.6875, 37.5], "rotation": [-45, 0, 0], "uv": [104, 10], "mirror": true},
						{"origin": [-16.05848, 3.28637, 41.36716], "size": [4.76, 4.7, 1.88], "uv": [104, 5], "mirror": true},
						{"origin": [-16.05848, 3.24919, 41.30941], "size": [4.76, 4.7, 1.88], "pivot": [9, 5.6875, 37.5], "rotation": [45, 0, 0], "uv": [104, 0], "mirror": true},
						{"origin": [-16.38, 4.03727, 39.49579], "size": [3.76, 3.055, 1.88], "pivot": [9, 5.6875, 37.5], "rotation": [45, 0, 0], "uv": [8, 111], "mirror": true},
						{"origin": [-16.05848, 3.41126, 31.87772], "size": [4.76, 4.7, 1.88], "pivot": [9, 5.6875, 37.5], "rotation": [-90, 0, 0], "uv": [104, 15], "mirror": true},
						{"origin": [-16.38, 3.90977, 33.76608], "size": [3.76, 3.525, 2.82], "pivot": [9, 5.6875, 37.5], "rotation": [-90, 0, 0], "uv": [27, 102], "mirror": true},
						{"origin": [-16.38, 3.90977, 38.5565], "size": [3.76, 3.525, 2.82], "pivot": [9, 5.6875, 37.5], "rotation": [-90, 0, 0], "uv": [47, 101], "mirror": true},
						{"origin": [-16.05848, 3.3535, 31.9149], "size": [4.76, 4.7, 1.88], "pivot": [9, 5.6875, 37.5], "rotation": [-45, 0, 0], "uv": [104, 40], "mirror": true},
						{"origin": [-16.38, 4.01574, 33.60267], "size": [3.76, 3.055, 1.88], "pivot": [9, 5.6875, 37.5], "rotation": [-45, 0, 0], "uv": [0, 109], "mirror": true},
						{"origin": [-16.38, 4.18191, 39.5966], "size": [3.76, 3.055, 1.88], "pivot": [9, 5.6875, 37.5], "rotation": [-45, 0, 0], "uv": [55, 107], "mirror": true},
						{"origin": [-16.05848, 3.28637, 31.90035], "size": [4.76, 4.7, 1.88], "uv": [104, 30], "mirror": true},
						{"origin": [-16.38, 3.97121, 33.56206], "size": [3.76, 3.29, 6.58], "uv": [47, 60], "mirror": true},
						{"origin": [-16.38, 3.97121, 39.52748], "size": [3.76, 3.29, 1.88], "uv": [27, 108], "mirror": true},
						{"origin": [-16.64598, 4.80856, 36.6426], "size": [3.76, 1.88, 1.88], "uv": [27, 51], "mirror": true}
					]
				},
				{
					"name": "6",
					"parent": "backwheels_main2",
					"pivot": [-9, 5.6875, 37.5],
					"rotation": [25, 0, 0],
					"cubes": [
						{"origin": [11.29848, 3.2492, 31.84261], "size": [4.76, 4.7, 1.88], "pivot": [-9, 5.6875, 37.5], "rotation": [45, 0, 0], "uv": [104, 25]},
						{"origin": [12.62, 4.20345, 33.50186], "size": [3.76, 3.055, 1.88], "pivot": [-9, 5.6875, 37.5], "rotation": [45, 0, 0], "uv": [35, 108]},
						{"origin": [11.29848, 3.41126, 41.34452], "size": [4.76, 4.7, 1.88], "pivot": [-9, 5.6875, 37.5], "rotation": [-90, 0, 0], "uv": [104, 35]},
						{"origin": [11.29848, 3.3535, 41.38171], "size": [4.76, 4.7, 1.88], "pivot": [-9, 5.6875, 37.5], "rotation": [-45, 0, 0], "uv": [104, 10]},
						{"origin": [11.29848, 3.28637, 41.36716], "size": [4.76, 4.7, 1.88], "uv": [104, 5]},
						{"origin": [11.29848, 3.24919, 41.30941], "size": [4.76, 4.7, 1.88], "pivot": [-9, 5.6875, 37.5], "rotation": [45, 0, 0], "uv": [104, 0]},
						{"origin": [12.62, 4.03727, 39.49579], "size": [3.76, 3.055, 1.88], "pivot": [-9, 5.6875, 37.5], "rotation": [45, 0, 0], "uv": [8, 111]},
						{"origin": [11.29848, 3.41126, 31.87772], "size": [4.76, 4.7, 1.88], "pivot": [-9, 5.6875, 37.5], "rotation": [-90, 0, 0], "uv": [104, 15]},
						{"origin": [12.62, 3.90977, 33.76608], "size": [3.76, 3.525, 2.82], "pivot": [-9, 5.6875, 37.5], "rotation": [-90, 0, 0], "uv": [27, 102]},
						{"origin": [12.62, 3.90977, 38.5565], "size": [3.76, 3.525, 2.82], "pivot": [-9, 5.6875, 37.5], "rotation": [-90, 0, 0], "uv": [47, 101]},
						{"origin": [11.29848, 3.3535, 31.9149], "size": [4.76, 4.7, 1.88], "pivot": [-9, 5.6875, 37.5], "rotation": [-45, 0, 0], "uv": [104, 40]},
						{"origin": [12.62, 4.01574, 33.60267], "size": [3.76, 3.055, 1.88], "pivot": [-9, 5.6875, 37.5], "rotation": [-45, 0, 0], "uv": [0, 109]},
						{"origin": [12.62, 4.18191, 39.5966], "size": [3.76, 3.055, 1.88], "pivot": [-9, 5.6875, 37.5], "rotation": [-45, 0, 0], "uv": [55, 107]},
						{"origin": [11.29848, 3.28637, 31.90035], "size": [4.76, 4.7, 1.88], "uv": [104, 30]},
						{"origin": [12.62, 3.97121, 33.56206], "size": [3.76, 3.29, 6.58], "uv": [47, 60]},
						{"origin": [12.62, 3.97121, 39.52748], "size": [3.76, 3.29, 1.88], "uv": [27, 108]},
						{"origin": [12.88598, 4.80856, 36.6426], "size": [3.76, 1.88, 1.88], "uv": [27, 51]}
					]
				}
			]
		}
	]
}