{
	"format_version": "1.8.0",
	"minecraft:entity": {
		"description": {
			"identifier": "custom:shopping_cart_fill",
			"is_spawnable": true,
			"is_summonable": true,
			"is_experimental": false
		},
		"component_groups": {},
		"components": {
			"minecraft:type_family": {
				"family": [
					"vehicles"
				]
            },
			"minecraft:collision_box": {
                "width": 1,
                "height": 1.25
			},
			"minecraft:scale": {
                "value": 0.9
			},
			"minecraft:push_through": {
				"value": 0
			},
			"minecraft:health": {
				"value": {
					"range_min": 4,
					"range_max": 4
				}
			},
			"minecraft:navigation.walk": {
				"can_float": false
			},
			"minecraft:jump.static": {},
			"minecraft:input_ground_controlled": {},
			"minecraft:nameable": {},
			"minecraft:movement": {
				"value": 0.1
            },
			"minecraft:fall_damage": {
				"value": 0
			},
			"minecraft:is_stackable": {},
			"minecraft:knockback_resistance": {
				"value": 0
			},
			"minecraft:physics": {},
			"minecraft:can_climb": {},
			"minecraft:inventory": {
				"container_type": "container",
				"inventory_size": 27
			},
			"minecraft:movement.basic": {}
		},
		"minecraft:movement.basic": {}
	},
	"events": {}
}
