{
	"format_version": "1.8.0",
	"minecraft:entity": {
		"description": {
			"identifier": "custom:shopping_cart",
			"is_spawnable": true,
			"is_summonable": true,
			"is_experimental": false
		},
		"component_groups": {},
		"components": {
			"minecraft:type_family": {
				"family": [
					"vehicles"
				]
            },
			"minecraft:collision_box": {
                "width": 1,
                "height": 1.25
			},
			"minecraft:scale": {
                "value": 0.9
			},
			"minecraft:push_through": {
				"value": 0
			},
			"minecraft:health": {
				"value": {
					"range_min": 4,
					"range_max": 4
				}
			},
			"minecraft:navigation.walk": {
				"can_float": false
			},
			"minecraft:jump.static": {},
			"minecraft:rideable": {
				"priority": 0,
				"seat_count": 1,
				"crouching_skip_interact": true,
				"family_types": [
					"player"
				],
				"interact_text": "Get in",
				"seats": [
					{
						"position": [
                            0,
                            0.8,
                            -0.2
                        ]
					}
				]
			},
			"minecraft:input_ground_controlled": {},
			"minecraft:nameable": {},
			"minecraft:movement": {
				"value": 0.3
            },
			"minecraft:fall_damage": {
				"value": 0
			},
			"minecraft:is_stackable": {},
			"minecraft:knockback_resistance": {
				"value": 0
			},
			"minecraft:physics": {},
			"minecraft:can_climb": {},
			"minecraft:inventory": {
				"container_type": "container",
				"inventory_size": 27
			},
			"minecraft:movement.basic": {}
		},
		"minecraft:movement.basic": {}
	},
	"events": {}
}
