{
	"format_version": "1.12.0",
	"minecraft:geometry": [
		{
			"description": {
				"identifier": "geometry.custom.model_y_red",
				"texture_width": 256,
				"texture_height": 256,
				"visible_bounds_width": 10,
				"visible_bounds_height": 4.5,
				"visible_bounds_offset": [0, 0.75, 0]
			},
			"bones": [
				{
					"name": "body_main",
					"pivot": [0, 1, 0],
					"rotation": [1, 0, 0]
				},
				{
					"name": "bottom",
					"parent": "body_main",
					"pivot": [0, 1.0349, -1.9997],
					"cubes": [
						{"origin": [-18, 4.0349, -18.9997], "size": [36, 1, 38], "uv": [0, 6]},
						{"origin": [-10, 4.13957, -35.00244], "size": [20, 1, 16], "pivot": [0, 4.0349, -20.9997], "rotation": [-4, 0, 0], "uv": [112, 0]},
						{"origin": [-12, 4.0349, 19.0003], "size": [24, 1, 16], "uv": [0, 47]},
						{"origin": [-12, 4.0349, 35.0003], "size": [24, 1, 5], "pivot": [0, 4.0349, 35.0003], "rotation": [5, 0, 0], "uv": [61, 0]},
						{"origin": [12.12498, 4.53926, 36.78383], "size": [6, 1, 3], "pivot": [12, 4.5349, 40.0003], "rotation": [0, 30, 0], "uv": [0, 17]},
						{"origin": [-18.12498, 4.53926, 36.78383], "size": [6, 1, 3], "pivot": [-12, 4.5349, 40.0003], "rotation": [0, -30, 0], "uv": [0, 17]},
						{"origin": [17.25, 4.5349, 31.0003], "size": [3, 1, 6], "pivot": [17.25, 4.5349, 37.0003], "rotation": [0, 80, 0], "uv": [17, 6]},
						{"origin": [-20.25, 4.5349, 31.0003], "size": [3, 1, 6], "pivot": [-17.25, 4.5349, 37.0003], "rotation": [0, -80, 0], "uv": [17, 6]},
						{"origin": [-8, 5, -41], "size": [16, 1, 7], "uv": [112, 17]},
						{"origin": [-7.125, 5, -41.42262], "size": [14.25, 1, 1], "uv": [110, 42]},
						{"origin": [7.84511, 5, -41.18736], "size": [11, 1, 2], "pivot": [8, 6.0349, -42.9997], "rotation": [0, -25, 0], "uv": [16, 0]},
						{"origin": [8, 5, -36.75], "size": [9, 1, 2], "uv": [16, 3]},
						{"origin": [-17, 5, -36.75], "size": [9, 1, 2], "uv": [16, 3]},
						{"origin": [-12.5, 5, -38.75], "size": [4.5, 1, 2], "uv": [0, 14]},
						{"origin": [8, 5, -38.75], "size": [4.5, 1, 2], "uv": [0, 14]},
						{"origin": [-18.84511, 5, -41.18736], "size": [11, 1, 2], "pivot": [-8, 6.0349, -42.9997], "rotation": [0, 25, 0], "uv": [16, 0]}
					]
				},
				{
					"name": "left_side",
					"parent": "body_main",
					"pivot": [0, 1.0349, -1.9997],
					"cubes": [
						{"origin": [17, 4.2849, -18.9997], "size": [1, 3, 38], "pivot": [18, 4.2849, -18.9997], "rotation": [1, 0, 0], "uv": [152, 0]},
						{"origin": [16, 6.2849, -18.9997], "size": [2, 1, 38], "pivot": [18, 7.2849, -18.9997], "rotation": [1, -0.4, 20], "uv": [152, 0]},
						{"origin": [16.5, 7.2849, -18.9997], "size": [1, 8, 37], "pivot": [17.5, 7.2849, -18.9997], "rotation": [1, 0, 2], "uv": [0, 170]},
						{"origin": [17.03927, 15.66537, -20.99766], "size": [1, 1, 2], "inflate": 0.1, "pivot": [17.39029, 15.32593, -21.82402], "rotation": [0, -20, 30], "uv": [6, 148]},
						{"origin": [16.75, 15.2849, -19.4997], "size": [1, 3, 38], "pivot": [17.75, 15.2849, -19.4997], "rotation": [1, 0, -10], "uv": [83, 114]},
						{"origin": [16.69909, 12.28475, -21.23227], "size": [1, 5.25, 2.25], "pivot": [17.75, 13.5349, -23.2497], "rotation": [0, 3, 0], "uv": [38, 64]}
					]
				},
				{
					"name": "mirror_left",
					"parent": "left_side",
					"pivot": [18.2, 17.54288, -15.73944],
					"cubes": [
						{"origin": [16.88295, 17.5516, -14.92241], "size": [2, 2, 3], "inflate": -0.2, "pivot": [18.2, 17.54288, -15.73944], "rotation": [0, 60, 0], "uv": [14, 149]},
						{"origin": [17.88295, 17.0516, -17.42241], "size": [1, 1, 3], "inflate": -0.2, "pivot": [18.2, 17.54288, -15.73944], "rotation": [0, 60, 0], "uv": [9, 148]},
						{"origin": [16.88295, 17.0516, -14.92241], "size": [2, 1, 3], "inflate": -0.2, "pivot": [18.2, 17.54288, -15.73944], "rotation": [0, 60, 0], "uv": [0, 151]}
					]
				},
				{
					"name": "bone",
					"parent": "left_side",
					"pivot": [0, -0.9648, -2.0346],
					"cubes": [
						{"origin": [16.75, 8.5352, 34.9654], "size": [1, 7, 1], "pivot": [17.75, 3.5352, 33.9654], "rotation": [0, -10, 0], "uv": [0, 83]},
						{"origin": [16.92362, 5.51775, 34.95006], "size": [1, 3, 2], "pivot": [17.75, 3.5352, 33.9654], "rotation": [0, -10, 0], "uv": [0, 83]},
						{"origin": [16.75, 6.5352, 17.9654], "size": [1, 9, 1], "uv": [28, 64]},
						{"origin": [16.75, 5.5352, 33.9654], "size": [1, 10, 1], "uv": [8, 83]}
					]
				},
				{
					"name": "bone5",
					"parent": "bone",
					"pivot": [17.75, 10.5352, 18.9654],
					"cubes": [
						{"origin": [16.75, 13.2852, 17.9654], "size": [1, 8, 1], "pivot": [17.75, 13.2852, 18.9654], "rotation": [-85, 0, 0], "uv": [12, 83]},
						{"origin": [16.75, 14.5352, 17.9654], "size": [1, 15, 1.25], "pivot": [17.75, 14.5352, 18.9654], "rotation": [-90, 0, 0], "uv": [38, 72]},
						{"origin": [16.75, 15.5176, 17.9827], "size": [1, 4, 18], "pivot": [17.75, 15.5349, 18.0003], "rotation": [0, -2, -15], "uv": [70, 119]},
						{"origin": [16.75, 12.0352, 17.9654], "size": [1, 2, 1], "pivot": [17.75, 12.0352, 18.9654], "rotation": [-40, 0, 0], "uv": [24, 64]},
						{"origin": [16.75, 10.5352, 17.9654], "size": [1, 4, 1], "pivot": [17.75, 10.5352, 18.9654], "rotation": [-40, 0, 0], "uv": [32, 70]}
					]
				},
				{
					"name": "bone6",
					"parent": "bone",
					"pivot": [17.25, 10.5352, 33.9654],
					"rotation": [0, 180, 0],
					"cubes": [
						{"origin": [16.75, 13.2852, 32.9654], "size": [1, 8, 1], "pivot": [17.75, 13.2852, 33.9654], "rotation": [-85, 0, 0], "uv": [16, 71]},
						{"origin": [16.75, 12.0352, 32.9654], "size": [1, 2, 1], "pivot": [17.75, 12.0352, 33.9654], "rotation": [-40, 0, 0], "uv": [24, 64]},
						{"origin": [16.75, 10.5352, 32.9654], "size": [1, 4, 1], "pivot": [17.75, 10.5352, 33.9654], "rotation": [-40, 0, 0], "uv": [32, 70]}
					]
				},
				{
					"name": "bone3",
					"parent": "bone",
					"pivot": [17.75, 13.5352, 31.4154],
					"cubes": [
						{"origin": [16.75, 9.5352, 32.9654], "size": [1, 5, 1], "pivot": [17.75, 10.5352, 33.9654], "rotation": [40, 0, 0], "uv": [0, 57]},
						{"origin": [16.75, 13.5352, 30.4154], "size": [1, 5, 1], "pivot": [17.75, 13.5352, 31.4154], "rotation": [75, 0, 0], "uv": [32, 64]}
					]
				},
				{
					"name": "bone4",
					"parent": "bone",
					"pivot": [16.75, 13.5352, 21.4154],
					"rotation": [0, 180, 0],
					"cubes": [
						{"origin": [15.75, 9.5352, 22.9654], "size": [1, 5, 1], "pivot": [16.75, 10.5352, 23.9654], "rotation": [40, 0, 0], "uv": [8, 57]},
						{"origin": [15.75, 13.5352, 20.4154], "size": [1, 5, 1], "pivot": [16.75, 13.5352, 21.4154], "rotation": [75, 0, 0], "uv": [32, 64]}
					]
				},
				{
					"name": "bone19",
					"parent": "left_side",
					"pivot": [7.91766, 4.62267, -7.54928],
					"rotation": [0, 3, 0],
					"cubes": [
						{"origin": [17.25, 9.46454, -18.27649], "size": [1, 7, 1], "pivot": [18.25, 4.46454, -19.27649], "rotation": [0, -10, 0], "uv": [0, 83]},
						{"origin": [17.39316, 6.45145, -18.53993], "size": [1, 6, 7], "pivot": [18.25, 4.46454, -19.27649], "rotation": [0, -5, 0], "uv": [0, 94]}
					]
				},
				{
					"name": "bone20",
					"parent": "bone19",
					"pivot": [18.25, 11.46454, -34.27649],
					"cubes": [
						{"origin": [17.25, 15.21454, -36.27649], "size": [1, 14, 2], "pivot": [18.25, 14.21454, -34.27649], "rotation": [-85, 0, 0], "uv": [42, 99]},
						{"origin": [17.25, 22.46454, -35.27649], "size": [1, 8, 1.25], "pivot": [18.25, 15.46454, -34.27649], "rotation": [-90, 0, 0], "uv": [38, 72]},
						{"origin": [17.25, 12.96454, -35.27649], "size": [1, 2, 1], "pivot": [18.25, 12.96454, -34.27649], "rotation": [-40, 0, 0], "uv": [24, 67]},
						{"origin": [17.25, 11.46454, -36.27649], "size": [1, 4, 2], "pivot": [18.25, 11.46454, -34.27649], "rotation": [-40, 0, 0], "uv": [24, 69]}
					]
				},
				{
					"name": "bone21",
					"parent": "bone19",
					"pivot": [17.75, 11.46454, -19.27649],
					"rotation": [0, 180, 0],
					"cubes": [
						{"origin": [17.25, 14.21454, -20.27649], "size": [1, 8, 1], "pivot": [18.25, 14.21454, -19.27649], "rotation": [-85, 0, 0], "uv": [16, 71]},
						{"origin": [17.25, 12.96454, -20.27649], "size": [1, 2, 1], "pivot": [18.25, 12.96454, -19.27649], "rotation": [-40, 0, 0], "uv": [24, 64]},
						{"origin": [17.25, 10.46454, -20.27649], "size": [1, 5, 1], "pivot": [18.25, 11.46454, -19.27649], "rotation": [-40, 0, 0], "uv": [32, 70]}
					]
				},
				{
					"name": "bone22",
					"parent": "bone19",
					"pivot": [18.25, 14.46454, -21.82649],
					"cubes": [
						{"origin": [17.25, 9.46454, -20.27649], "size": [1, 6, 1], "pivot": [18.25, 11.46454, -19.27649], "rotation": [40, 0, 0], "uv": [0, 56]},
						{"origin": [17.25, 14.46454, -22.82649], "size": [1, 5, 1], "pivot": [18.25, 14.46454, -21.82649], "rotation": [75, 0, 0], "uv": [32, 64]}
					]
				},
				{
					"name": "bone23",
					"parent": "bone19",
					"pivot": [17.25, 14.46454, -31.82649],
					"rotation": [0, 180, 0],
					"cubes": [
						{"origin": [16.25, 10.46454, -30.27649], "size": [1, 5, 1], "pivot": [17.25, 11.46454, -29.27649], "rotation": [40, 0, 0], "uv": [4, 57]},
						{"origin": [16.25, 14.46454, -32.82649], "size": [1, 5, 1], "pivot": [17.25, 14.46454, -31.82649], "rotation": [75, 0, 0], "uv": [32, 64]}
					]
				},
				{
					"name": "right_side",
					"parent": "body_main",
					"pivot": [-34, 1.0349, -1.9997],
					"cubes": [
						{"origin": [-18, 4.2849, -18.9997], "size": [1, 3, 38], "pivot": [-18, 4.2849, -18.9997], "rotation": [1, 0, 0], "uv": [152, 0]},
						{"origin": [-18, 6.2849, -18.9997], "size": [2, 1, 38], "pivot": [-18, 7.2849, -18.9997], "rotation": [1, 0.4, -20], "uv": [152, 0]},
						{"origin": [-17.5, 7.2849, -18.9997], "size": [1, 8, 37], "pivot": [-17.5, 7.2849, -18.9997], "rotation": [1, 0, -2], "uv": [0, 170]},
						{"origin": [-17.75, 15.2849, -19.4997], "size": [1, 3, 38], "pivot": [-17.75, 15.2849, -19.4997], "rotation": [1, 0, 10], "uv": [83, 114]},
						{"origin": [-17.64909, 12.28475, -21.23227], "size": [1, 5.25, 2.25], "pivot": [-16.5, 13.5349, -23.2497], "rotation": [0, -3, 0], "uv": [38, 64]},
						{"origin": [-17.99887, 15.68957, -20.98003], "size": [1, 1, 2], "inflate": 0.1, "pivot": [-17.34988, 15.35013, -21.8064], "rotation": [0, 20, -30], "uv": [0, 148]}
					]
				},
				{
					"name": "mirror_right",
					"parent": "right_side",
					"pivot": [-18.45039, 17.8893, -14.50571],
					"cubes": [
						{"origin": [-18.61705, 17.55596, -15.17237], "size": [2, 2, 3], "inflate": -0.2, "pivot": [-18.3, 17.54724, -15.9894], "rotation": [0, -60, 0], "uv": [7, 152]},
						{"origin": [-18.61705, 17.05596, -17.67237], "size": [1, 1, 3], "inflate": -0.2, "pivot": [-18.3, 17.54724, -15.9894], "rotation": [0, -60, 0], "uv": [9, 148]},
						{"origin": [-18.61705, 17.05596, -15.17237], "size": [2, 1, 3], "inflate": -0.2, "pivot": [-18.3, 17.54724, -15.9894], "rotation": [0, -60, 0], "uv": [0, 151]}
					]
				},
				{
					"name": "bone7",
					"parent": "right_side",
					"pivot": [-34.5, -0.9648, -2.0346],
					"cubes": [
						{"origin": [-17.75, 8.5352, 34.9654], "size": [1, 7, 1], "pivot": [-17.75, 3.5352, 33.9654], "rotation": [0, 10, 0], "uv": [0, 83]},
						{"origin": [-17.75, 5.5352, 34.9654], "size": [1, 3, 2], "pivot": [-17.75, 3.5352, 33.9654], "rotation": [0, 10, 0], "uv": [0, 83]},
						{"origin": [-17.75, 6.5352, 17.9654], "size": [1, 9, 1], "uv": [28, 64]},
						{"origin": [-17.75, 5.5352, 33.9654], "size": [1, 10, 1], "uv": [8, 83]}
					]
				},
				{
					"name": "bone8",
					"parent": "bone7",
					"pivot": [-16.75, 10.5352, 18.9654],
					"cubes": [
						{"origin": [-17.75, 13.2852, 17.9654], "size": [1, 8, 1], "pivot": [-16.75, 13.2852, 18.9654], "rotation": [-85, 0, 0], "uv": [12, 83]},
						{"origin": [-17.75, 14.5352, 17.9654], "size": [1, 15, 1.25], "pivot": [-16.75, 14.5352, 18.9654], "rotation": [-90, 0, 0], "uv": [38, 72]},
						{"origin": [-17.75, 12.0352, 17.9654], "size": [1, 2, 1], "pivot": [-16.75, 12.0352, 18.9654], "rotation": [-40, 0, 0], "uv": [24, 64]},
						{"origin": [-17.75, 10.5352, 17.9654], "size": [1, 4, 1], "pivot": [-16.75, 10.5352, 18.9654], "rotation": [-40, 0, 0], "uv": [32, 70]},
						{"origin": [-17.75, 15.5176, 17.9827], "size": [1, 4, 18], "pivot": [-17.75, 15.5176, 17.9827], "rotation": [0, 2, 15], "uv": [70, 119]}
					]
				},
				{
					"name": "bone9",
					"parent": "bone7",
					"pivot": [-17.25, 10.5352, 33.9654],
					"rotation": [0, 180, 0],
					"cubes": [
						{"origin": [-17.75, 13.2852, 32.9654], "size": [1, 8, 1], "pivot": [-16.75, 13.2852, 33.9654], "rotation": [-85, 0, 0], "uv": [16, 71]},
						{"origin": [-17.75, 12.0352, 32.9654], "size": [1, 2, 1], "pivot": [-16.75, 12.0352, 33.9654], "rotation": [-40, 0, 0], "uv": [24, 64]},
						{"origin": [-17.75, 10.5352, 32.9654], "size": [1, 4, 1], "pivot": [-16.75, 10.5352, 33.9654], "rotation": [-40, 0, 0], "uv": [32, 70]}
					]
				},
				{
					"name": "bone10",
					"parent": "bone7",
					"pivot": [-16.75, 13.5352, 31.4154],
					"cubes": [
						{"origin": [-17.75, 9.5352, 32.9654], "size": [1, 5, 1], "pivot": [-16.75, 10.5352, 33.9654], "rotation": [40, 0, 0], "uv": [0, 57]},
						{"origin": [-17.75, 13.5352, 30.4154], "size": [1, 5, 1], "pivot": [-16.75, 13.5352, 31.4154], "rotation": [75, 0, 0], "uv": [32, 64]}
					]
				},
				{
					"name": "bone12",
					"parent": "bone7",
					"pivot": [-17.75, 13.5352, 21.4154],
					"rotation": [0, 180, 0],
					"cubes": [
						{"origin": [-18.75, 9.5352, 22.9654], "size": [1, 5, 1], "pivot": [-17.75, 10.5352, 23.9654], "rotation": [40, 0, 0], "uv": [0, 57]},
						{"origin": [-18.75, 13.5352, 20.4154], "size": [1, 5, 1], "pivot": [-17.75, 13.5352, 21.4154], "rotation": [75, 0, 0], "uv": [32, 64]}
					]
				},
				{
					"name": "bone24",
					"parent": "right_side",
					"pivot": [-29.55947, 3.75345, -6.46925],
					"rotation": [0, -3, 0],
					"cubes": [
						{"origin": [-18.45, 6.47327, -19.80704], "size": [1, 6, 7], "pivot": [-17.25, 4.48199, -20.27634], "rotation": [0, 5, 0], "uv": [0, 94]}
					]
				},
				{
					"name": "bone25",
					"parent": "bone24",
					"pivot": [-17.25, 11.48199, -35.27634],
					"cubes": [
						{"origin": [-18.25, 15.23199, -37.27634], "size": [1, 14, 2], "pivot": [-17.25, 14.23199, -35.27634], "rotation": [-85, 0, 0], "uv": [42, 99]},
						{"origin": [-18.25, 22.48199, -36.27634], "size": [1, 8, 1.25], "pivot": [-17.25, 15.48199, -35.27634], "rotation": [-90, 0, 0], "uv": [38, 72]},
						{"origin": [-18.25, 12.98199, -36.27634], "size": [1, 2, 1], "pivot": [-17.25, 12.98199, -35.27634], "rotation": [-40, 0, 0], "uv": [24, 67]},
						{"origin": [-18.25, 11.48199, -37.27634], "size": [1, 4, 2], "pivot": [-17.25, 11.48199, -35.27634], "rotation": [-40, 0, 0], "uv": [24, 69]}
					]
				},
				{
					"name": "bone26",
					"parent": "bone24",
					"pivot": [-17.75, 11.48199, -20.27634],
					"rotation": [0, 180, 0],
					"cubes": [
						{"origin": [-18.25, 14.23199, -21.27634], "size": [1, 8, 1], "pivot": [-17.25, 14.23199, -20.27634], "rotation": [-85, 0, 0], "uv": [16, 71]},
						{"origin": [-18.25, 12.98199, -21.27634], "size": [1, 2, 1], "pivot": [-17.25, 12.98199, -20.27634], "rotation": [-40, 0, 0], "uv": [24, 64]},
						{"origin": [-18.25, 10.48199, -21.27634], "size": [1, 5, 1], "pivot": [-17.25, 11.48199, -20.27634], "rotation": [-40, 0, 0], "uv": [32, 70]}
					]
				},
				{
					"name": "bone27",
					"parent": "bone24",
					"pivot": [-17.25, 14.48199, -22.82634],
					"cubes": [
						{"origin": [-18.25, 9.48199, -21.27634], "size": [1, 6, 1], "pivot": [-17.25, 11.48199, -20.27634], "rotation": [40, 0, 0], "uv": [0, 56]},
						{"origin": [-18.25, 14.48199, -23.82634], "size": [1, 5, 1], "pivot": [-17.25, 14.48199, -22.82634], "rotation": [75, 0, 0], "uv": [32, 64]}
					]
				},
				{
					"name": "bone28",
					"parent": "bone24",
					"pivot": [-18.25, 14.48199, -32.82634],
					"rotation": [0, 180, 0],
					"cubes": [
						{"origin": [-19.25, 10.48199, -31.27634], "size": [1, 5, 1], "pivot": [-18.25, 11.48199, -30.27634], "rotation": [40, 0, 0], "uv": [4, 57]},
						{"origin": [-19.25, 14.48199, -33.82634], "size": [1, 5, 1], "pivot": [-18.25, 14.48199, -32.82634], "rotation": [75, 0, 0], "uv": [32, 64]}
					]
				},
				{
					"name": "interior",
					"parent": "body_main",
					"pivot": [0, 1.98239, 1.01729],
					"cubes": [
						{"origin": [9, 6, -36], "size": [7, 7, 1], "uv": [0, 71]},
						{"origin": [10, 5, -19], "size": [7, 11, 1], "uv": [12, 32]},
						{"origin": [-17, 16.98239, -16.48271], "size": [34, 2, 5], "pivot": [13.5, 18.98239, -15.48271], "rotation": [-7, 0, 0], "uv": [103, 47]},
						{"origin": [-16.5, 17.48239, -11.48271], "size": [33, 1, 3], "pivot": [13, 18.48239, -11.48271], "rotation": [-65, 0, 0], "uv": [0, 159]},
						{"origin": [8.5, 18.48239, -10.48271], "size": [2, 2, 1], "pivot": [13, 18.48239, -11.48271], "rotation": [-65, 0, 0], "uv": [0, 116]},
						{"origin": [-16.5, 14.73239, -10.23271], "size": [33, 1, 6], "pivot": [13, 15.73239, -10.23271], "rotation": [-145, 0, 0], "uv": [0, 163]},
						{"origin": [-16.5, 5.7193, -15.48282], "size": [33, 11, 1], "uv": [188, 41]},
						{"origin": [-4, 19.4716, -14.10031], "size": [8, 1, 5.5], "inflate": -0.3, "pivot": [-1, 18.48239, -11.73271], "rotation": [-65, 0, 0], "uv": [0, 21]},
						{"origin": [-0.5, 18.15648, -11.40393], "size": [1, 2, 1], "pivot": [-1, 18.48239, -11.73271], "rotation": [-65, 0, 0], "uv": [0, 21]},
						{"origin": [-2.5, 15.48239, -11.73271], "size": [5, 1, 9], "inflate": -0.1, "pivot": [-1, 16.48239, -11.73271], "rotation": [-65, 0, 0], "uv": [213, 9]},
						{"origin": [-2.5, 5.98239, -15.23271], "size": [5, 3, 18], "uv": [204, 0]},
						{"origin": [-2.5, 8.73239, -6.23271], "size": [5, 1, 9], "inflate": -0.25, "uv": [41, 108]},
						{"origin": [-17, 5.03054, 18.25026], "size": [34, 13, 1], "uv": [138, 65]},
						{"origin": [-12, 5.01745, 19.00015], "size": [1, 11, 15], "uv": [106, 58]},
						{"origin": [11, 5.01745, 19.00015], "size": [1, 11, 15], "uv": [106, 58]},
						{"origin": [-17.22762, 5.53482, 34.05473], "size": [6, 10, 1], "pivot": [-17.75, 11.48239, 37.01729], "rotation": [0, 10, 0], "uv": [0, 45]},
						{"origin": [11.22762, 5.53482, 34.05473], "size": [6, 10, 1], "pivot": [17.75, 11.48239, 37.01729], "rotation": [0, -10, 0], "uv": [0, 45]},
						{"origin": [-17, 5, -19], "size": [7, 11, 1], "uv": [0, 71]},
						{"origin": [-16, 6, -36], "size": [7, 7, 1], "uv": [0, 71]},
						{"origin": [-10, 5.93142, -35.929], "size": [1, 8, 18], "pivot": [-10, 6.98239, -34.98271], "rotation": [-4, 0, 0], "uv": [83, 47]},
						{"origin": [9, 5.93142, -35.929], "size": [1, 8, 18], "pivot": [9, 6.98239, -34.98271], "rotation": [-4, 0, 0], "uv": [83, 47]},
						{"origin": [-10, 11.15604, -34.96751], "size": [1, 4, 17], "pivot": [-10, 6.98239, -34.98271], "rotation": [9, 0, 0], "uv": [84, 52]},
						{"origin": [9, 11.15604, -34.96751], "size": [1, 4, 17], "pivot": [9, 6.98239, -34.98271], "rotation": [9, 0, 0], "uv": [84, 52]}
					]
				},
				{
					"name": "steer_wheel",
					"parent": "interior",
					"pivot": [9.5, 17.72845, -9.28074],
					"rotation": [-65, 0, 0],
					"cubes": [
						{"origin": [7, 17.72845, -10.28074], "size": [5, 1, 1], "inflate": -0.1, "uv": [0, 119]},
						{"origin": [8, 17.72845, -12.28074], "size": [3, 1, 1], "uv": [11, 118]},
						{"origin": [8.5, 17.72845, -12.53074], "size": [2, 1, 1], "pivot": [9.5, 18.22845, -9.28074], "rotation": [0, -45, 0], "uv": [22, 116]},
						{"origin": [8.5, 17.72845, -12.53074], "size": [2, 1, 1], "pivot": [9.5, 18.22845, -9.28074], "rotation": [0, -135, 0], "uv": [22, 116]},
						{"origin": [8.5, 17.72845, -12.53074], "size": [2, 1, 1], "pivot": [9.5, 18.22845, -9.28074], "rotation": [0, 135, 0], "uv": [22, 116]},
						{"origin": [8.5, 17.72845, -12.53074], "size": [2, 1, 1], "pivot": [9.5, 18.22845, -9.28074], "rotation": [0, 45, 0], "uv": [22, 116]},
						{"origin": [8, 17.72845, -7.28074], "size": [3, 1, 1], "uv": [12, 116]},
						{"origin": [11.5, 17.72845, -10.78074], "size": [1, 1, 3], "uv": [17, 117]},
						{"origin": [6.5, 17.72845, -10.78074], "size": [1, 1, 3], "uv": [17, 117]},
						{"origin": [8.5, 17.72845, -9.53074], "size": [2, 1, 1], "inflate": -0.1, "uv": [6, 116]}
					]
				},
				{
					"name": "seat1",
					"parent": "interior",
					"pivot": [5, 11.20279, 0.07068],
					"cubes": [
						{"origin": [14, 8.20279, 0.07068], "size": [1, 9, 2], "pivot": [15, 11.20279, 0.07068], "rotation": [-10, 0, 0], "uv": [181, 23]},
						{"origin": [4, 6.98239, -8.73271], "size": [10, 2, 9], "uv": [42, 74]},
						{"origin": [6, 5.98239, -6.73271], "size": [6, 1, 8], "uv": [194, 0]},
						{"origin": [4, 6.98239, 0.26729], "size": [10, 14, 2], "pivot": [9, 8.98239, 0.26729], "rotation": [-10, 0, 0], "uv": [0, 132]},
						{"origin": [12, 20.45279, 2.32068], "size": [2, 3, 2], "pivot": [14, 20.45279, 2.32068], "rotation": [0, 0, -30], "uv": [155, 19]},
						{"origin": [4, 20.45279, 2.32068], "size": [2, 3, 2], "pivot": [4, 20.45279, 2.32068], "rotation": [0, 0, 30], "uv": [155, 19]},
						{"origin": [5.5, 20.45279, 2.32068], "size": [7, 2.75, 2], "uv": [152, 34]},
						{"origin": [6.5, 21.20279, 2.07068], "size": [5, 4, 2], "uv": [163, 18]},
						{"origin": [3, 8.20279, 0.07068], "size": [1, 9, 2], "pivot": [4, 11.20279, 0.07068], "rotation": [-10, 0, 0], "uv": [175, 23]}
					]
				},
				{
					"name": "seat2",
					"parent": "interior",
					"pivot": [-13, 11.20279, 0.07068],
					"cubes": [
						{"origin": [-4, 8.20279, 0.07068], "size": [1, 9, 2], "pivot": [-3, 11.20279, 0.07068], "rotation": [-10, 0, 0], "uv": [181, 23]},
						{"origin": [-14, 6.98239, -8.73271], "size": [10, 2, 9], "uv": [42, 74]},
						{"origin": [-12, 5.98239, -6.73271], "size": [6, 1, 8], "uv": [194, 0]},
						{"origin": [-14, 6.98239, 0.26729], "size": [10, 14, 2], "pivot": [-9, 8.98239, 0.26729], "rotation": [-10, 0, 0], "uv": [0, 132]},
						{"origin": [-6, 20.45279, 2.32068], "size": [2, 3, 2], "pivot": [-4, 20.45279, 2.32068], "rotation": [0, 0, -30], "uv": [155, 19]},
						{"origin": [-14, 20.45279, 2.32068], "size": [2, 3, 2], "pivot": [-14, 20.45279, 2.32068], "rotation": [0, 0, 30], "uv": [155, 19]},
						{"origin": [-12.5, 20.45279, 2.32068], "size": [7, 2.75, 2], "uv": [152, 34]},
						{"origin": [-11.5, 21.20279, 2.07068], "size": [5, 4, 2], "uv": [163, 18]},
						{"origin": [-15, 8.20279, 0.07068], "size": [1, 9, 2], "pivot": [-14, 11.20279, 0.07068], "rotation": [-10, 0, 0], "uv": [175, 23]}
					]
				},
				{
					"name": "backseat",
					"parent": "interior",
					"pivot": [-12, 10.92355, 16.06824],
					"cubes": [
						{"origin": [13, 7.92355, 16.06824], "size": [1, 9, 2], "pivot": [-2, 10.92355, 16.06824], "rotation": [-10, 0, 0], "uv": [181, 23]},
						{"origin": [-13, 6.70315, 7.26485], "size": [26, 2, 9], "uv": [123, 54]},
						{"origin": [-11, 5.70315, 9.26485], "size": [22, 1, 8], "uv": [184, 53]},
						{"origin": [-13, 6.70315, 16.26485], "size": [26, 14, 2], "pivot": [-8, 8.70315, 16.26485], "rotation": [-10, 0, 0], "uv": [194, 21]},
						{"origin": [-14, 7.92355, 16.06824], "size": [1, 9, 2], "pivot": [-13, 10.92355, 16.06824], "rotation": [-10, 0, 0], "uv": [175, 23]}
					]
				},
				{
					"name": "bone13",
					"parent": "backseat",
					"pivot": [-3, 20.17355, 18.31824],
					"cubes": [
						{"origin": [-10.5, 19.9237, 18.05079], "size": [5, 4, 2], "uv": [163, 18]},
						{"origin": [-2, 19.9237, 18.05079], "size": [4, 2, 2], "uv": [177, 17]},
						{"origin": [-11.5, 20.17355, 18.31824], "size": [7, 2.75, 2], "uv": [152, 34]},
						{"origin": [-13, 20.17355, 18.31824], "size": [2, 3, 2], "pivot": [-13, 20.17355, 18.31824], "rotation": [0, 0, 30], "uv": [155, 19]},
						{"origin": [-5, 20.17355, 18.31824], "size": [2, 3, 2], "pivot": [-3, 20.17355, 18.31824], "rotation": [0, 0, -30], "uv": [155, 19]}
					]
				},
				{
					"name": "bone14",
					"parent": "backseat",
					"pivot": [13, 20.17355, 18.31824],
					"cubes": [
						{"origin": [5.5, 19.9237, 18.05079], "size": [5, 4, 2], "uv": [163, 18]},
						{"origin": [4.5, 20.17355, 18.31824], "size": [7, 2.75, 2], "uv": [152, 34]},
						{"origin": [3, 20.17355, 18.31824], "size": [2, 3, 2], "pivot": [3, 20.17355, 18.31824], "rotation": [0, 0, 30], "uv": [155, 19]},
						{"origin": [11, 20.17355, 18.31824], "size": [2, 3, 2], "pivot": [13, 20.17355, 18.31824], "rotation": [0, 0, -30], "uv": [155, 19]}
					]
				},
				{
					"name": "tail",
					"parent": "body_main",
					"pivot": [0, 1.0349, -1.9997],
					"cubes": [
						{"origin": [-13.5, 4.47442, 38.72947], "size": [27, 4, 1], "pivot": [0.17048, 4.53493, 39.97204], "rotation": [-15, 0, 0], "uv": [98, 102]},
						{"origin": [12.28848, 4.77296, 39.00495], "size": [5, 4, 1], "pivot": [12.51073, 4.55235, 39.13104], "rotation": [-15, 40, 0], "uv": [15, 14]},
						{"origin": [14.57887, 8.58593, 39.57889], "size": [5, 10, 1], "pivot": [13.3192, 8.3986, 41.65009], "rotation": [7, 40, 0], "uv": [83, 47]},
						{"origin": [-19.57887, 8.58593, 39.57889], "size": [5, 10, 1], "pivot": [-13.3192, 8.3986, 41.65009], "rotation": [7, -40, 0], "uv": [64, 47]},
						{"origin": [-13.5, 8.42407, 38.76003], "size": [27, 10, 1], "pivot": [0, 10.2849, 40.7503], "rotation": [7, 0, 0], "uv": [180, 80]},
						{"origin": [-9.75, 15.30104, 38.36268], "size": [19.5, 1, 1], "uv": [38, 97]},
						{"origin": [-13.58403, 15.2939, 38.95414], "size": [4, 3, 1], "pivot": [-12.08403, 14.24712, 40.34687], "rotation": [5, 0, 0], "uv": [74, 99]},
						{"origin": [-17.89751, 15.2557, 39.72597], "size": [4, 3, 1], "pivot": [-12.5, 15.73269, 40.74665], "rotation": [5, -40, 0], "uv": [88, 94]},
						{"origin": [9.58252, 15.33052, 38.95234], "size": [4, 3, 1], "pivot": [12.08252, 14.28374, 40.34507], "rotation": [5, 0, 0], "uv": [74, 103]},
						{"origin": [13.89751, 15.29237, 39.7268], "size": [4, 3, 1], "pivot": [12.5, 15.73269, 40.74665], "rotation": [5, 40, 0], "uv": [88, 102]},
						{"origin": [-17.55474, 4.6052, 38.46221], "size": [5, 4, 1], "pivot": [-13.41978, 4.55235, 39.21439], "rotation": [-15, -40, 0], "uv": [11, 95]}
					]
				},
				{
					"name": "roof",
					"parent": "body_main",
					"pivot": [0, 2.03475, -1.98225],
					"cubes": [
						{"origin": [-11, 18.0841, 13.30399], "size": [22, 1, 26], "pivot": [0, 19.03475, 39.26775], "rotation": [-22, 0, 0], "uv": [0, 132]},
						{"origin": [-11, 18.0841, 18.30399], "size": [22, 1, 8], "pivot": [0, 19.0841, 18.30399], "rotation": [40, 0, 0], "uv": [61, 111]},
						{"origin": [11.59501, 16.00328, 22.38408], "size": [1, 10, 1], "pivot": [12.73071, 22.6876, 22.02928], "rotation": [-40, 0, -45], "uv": [42, 72]},
						{"origin": [-14.08208, 15.93721, 21.10143], "size": [1, 10, 1], "pivot": [-13.58208, 20.93721, 21.60143], "rotation": [-40, 0, 45], "uv": [46, 72]},
						{"origin": [-11, 28.95999, 2.83909], "size": [22, 1, 12.25], "pivot": [0, 27.96365, 1.94372], "rotation": [-5, 0, 0], "uv": [88, 87]},
						{"origin": [11.69585, 26.52152, -9.61287], "size": [2, 1, 13], "pivot": [10.5049, 26.86126, -5.84196], "rotation": [15, -17, 0], "uv": [195, 66]},
						{"origin": [11.98257, 16.79109, 5.17438], "size": [1, 14, 2], "pivot": [13.0871, 23.98392, 0.57967], "rotation": [-14, 0, -27], "uv": [168, 0]},
						{"origin": [-10.13073, 5.33796, 8.02997], "size": [1, 14, 2], "pivot": [13.0871, 23.98392, 0.57967], "rotation": [-14, 0, 27], "uv": [174, 0]},
						{"origin": [-13.70197, 26.39808, -8.71623], "size": [2, 1, 13], "pivot": [-13.56979, 26.86999, -5.40485], "rotation": [15, 17, 0], "uv": [146, 79]},
						{"origin": [11.55761, 27.98322, -20.85551], "size": [2, 1, 14], "pivot": [14.23332, 25.46049, -4.31033], "rotation": [40, -15, 0], "uv": [212, 62]},
						{"origin": [-13.68481, 28.03982, -21.97723], "size": [2, 1, 14], "pivot": [-9.96496, 25.46283, -5.36374], "rotation": [40, 15, 0], "uv": [162, 79]}
					]
				},
				{
					"name": "bone15",
					"parent": "roof",
					"pivot": [0, 19.0841, 18.30399],
					"cubes": [
						{"origin": [11, 18.0841, 18.30399], "size": [1, 1, 6.25], "pivot": [0, 19.0841, 18.30399], "rotation": [40, 0, 0], "uv": [69, 111]},
						{"origin": [12, 18.0841, 18.30399], "size": [1, 1, 5], "pivot": [0, 19.0841, 18.30399], "rotation": [40, 0, 0], "uv": [69, 111]},
						{"origin": [13, 18.0841, 18.30399], "size": [1, 1, 3.25], "pivot": [0, 19.0841, 18.30399], "rotation": [40, 0, 0], "uv": [69, 111]},
						{"origin": [14, 18.0841, 18.30399], "size": [1, 1, 1.75], "pivot": [0, 19.0841, 18.30399], "rotation": [40, 0, 0], "uv": [69, 111]}
					]
				},
				{
					"name": "bone16",
					"parent": "roof",
					"pivot": [-26, 19.0841, 18.30399],
					"cubes": [
						{"origin": [-12, 18.0841, 18.30399], "size": [1, 1, 6.25], "pivot": [-26, 19.0841, 18.30399], "rotation": [40, 0, 0], "uv": [69, 111]},
						{"origin": [-13, 18.0841, 18.30399], "size": [1, 1, 5], "pivot": [-26, 19.0841, 18.30399], "rotation": [40, 0, 0], "uv": [69, 111]},
						{"origin": [-14, 18.0841, 18.30399], "size": [1, 1, 3.25], "pivot": [-26, 19.0841, 18.30399], "rotation": [40, 0, 0], "uv": [69, 111]},
						{"origin": [-15, 18.0841, 18.30399], "size": [1, 1, 1.75], "pivot": [-26, 19.0841, 18.30399], "rotation": [40, 0, 0], "uv": [69, 111]}
					]
				},
				{
					"name": "bone17",
					"parent": "roof",
					"pivot": [15.60572, 19.57427, 19.88515],
					"cubes": [
						{"origin": [12.94455, 17.49985, 24.3886], "size": [1, 8, 2], "pivot": [13.50719, 20.96475, 23.13435], "rotation": [0, 0, -60], "uv": [83, 73]},
						{"origin": [10.81981, 18.27764, 30.86375], "size": [6, 1, 8], "pivot": [10.81981, 18.82127, 38.86413], "rotation": [-14, 15, 25], "uv": [40, 123]},
						{"origin": [8.32888, 18.29073, 33.44642], "size": [6, 1, 4], "pivot": [12.81981, 18.81254, 32.86406], "rotation": [0, 30, 0], "uv": [45, 118]},
						{"origin": [14.07888, 18.29509, 29.19646], "size": [2, 1, 7], "uv": [60, 120]},
						{"origin": [10.01078, 18.94906, 26.45295], "size": [7, 1, 5], "pivot": [15.57318, 20.74756, 28.25057], "rotation": [-15, 0, 28], "uv": [48, 64]},
						{"origin": [12.97478, 17.49985, 23.38891], "size": [1, 6, 1], "pivot": [13.50719, 20.96475, 23.13435], "rotation": [0, 0, -60], "uv": [88, 87]},
						{"origin": [12.98989, 17.49985, 22.38906], "size": [1, 5, 1], "pivot": [13.50719, 20.96475, 23.13435], "rotation": [0, 0, -60], "uv": [88, 87]},
						{"origin": [13.00501, 17.49985, 21.38921], "size": [1, 4, 1], "pivot": [13.50719, 20.96475, 23.13435], "rotation": [0, 0, -60], "uv": [88, 87]},
						{"origin": [14.43946, 18.43165, 20.385], "size": [1, 3, 1], "pivot": [15.17435, 20.01714, 20.88936], "rotation": [0, 0, -65], "uv": [88, 87]},
						{"origin": [14.86427, 18.50958, 19.38079], "size": [1, 2, 1], "pivot": [15.60572, 19.57427, 19.88515], "rotation": [0, 0, -75], "uv": [88, 87]}
					]
				},
				{
					"name": "bone18",
					"parent": "roof",
					"pivot": [-9.89428, 19.57427, 19.88515],
					"cubes": [
						{"origin": [-13.11571, 16.96337, 24.3886], "size": [1, 8, 2], "pivot": [-12.49071, 21.17988, 25.3886], "rotation": [0, 0, 60], "uv": [83, 73]},
						{"origin": [-13.13083, 16.9721, 23.38875], "size": [1, 6, 1], "pivot": [-12.49071, 21.17988, 25.3886], "rotation": [0, 0, 60], "uv": [92, 87]},
						{"origin": [-13.14594, 16.98082, 22.38891], "size": [1, 5, 1], "pivot": [-12.49071, 21.17988, 25.3886], "rotation": [0, 0, 60], "uv": [92, 87]},
						{"origin": [-13.16106, 16.98955, 21.38906], "size": [1, 4, 1], "pivot": [-12.49071, 21.17988, 25.3886], "rotation": [0, 0, 60], "uv": [92, 87]},
						{"origin": [-15.03489, 18.16747, 20.38485], "size": [1, 3, 1], "pivot": [-14.65578, 19.99969, 20.88921], "rotation": [0, 0, 65], "uv": [92, 87]},
						{"origin": [-15.1706, 18.39627, 19.38064], "size": [1, 2, 1], "pivot": [-15.08879, 19.76714, 19.88936], "rotation": [0, 0, 75], "uv": [92, 87]},
						{"origin": [-16.43104, 19.21126, 31.11447], "size": [6, 1, 8], "pivot": [-8.68019, 18.82127, 38.86413], "rotation": [-14, -15, -25], "uv": [40, 123]},
						{"origin": [-15.68019, 18.29073, 33.84592], "size": [6, 1, 4], "pivot": [-12.68019, 18.79073, 35.84592], "rotation": [0, -30, 0], "uv": [45, 118]},
						{"origin": [-15.92112, 18.29509, 29.19646], "size": [2, 1, 7], "uv": [60, 120]},
						{"origin": [-17.06231, 18.72044, 26.5127], "size": [7, 1, 5], "pivot": [-15.92682, 20.74756, 28.25057], "rotation": [-15, 0, -28], "uv": [48, 64]}
					]
				},
				{
					"name": "face",
					"parent": "body_main",
					"pivot": [0, 1.99985, 0.01745],
					"cubes": [
						{"origin": [-7, 5.71058, -40.67398], "size": [14, 2, 1], "uv": [49, 70]},
						{"origin": [-7, 5.71494, -40.92395], "size": [1, 2, 1], "uv": [0, 2]},
						{"origin": [-6.1243, 6.01993, -40.92395], "size": [1, 3, 1], "pivot": [-6.5, 7.71479, -40.4065], "rotation": [0, 0, 25], "uv": [0, 7]},
						{"origin": [6, 5.71494, -40.92395], "size": [1, 2, 1], "uv": [0, 2]},
						{"origin": [5.1243, 6.01993, -40.92395], "size": [1, 3, 1], "pivot": [6.5, 7.71479, -40.4065], "rotation": [0, 0, -25], "uv": [0, 7]},
						{"origin": [-8, 7.719, -41.139], "size": [16, 5, 1], "uv": [41, 87]},
						{"origin": [-17, 18.12858, -30.75322], "size": [34, 1, 14], "pivot": [-16, 21.10396, -16.44035], "rotation": [8, 0, 0], "uv": [160, 94]},
						{"origin": [7, 13.86174, -37.16864], "size": [10, 2, 2], "pivot": [17, 15.86174, -35.16864], "rotation": [35, 0, 0], "uv": [103, 54]},
						{"origin": [7, 14.86174, -38.16864], "size": [7, 1, 1], "pivot": [17, 15.86174, -35.16864], "rotation": [35, 0, 0], "uv": [103, 58]},
						{"origin": [-14, 14.86174, -38.16864], "size": [7, 1, 1], "pivot": [17, 15.86174, -35.16864], "rotation": [35, 0, 0], "uv": [103, 63]},
						{"origin": [7, 14.86174, -39.16864], "size": [5, 1, 1], "pivot": [17, 15.86174, -35.16864], "rotation": [35, 0, 0], "uv": [103, 60]},
						{"origin": [-12, 14.86174, -39.16864], "size": [5, 1, 1], "pivot": [17, 15.86174, -35.16864], "rotation": [35, 0, 0], "uv": [103, 60]},
						{"origin": [7, 14.86174, -40.16864], "size": [3, 1, 1], "pivot": [17, 15.86174, -35.16864], "rotation": [35, 0, 0], "uv": [103, 62]},
						{"origin": [-10, 14.86174, -40.16864], "size": [3, 1, 1], "pivot": [17, 15.86174, -35.16864], "rotation": [35, 0, 0], "uv": [103, 62]},
						{"origin": [-17, 13.86174, -37.16864], "size": [10, 2, 2], "pivot": [17, 15.86174, -35.16864], "rotation": [35, 0, 0], "uv": [144, 94]},
						{"origin": [-17, 16.15584, -35.33901], "size": [34, 1, 5], "pivot": [-16, 17.15584, -30.33901], "rotation": [15, 0, 0], "uv": [178, 109]},
						{"origin": [-8, 14.86174, -41.16864], "size": [16, 1, 6], "pivot": [-8, 15.86174, -35.16864], "rotation": [30, 0, 0], "uv": [113, 107]},
						{"origin": [-17.99154, 7.719, -41.13681], "size": [10, 5, 1], "pivot": [-8, 10.71885, -41.12155], "rotation": [0, 29, 0], "uv": [16, 108]},
						{"origin": [-18.03729, 11.9931, -40.81026], "size": [10, 1, 1], "pivot": [-8, 12.71885, -41.12155], "rotation": [-5, 27, 6], "uv": [22, 99]},
						{"origin": [-18.50168, 12.52032, -39.95641], "size": [10, 1, 1], "pivot": [-8, 12.71885, -41.12155], "rotation": [-15, 27, 11], "uv": [22, 99]},
						{"origin": [6.73774, 7.719, -36.28872], "size": [10, 5, 1], "pivot": [16.7462, 10.71885, -36.27346], "rotation": [0, -29, 0], "uv": [16, 102]},
						{"origin": [8.09516, 11.97864, -40.83569], "size": [10, 1, 1], "pivot": [8, 12.71885, -41.12156], "rotation": [-5, -27, -6], "uv": [0, 30]},
						{"origin": [8.54611, 12.03935, -39.94521], "size": [10, 1, 1], "pivot": [8, 12.71885, -41.12156], "rotation": [-5, -27, -11], "uv": [0, 30]},
						{"origin": [-16.88698, 5.71494, -40.89889], "size": [10, 2, 1], "pivot": [-7, 7.21043, -40.65653], "rotation": [0, 25, 0], "uv": [0, 67]},
						{"origin": [-16.89, 5.60586, -36.75], "size": [1, 7, 2], "uv": [27, 13]},
						{"origin": [15.89, 5.60586, -36.75], "size": [1, 7, 2], "uv": [27, 13]},
						{"origin": [5.39951, 5.71494, -46.83351], "size": [10, 2, 1], "pivot": [-7.1284, 7.27587, -40.26907], "rotation": [0, -25, 0], "uv": [0, 64]}
					]
				},
				{
					"name": "brakes_right",
					"pivot": [-15, 1, -26],
					"rotation": [0, 180, 0]
				},
				{
					"name": "brakes4",
					"parent": "brakes_right",
					"pivot": [-14.5, 7, -25],
					"rotation": [180, 0, 0],
					"cubes": [
						{"origin": [-15, 6.75, -21.75], "size": [1, 3, 1], "pivot": [-13.5, 6.75, -21.25], "rotation": [20, 0, 0], "uv": [7, 0]},
						{"origin": [-15, 7.25, -21.75], "size": [1, 3, 1], "pivot": [-13.5, 7.25, -21.25], "rotation": [160, 0, 0], "uv": [7, 0]}
					]
				},
				{
					"name": "bone48",
					"parent": "brakes_right",
					"pivot": [-14, 1, -72],
					"cubes": [
						{"origin": [-15.5, 5.5, -28.5], "size": [1, 3, 7], "uv": [7, 0]},
						{"origin": [-15.5, 5.5, -28.5], "size": [1, 3, 7], "pivot": [-14.5, 7, -25], "rotation": [-45, 0, 0], "uv": [7, 0]},
						{"origin": [-15.5, 5.5, -28.5], "size": [1, 3, 7], "pivot": [-14.5, 7, -25], "rotation": [-90, 0, 0], "uv": [7, 0]},
						{"origin": [-15.5, 5.5, -28.5], "size": [1, 3, 7], "pivot": [-14.5, 7, -25], "rotation": [-135, 0, 0], "uv": [7, 0]}
					]
				},
				{
					"name": "brakes_left",
					"pivot": [15, 1, -24]
				},
				{
					"name": "brakes",
					"parent": "brakes_left",
					"pivot": [15.5, 7.25, -20.25],
					"cubes": [
						{"origin": [15, 6.75, -23.75], "size": [1, 3, 1], "pivot": [16, 6.75, -23.25], "rotation": [20, 0, 0], "uv": [7, 0]},
						{"origin": [15, 7.25, -23.75], "size": [1, 3, 1], "pivot": [16, 7.25, -23.25], "rotation": [160, 0, 0], "uv": [7, 0]}
					]
				},
				{
					"name": "bone11",
					"parent": "brakes_left",
					"pivot": [15, 1, -24],
					"cubes": [
						{"origin": [14.5, 5.5, -30.5], "size": [1, 3, 7], "uv": [7, 0]},
						{"origin": [14.5, 5.5, -30.5], "size": [1, 3, 7], "pivot": [15, 7, -27], "rotation": [-45, 0, 0], "uv": [7, 0]},
						{"origin": [14.5, 5.5, -30.5], "size": [1, 3, 7], "pivot": [15, 7, -27], "rotation": [-90, 0, 0], "uv": [7, 0]},
						{"origin": [14.5, 5.5, -30.5], "size": [1, 3, 7], "pivot": [15, 7, -27], "rotation": [-135, 0, 0], "uv": [7, 0]}
					]
				},
				{
					"name": "wheel_left",
					"pivot": [15.25, 7, -27],
					"rotation": [-15, 0, 0]
				},
				{
					"name": "bone57",
					"parent": "wheel_left",
					"pivot": [14.75, 1, -27]
				},
				{
					"name": "wheel19",
					"parent": "bone57",
					"pivot": [14.75, 7, -27],
					"cubes": [
						{"origin": [13.25, 0.5, -29.75], "size": [4, 1.25, 5.5], "uv": [43, 0]},
						{"origin": [13.25, 12.25, -29.75], "size": [4, 1.25, 5.5], "uv": [43, 0]}
					]
				},
				{
					"name": "wheel20",
					"parent": "bone57",
					"pivot": [14.75, 7, -27],
					"rotation": [-45, 0, 0],
					"cubes": [
						{"origin": [13.25, 0.5, -29.75], "size": [4, 1.25, 5.5], "uv": [43, 0]},
						{"origin": [13.25, 12.25, -29.75], "size": [4, 1.25, 5.5], "uv": [43, 0]}
					]
				},
				{
					"name": "wheel21",
					"parent": "bone57",
					"pivot": [14.75, 7, -27],
					"rotation": [-90, 0, 0],
					"cubes": [
						{"origin": [13.25, 0.5, -29.75], "size": [4, 1.25, 5.5], "uv": [43, 0]},
						{"origin": [13.25, 12.25, -29.75], "size": [4, 1.25, 5.5], "uv": [43, 0]}
					]
				},
				{
					"name": "wheel22",
					"parent": "bone57",
					"pivot": [14.75, 7, -27],
					"rotation": [-135, 0, 0],
					"cubes": [
						{"origin": [13.25, 0.5, -29.75], "size": [4, 1.25, 5.5], "uv": [43, 0]},
						{"origin": [13.25, 12.25, -29.75], "size": [4, 1.25, 5.5], "uv": [43, 0]}
					]
				},
				{
					"name": "bone58",
					"parent": "wheel_left",
					"pivot": [17, 7, -27],
					"cubes": [
						{"origin": [15.9, 6.375, -27.625], "size": [1, 1.25, 1.25], "uv": [0, 0]}
					]
				},
				{
					"name": "bone59",
					"parent": "bone58",
					"pivot": [17, 7, -27],
					"cubes": [
						{"origin": [16.15, 6.5, -26.5], "size": [1, 1, 5.25], "uv": [0, 8]}
					]
				},
				{
					"name": "bone60",
					"parent": "bone58",
					"pivot": [17, 7, -27],
					"rotation": [-51, 0, 0],
					"cubes": [
						{"origin": [16.15, 6.5, -26.5], "size": [1, 1, 5.25], "uv": [0, 8]}
					]
				},
				{
					"name": "bone61",
					"parent": "bone58",
					"pivot": [17, 7, -27],
					"rotation": [-102, 0, 0],
					"cubes": [
						{"origin": [16.15, 6.5, -26.5], "size": [1, 1, 5.25], "uv": [0, 8]}
					]
				},
				{
					"name": "bone62",
					"parent": "bone58",
					"pivot": [17, 7, -27],
					"rotation": [-154, 0, 0],
					"cubes": [
						{"origin": [16.15, 6.5, -26.5], "size": [1, 1, 5.25], "uv": [0, 8]}
					]
				},
				{
					"name": "bone63",
					"parent": "bone58",
					"pivot": [17, 7, -27],
					"rotation": [154, 0, 0],
					"cubes": [
						{"origin": [16.15, 6.5, -26.5], "size": [1, 1, 5.25], "uv": [0, 8]}
					]
				},
				{
					"name": "bone29",
					"parent": "bone58",
					"pivot": [17, 7, -27],
					"rotation": [102, 0, 0],
					"cubes": [
						{"origin": [16.15, 6.5, -26.5], "size": [1, 1, 5.25], "uv": [0, 8]}
					]
				},
				{
					"name": "bone30",
					"parent": "bone58",
					"pivot": [17, 7, -27],
					"rotation": [51, 0, 0],
					"cubes": [
						{"origin": [16.15, 6.5, -26.5], "size": [1, 1, 5.25], "uv": [0, 8]}
					]
				},
				{
					"name": "bone37",
					"parent": "wheel_left",
					"pivot": [16.75, 7, -27]
				},
				{
					"name": "bone38",
					"parent": "bone37",
					"pivot": [16.75, 7, -27],
					"cubes": [
						{"origin": [15.9, 7.5, -26.5], "size": [1, 1, 5.25], "uv": [0, 201]}
					]
				},
				{
					"name": "bone39",
					"parent": "bone37",
					"pivot": [16.75, 7, -27],
					"rotation": [-51, 0, 0],
					"cubes": [
						{"origin": [15.9, 7.5, -26.5], "size": [1, 1, 5.25], "uv": [0, 201]}
					]
				},
				{
					"name": "bone40",
					"parent": "bone37",
					"pivot": [16.75, 7, -27],
					"rotation": [-102, 0, 0],
					"cubes": [
						{"origin": [15.9, 7.5, -26.5], "size": [1, 1, 5.25], "uv": [0, 201]}
					]
				},
				{
					"name": "bone41",
					"parent": "bone37",
					"pivot": [16.75, 7, -27],
					"rotation": [-154, 0, 0],
					"cubes": [
						{"origin": [15.9, 7.5, -26.5], "size": [1, 1, 5.25], "uv": [0, 201]}
					]
				},
				{
					"name": "bone42",
					"parent": "bone37",
					"pivot": [16.75, 7, -27],
					"rotation": [154, 0, 0],
					"cubes": [
						{"origin": [15.9, 7.5, -26.5], "size": [1, 1, 5.25], "uv": [0, 201]}
					]
				},
				{
					"name": "bone50",
					"parent": "bone37",
					"pivot": [16.75, 7, -27],
					"rotation": [102, 0, 0],
					"cubes": [
						{"origin": [15.9, 7.5, -26.5], "size": [1, 1, 5.25], "uv": [0, 201]}
					]
				},
				{
					"name": "bone51",
					"parent": "bone37",
					"pivot": [16.75, 7, -27],
					"rotation": [51, 0, 0],
					"cubes": [
						{"origin": [15.9, 7.5, -26.5], "size": [1, 1, 5.25], "uv": [0, 201]}
					]
				},
				{
					"name": "brakes_back2",
					"pivot": [15, 1, 29.5]
				},
				{
					"name": "brakes5",
					"parent": "brakes_back2",
					"pivot": [15.5, 7.25, 33.25],
					"cubes": [
						{"origin": [15, 6.75, 29.75], "size": [1, 3, 1], "pivot": [16, 6.75, 30.25], "rotation": [20, 0, 0], "uv": [7, 0]},
						{"origin": [15, 7.25, 29.75], "size": [1, 3, 1], "pivot": [16, 7.25, 30.25], "rotation": [160, 0, 0], "uv": [7, 0]}
					]
				},
				{
					"name": "bone78",
					"parent": "brakes_back2",
					"pivot": [15, 1, 29.5],
					"cubes": [
						{"origin": [14.5, 5.5, 23], "size": [1, 3, 7], "uv": [7, 0]},
						{"origin": [14.5, 5.5, 23], "size": [1, 3, 7], "pivot": [15, 7, 26.5], "rotation": [-45, 0, 0], "uv": [7, 0]},
						{"origin": [14.5, 5.5, 23], "size": [1, 3, 7], "pivot": [15, 7, 26.5], "rotation": [-90, 0, 0], "uv": [7, 0]},
						{"origin": [14.5, 5.5, 23], "size": [1, 3, 7], "pivot": [15, 7, 26.5], "rotation": [-135, 0, 0], "uv": [7, 0]}
					]
				},
				{
					"name": "wheel_right",
					"pivot": [-15.25, 7, -27],
					"rotation": [15, 180, 0]
				},
				{
					"name": "bone96",
					"parent": "wheel_right",
					"pivot": [-15.75, 1, -27]
				},
				{
					"name": "wheel31",
					"parent": "bone96",
					"pivot": [-15.75, 7, -27],
					"cubes": [
						{"origin": [-17.25, 0.5, -29.75], "size": [4, 1.25, 5.5], "uv": [43, 0]},
						{"origin": [-17.25, 12.25, -29.75], "size": [4, 1.25, 5.5], "uv": [43, 0]}
					]
				},
				{
					"name": "wheel32",
					"parent": "bone96",
					"pivot": [-15.75, 7, -27],
					"rotation": [-45, 0, 0],
					"cubes": [
						{"origin": [-17.25, 0.5, -29.75], "size": [4, 1.25, 5.5], "uv": [43, 0]},
						{"origin": [-17.25, 12.25, -29.75], "size": [4, 1.25, 5.5], "uv": [43, 0]}
					]
				},
				{
					"name": "wheel33",
					"parent": "bone96",
					"pivot": [-15.75, 7, -27],
					"rotation": [-90, 0, 0],
					"cubes": [
						{"origin": [-17.25, 0.5, -29.75], "size": [4, 1.25, 5.5], "uv": [43, 0]},
						{"origin": [-17.25, 12.25, -29.75], "size": [4, 1.25, 5.5], "uv": [43, 0]}
					]
				},
				{
					"name": "wheel34",
					"parent": "bone96",
					"pivot": [-15.75, 7, -27],
					"rotation": [-135, 0, 0],
					"cubes": [
						{"origin": [-17.25, 0.5, -29.75], "size": [4, 1.25, 5.5], "uv": [43, 0]},
						{"origin": [-17.25, 12.25, -29.75], "size": [4, 1.25, 5.5], "uv": [43, 0]}
					]
				},
				{
					"name": "bone97",
					"parent": "wheel_right",
					"pivot": [-13.5, 1, -27],
					"cubes": [
						{"origin": [-14.6, 6.375, -27.625], "size": [1, 1.25, 1.25], "uv": [0, 0]}
					]
				},
				{
					"name": "bone98",
					"parent": "bone97",
					"pivot": [-13.5, 7, -27],
					"cubes": [
						{"origin": [-14.35, 6.5, -26.5], "size": [1, 1, 5.25], "uv": [0, 8]}
					]
				},
				{
					"name": "bone99",
					"parent": "bone97",
					"pivot": [-13.5, 7, -27],
					"rotation": [-51, 0, 0],
					"cubes": [
						{"origin": [-14.35, 6.5, -26.5], "size": [1, 1, 5.25], "uv": [0, 8]}
					]
				},
				{
					"name": "bone100",
					"parent": "bone97",
					"pivot": [-13.5, 7, -27],
					"rotation": [-102, 0, 0],
					"cubes": [
						{"origin": [-14.35, 6.5, -26.5], "size": [1, 1, 5.25], "uv": [0, 8]}
					]
				},
				{
					"name": "bone101",
					"parent": "bone97",
					"pivot": [-13.5, 7, -27],
					"rotation": [-154, 0, 0],
					"cubes": [
						{"origin": [-14.35, 6.5, -26.5], "size": [1, 1, 5.25], "uv": [0, 8]}
					]
				},
				{
					"name": "bone102",
					"parent": "bone97",
					"pivot": [-13.5, 7, -27],
					"rotation": [154, 0, 0],
					"cubes": [
						{"origin": [-14.35, 6.5, -26.5], "size": [1, 1, 5.25], "uv": [0, 8]}
					]
				},
				{
					"name": "bone35",
					"parent": "bone97",
					"pivot": [-13.5, 7, -27],
					"rotation": [102, 0, 0],
					"cubes": [
						{"origin": [-14.35, 6.5, -26.5], "size": [1, 1, 5.25], "uv": [0, 8]}
					]
				},
				{
					"name": "bone36",
					"parent": "bone97",
					"pivot": [-13.5, 7, -27],
					"rotation": [51, 0, 0],
					"cubes": [
						{"origin": [-14.35, 6.5, -26.5], "size": [1, 1, 5.25], "uv": [0, 8]}
					]
				},
				{
					"name": "bone52",
					"parent": "wheel_right",
					"pivot": [-13.75, 7, -27]
				},
				{
					"name": "bone53",
					"parent": "bone52",
					"pivot": [-13.75, 7, -27],
					"cubes": [
						{"origin": [-14.6, 5.5, -26.5], "size": [1, 1, 5.25], "uv": [0, 201]}
					]
				},
				{
					"name": "bone54",
					"parent": "bone52",
					"pivot": [-13.75, 7, -27],
					"rotation": [-51, 0, 0],
					"cubes": [
						{"origin": [-14.6, 5.5, -26.5], "size": [1, 1, 5.25], "uv": [0, 201]}
					]
				},
				{
					"name": "bone55",
					"parent": "bone52",
					"pivot": [-13.75, 7, -27],
					"rotation": [-102, 0, 0],
					"cubes": [
						{"origin": [-14.6, 5.5, -26.5], "size": [1, 1, 5.25], "uv": [0, 201]}
					]
				},
				{
					"name": "bone56",
					"parent": "bone52",
					"pivot": [-13.75, 7, -27],
					"rotation": [-154, 0, 0],
					"cubes": [
						{"origin": [-14.6, 5.5, -26.5], "size": [1, 1, 5.25], "uv": [0, 201]}
					]
				},
				{
					"name": "bone64",
					"parent": "bone52",
					"pivot": [-13.75, 7, -27],
					"rotation": [154, 0, 0],
					"cubes": [
						{"origin": [-14.6, 5.5, -26.5], "size": [1, 1, 5.25], "uv": [0, 201]}
					]
				},
				{
					"name": "bone65",
					"parent": "bone52",
					"pivot": [-13.75, 7, -27],
					"rotation": [102, 0, 0],
					"cubes": [
						{"origin": [-14.6, 5.5, -26.5], "size": [1, 1, 5.25], "uv": [0, 201]}
					]
				},
				{
					"name": "bone66",
					"parent": "bone52",
					"pivot": [-13.75, 7, -27],
					"rotation": [51, 0, 0],
					"cubes": [
						{"origin": [-14.6, 5.5, -26.5], "size": [1, 1, 5.25], "uv": [0, 201]}
					]
				},
				{
					"name": "backwheels",
					"pivot": [0, 7, 26.5]
				},
				{
					"name": "wheel_back1",
					"parent": "backwheels",
					"pivot": [15.25, 7, 26.5],
					"rotation": [-15, 0, 0]
				},
				{
					"name": "bone2",
					"parent": "wheel_back1",
					"pivot": [14.75, 1, 26.5]
				},
				{
					"name": "wheel23",
					"parent": "bone2",
					"pivot": [14.75, 7, 26.5],
					"cubes": [
						{"origin": [13.25, 0.5, 23.75], "size": [4, 1.25, 5.5], "uv": [43, 0]},
						{"origin": [13.25, 12.25, 23.75], "size": [4, 1.25, 5.5], "uv": [43, 0]}
					]
				},
				{
					"name": "wheel24",
					"parent": "bone2",
					"pivot": [14.75, 7, 26.5],
					"rotation": [-45, 0, 0],
					"cubes": [
						{"origin": [13.25, 0.5, 23.75], "size": [4, 1.25, 5.5], "uv": [43, 0]},
						{"origin": [13.25, 12.25, 23.75], "size": [4, 1.25, 5.5], "uv": [43, 0]}
					]
				},
				{
					"name": "wheel25",
					"parent": "bone2",
					"pivot": [14.75, 7, 26.5],
					"rotation": [-90, 0, 0],
					"cubes": [
						{"origin": [13.25, 0.5, 23.75], "size": [4, 1.25, 5.5], "uv": [43, 0]},
						{"origin": [13.25, 12.25, 23.75], "size": [4, 1.25, 5.5], "uv": [43, 0]}
					]
				},
				{
					"name": "wheel26",
					"parent": "bone2",
					"pivot": [14.75, 7, 26.5],
					"rotation": [-135, 0, 0],
					"cubes": [
						{"origin": [13.25, 0.5, 23.75], "size": [4, 1.25, 5.5], "uv": [43, 0]},
						{"origin": [13.25, 12.25, 23.75], "size": [4, 1.25, 5.5], "uv": [43, 0]}
					]
				},
				{
					"name": "bone43",
					"parent": "wheel_back1",
					"pivot": [17, 1, 26.5],
					"cubes": [
						{"origin": [15.9, 6.375, 25.875], "size": [1, 1.25, 1.25], "uv": [0, 0]}
					]
				},
				{
					"name": "bone44",
					"parent": "bone43",
					"pivot": [17, 7, 26.5],
					"cubes": [
						{"origin": [16.15, 6.5, 27], "size": [1, 1, 5.25], "uv": [0, 8]}
					]
				},
				{
					"name": "bone45",
					"parent": "bone43",
					"pivot": [17, 7, 26.5],
					"rotation": [-51, 0, 0],
					"cubes": [
						{"origin": [16.15, 6.5, 27], "size": [1, 1, 5.25], "uv": [0, 8]}
					]
				},
				{
					"name": "bone46",
					"parent": "bone43",
					"pivot": [17, 7, 26.5],
					"rotation": [-102, 0, 0],
					"cubes": [
						{"origin": [16.15, 6.5, 27], "size": [1, 1, 5.25], "uv": [0, 8]}
					]
				},
				{
					"name": "bone47",
					"parent": "bone43",
					"pivot": [17, 7, 26.5],
					"rotation": [-154, 0, 0],
					"cubes": [
						{"origin": [16.15, 6.5, 27], "size": [1, 1, 5.25], "uv": [0, 8]}
					]
				},
				{
					"name": "bone49",
					"parent": "bone43",
					"pivot": [17, 7, 26.5],
					"rotation": [154, 0, 0],
					"cubes": [
						{"origin": [16.15, 6.5, 27], "size": [1, 1, 5.25], "uv": [0, 8]}
					]
				},
				{
					"name": "bone31",
					"parent": "bone43",
					"pivot": [17, 7, 26.5],
					"rotation": [102, 0, 0],
					"cubes": [
						{"origin": [16.15, 6.5, 27], "size": [1, 1, 5.25], "uv": [0, 8]}
					]
				},
				{
					"name": "bone32",
					"parent": "bone43",
					"pivot": [17, 7, 26.5],
					"rotation": [51, 0, 0],
					"cubes": [
						{"origin": [16.15, 6.5, 27], "size": [1, 1, 5.25], "uv": [0, 8]}
					]
				},
				{
					"name": "bone75",
					"parent": "wheel_back1",
					"pivot": [16.75, 7, 26.5]
				},
				{
					"name": "bone76",
					"parent": "bone75",
					"pivot": [16.75, 7, 26.5],
					"cubes": [
						{"origin": [15.9, 7.5, 27], "size": [1, 1, 5.25], "uv": [0, 201]}
					]
				},
				{
					"name": "bone77",
					"parent": "bone75",
					"pivot": [16.75, 7, 26.5],
					"rotation": [-51, 0, 0],
					"cubes": [
						{"origin": [15.9, 7.5, 27], "size": [1, 1, 5.25], "uv": [0, 201]}
					]
				},
				{
					"name": "bone86",
					"parent": "bone75",
					"pivot": [16.75, 7, 26.5],
					"rotation": [-102, 0, 0],
					"cubes": [
						{"origin": [15.9, 7.5, 27], "size": [1, 1, 5.25], "uv": [0, 201]}
					]
				},
				{
					"name": "bone87",
					"parent": "bone75",
					"pivot": [16.75, 7, 26.5],
					"rotation": [-154, 0, 0],
					"cubes": [
						{"origin": [15.9, 7.5, 27], "size": [1, 1, 5.25], "uv": [0, 201]}
					]
				},
				{
					"name": "bone88",
					"parent": "bone75",
					"pivot": [16.75, 7, 26.5],
					"rotation": [154, 0, 0],
					"cubes": [
						{"origin": [15.9, 7.5, 27], "size": [1, 1, 5.25], "uv": [0, 201]}
					]
				},
				{
					"name": "bone89",
					"parent": "bone75",
					"pivot": [16.75, 7, 26.5],
					"rotation": [102, 0, 0],
					"cubes": [
						{"origin": [15.9, 7.5, 27], "size": [1, 1, 5.25], "uv": [0, 201]}
					]
				},
				{
					"name": "bone90",
					"parent": "bone75",
					"pivot": [16.75, 7, 26.5],
					"rotation": [51, 0, 0],
					"cubes": [
						{"origin": [15.9, 7.5, 27], "size": [1, 1, 5.25], "uv": [0, 201]}
					]
				},
				{
					"name": "wheel_back2",
					"parent": "backwheels",
					"pivot": [-15.25, 7, 26.5],
					"rotation": [15, 180, 0]
				},
				{
					"name": "bone79",
					"parent": "wheel_back2",
					"pivot": [-15.75, 1, 26.5]
				},
				{
					"name": "wheel27",
					"parent": "bone79",
					"pivot": [-15.75, 7, 26.5],
					"cubes": [
						{"origin": [-17.25, 0.5, 23.75], "size": [4, 1.25, 5.5], "uv": [43, 0]},
						{"origin": [-17.25, 12.25, 23.75], "size": [4, 1.25, 5.5], "uv": [43, 0]}
					]
				},
				{
					"name": "wheel28",
					"parent": "bone79",
					"pivot": [-15.75, 7, 26.5],
					"rotation": [-45, 0, 0],
					"cubes": [
						{"origin": [-17.25, 0.5, 23.75], "size": [4, 1.25, 5.5], "uv": [43, 0]},
						{"origin": [-17.25, 12.25, 23.75], "size": [4, 1.25, 5.5], "uv": [43, 0]}
					]
				},
				{
					"name": "wheel29",
					"parent": "bone79",
					"pivot": [-15.75, 7, 26.5],
					"rotation": [-90, 0, 0],
					"cubes": [
						{"origin": [-17.25, 0.5, 23.75], "size": [4, 1.25, 5.5], "uv": [43, 0]},
						{"origin": [-17.25, 12.25, 23.75], "size": [4, 1.25, 5.5], "uv": [43, 0]}
					]
				},
				{
					"name": "wheel30",
					"parent": "bone79",
					"pivot": [-15.75, 7, 26.5],
					"rotation": [-135, 0, 0],
					"cubes": [
						{"origin": [-17.25, 0.5, 23.75], "size": [4, 1.25, 5.5], "uv": [43, 0]},
						{"origin": [-17.25, 12.25, 23.75], "size": [4, 1.25, 5.5], "uv": [43, 0]}
					]
				},
				{
					"name": "bone80",
					"parent": "wheel_back2",
					"pivot": [-13.5, 1, 26.5],
					"cubes": [
						{"origin": [-14.6, 6.375, 25.875], "size": [1, 1.25, 1.25], "uv": [0, 0]}
					]
				},
				{
					"name": "bone81",
					"parent": "bone80",
					"pivot": [-13.5, 7, 26.5],
					"cubes": [
						{"origin": [-14.35, 6.5, 27], "size": [1, 1, 5.25], "uv": [0, 8]}
					]
				},
				{
					"name": "bone82",
					"parent": "bone80",
					"pivot": [-13.5, 7, 26.5],
					"rotation": [-51, 0, 0],
					"cubes": [
						{"origin": [-14.35, 6.5, 27], "size": [1, 1, 5.25], "uv": [0, 8]}
					]
				},
				{
					"name": "bone83",
					"parent": "bone80",
					"pivot": [-13.5, 7, 26.5],
					"rotation": [-102, 0, 0],
					"cubes": [
						{"origin": [-14.35, 6.5, 27], "size": [1, 1, 5.25], "uv": [0, 8]}
					]
				},
				{
					"name": "bone84",
					"parent": "bone80",
					"pivot": [-13.5, 7, 26.5],
					"rotation": [-154, 0, 0],
					"cubes": [
						{"origin": [-14.35, 6.5, 27], "size": [1, 1, 5.25], "uv": [0, 8]}
					]
				},
				{
					"name": "bone85",
					"parent": "bone80",
					"pivot": [-13.5, 7, 26.5],
					"rotation": [154, 0, 0],
					"cubes": [
						{"origin": [-14.35, 6.5, 27], "size": [1, 1, 5.25], "uv": [0, 8]}
					]
				},
				{
					"name": "bone33",
					"parent": "bone80",
					"pivot": [-13.5, 7, 26.5],
					"rotation": [102, 0, 0],
					"cubes": [
						{"origin": [-14.35, 6.5, 27], "size": [1, 1, 5.25], "uv": [0, 8]}
					]
				},
				{
					"name": "bone34",
					"parent": "bone80",
					"pivot": [-13.5, 7, 26.5],
					"rotation": [51, 0, 0],
					"cubes": [
						{"origin": [-14.35, 6.5, 27], "size": [1, 1, 5.25], "uv": [0, 8]}
					]
				},
				{
					"name": "bone67",
					"parent": "wheel_back2",
					"pivot": [-13.75, 7, 26.5]
				},
				{
					"name": "bone68",
					"parent": "bone67",
					"pivot": [-13.75, 7, 26.5],
					"cubes": [
						{"origin": [-14.6, 5.5, 27], "size": [1, 1, 5.25], "uv": [0, 201]}
					]
				},
				{
					"name": "bone69",
					"parent": "bone67",
					"pivot": [-13.75, 7, 26.5],
					"rotation": [-51, 0, 0],
					"cubes": [
						{"origin": [-14.6, 5.5, 27], "size": [1, 1, 5.25], "uv": [0, 201]}
					]
				},
				{
					"name": "bone70",
					"parent": "bone67",
					"pivot": [-13.75, 7, 26.5],
					"rotation": [-102, 0, 0],
					"cubes": [
						{"origin": [-14.6, 5.5, 27], "size": [1, 1, 5.25], "uv": [0, 201]}
					]
				},
				{
					"name": "bone71",
					"parent": "bone67",
					"pivot": [-13.75, 7, 26.5],
					"rotation": [-154, 0, 0],
					"cubes": [
						{"origin": [-14.6, 5.5, 27], "size": [1, 1, 5.25], "uv": [0, 201]}
					]
				},
				{
					"name": "bone72",
					"parent": "bone67",
					"pivot": [-13.75, 7, 26.5],
					"rotation": [154, 0, 0],
					"cubes": [
						{"origin": [-14.6, 5.5, 27], "size": [1, 1, 5.25], "uv": [0, 201]}
					]
				},
				{
					"name": "bone73",
					"parent": "bone67",
					"pivot": [-13.75, 7, 26.5],
					"rotation": [102, 0, 0],
					"cubes": [
						{"origin": [-14.6, 5.5, 27], "size": [1, 1, 5.25], "uv": [0, 201]}
					]
				},
				{
					"name": "bone74",
					"parent": "bone67",
					"pivot": [-13.75, 7, 26.5],
					"rotation": [51, 0, 0],
					"cubes": [
						{"origin": [-14.6, 5.5, 27], "size": [1, 1, 5.25], "uv": [0, 201]}
					]
				},
				{
					"name": "brakes_back1",
					"pivot": [-15, 1, 27.5],
					"rotation": [0, 180, 0]
				},
				{
					"name": "brakes6",
					"parent": "brakes_back1",
					"pivot": [-14.5, 7, 28.5],
					"rotation": [180, 0, 0],
					"cubes": [
						{"origin": [-15, 6.75, 31.75], "size": [1, 3, 1], "pivot": [-13.5, 6.75, 32.25], "rotation": [20, 0, 0], "uv": [7, 0]},
						{"origin": [-15, 7.25, 31.75], "size": [1, 3, 1], "pivot": [-13.5, 7.25, 32.25], "rotation": [160, 0, 0], "uv": [7, 0]}
					]
				},
				{
					"name": "bone113",
					"parent": "brakes_back1",
					"pivot": [-14, 1, -18.5],
					"cubes": [
						{"origin": [-15.5, 5.5, 25], "size": [1, 3, 7], "uv": [7, 0]},
						{"origin": [-15.5, 5.5, 25], "size": [1, 3, 7], "pivot": [-14.5, 7, 28.5], "rotation": [-45, 0, 0], "uv": [7, 0]},
						{"origin": [-15.5, 5.5, 25], "size": [1, 3, 7], "pivot": [-14.5, 7, 28.5], "rotation": [-90, 0, 0], "uv": [7, 0]},
						{"origin": [-15.5, 5.5, 25], "size": [1, 3, 7], "pivot": [-14.5, 7, 28.5], "rotation": [-135, 0, 0], "uv": [7, 0]}
					]
				}
			]
		}
	]
}