{
	"format_version": "1.8.0",
	"minecraft:entity": {
		"description": {
			"identifier": "custom:kivik",
			"is_spawnable": true,
			"is_summonable": true,
			"is_experimental": false
		},
		"component_groups": {},
		"components": {
			"minecraft:type_family": {
				"family": [
					"furnitures"
				]
            },
			"minecraft:collision_box": {
                "width": 0.5,
                "height": 0.5
			},
			"minecraft:scale": {
				"value": 1
			},
			"minecraft:push_through": {
				"value": 1
			},
			"minecraft:health": {
				"value": {
					"range_min": 2,
					"range_max": 2
				}
			},
            "minecraft:rideable": {
                "priority": 0,
                "seat_count": 2,
                "crouching_skip_interact": true,
                "family_types": [
                    "player"
                ],
                "interact_text": "Sit",
                "seats": [
                    {
                        "position": [-0.6, 0.5, -0.1]
                    },
                    {
                        "position": [0.6, 0.5, -0.1]
                    }
                ]
            },
			"minecraft:navigation.walk": {
				"can_float": false
			},
			"minecraft:nameable": {},
            "minecraft:physics": {},
			"minecraft:fall_damage": {
				"value": 0
			},
            "minecraft:loot": {
              "table": "loot_tables/entities/kivik.json"
            },
			"minecraft:is_stackable": {},
			"minecraft:knockback_resistance": {
				"value": 1
			}
		},
		"minecraft:movement.basic": {}
	},
	"events": {}
}
