{
  "format_version": "1.10.0",
  "minecraft:client_entity": {
    "description": {
      "identifier": "custom:dragon",
      "materials": { "default": "rockets" },
      "textures": {
        "default": "textures/entities/rockets/dragon"
      },
      "geometry": {
        "default": "geometry.custom.dragon"
      },
      "render_controllers": [ "controller.render.rockets" ],
      "spawn_egg": {
        "texture": "crew_dragon_egg",
        "texture_index": 0
      }
    }
  }
}
